speciesCode,comName,sciName,locId,locName,obsDt,howMany,lat,lng,obsValid,obsReviewed,locationPrivate,subId,exoticCategory
cangoo,Canada Goose,Branta canadensis,L1025768,Franklin Delano Roosevelt (FDR) Park,2026-06-01 15:40:00,6.0,39.9027901,-75.1819754,True,False,False,S351160001,
mallar3,Mallard,Anas platyrhynchos,L1025768,Franklin Delano Roosevelt (FDR) Park,2026-06-01 15:40:00,1.0,39.9027901,-75.1819754,True,False,False,S351160001,
chiswi,Chimney Swift,Chaetura pelagica,L1025768,Franklin Delano Roosevelt (FDR) Park,2026-06-01 15:40:00,6.0,39.9027901,-75.1819754,True,False,False,S351160001,
doccor,Double-crested Cormorant,Nannopterum auritum,L1025768,Franklin Delano Roosevelt (FDR) Park,2026-06-01 15:40:00,1.0,39.9027901,-75.1819754,True,False,False,S351160001,
turvul,Turkey Vulture,Cathartes aura,L1025768,Franklin Delano Roosevelt (FDR) Park,2026-06-01 15:40:00,2.0,39.9027901,-75.1819754,True,False,False,S351160001,
osprey,Osprey,Pandion haliaetus,L1025768,Franklin Delano Roosevelt (FDR) Park,2026-06-01 15:40:00,2.0,39.9027901,-75.1819754,True,False,False,S351160001,
rethaw,Red-tailed Hawk,Buteo jamaicensis,L1025768,Franklin Delano Roosevelt (FDR) Park,2026-06-01 15:40:00,1.0,39.9027901,-75.1819754,True,False,False,S351160001,
norfli,Northern Flicker,Colaptes auratus,L1025768,Franklin Delano Roosevelt (FDR) Park,2026-06-01 15:40:00,1.0,39.9027901,-75.1819754,True,False,False,S351160001,
eawpew,Eastern Wood-Pewee,Contopus virens,L1025768,Franklin Delano Roosevelt (FDR) Park,2026-06-01 15:40:00,1.0,39.9027901,-75.1819754,True,False,False,S351160001,
grcfly,Great Crested Flycatcher,Myiarchus crinitus,L1025768,Franklin Delano Roosevelt (FDR) Park,2026-06-01 15:40:00,1.0,39.9027901,-75.1819754,True,False,False,S351160001,
easkin,Eastern Kingbird,Tyrannus tyrannus,L1025768,Franklin Delano Roosevelt (FDR) Park,2026-06-01 15:40:00,1.0,39.9027901,-75.1819754,True,False,False,S351160001,
eawvir1,Eastern Warbling Vireo,Vireo gilvus,L1025768,Franklin Delano Roosevelt (FDR) Park,2026-06-01 15:40:00,2.0,39.9027901,-75.1819754,True,False,False,S351160001,
blujay,Blue Jay,Cyanocitta cristata,L1025768,Franklin Delano Roosevelt (FDR) Park,2026-06-01 15:40:00,2.0,39.9027901,-75.1819754,True,False,False,S351160001,
amecro,American Crow,Corvus brachyrhynchos,L1025768,Franklin Delano Roosevelt (FDR) Park,2026-06-01 15:40:00,2.0,39.9027901,-75.1819754,True,False,False,S351160001,
treswa,Tree Swallow,Tachycineta bicolor,L1025768,Franklin Delano Roosevelt (FDR) Park,2026-06-01 15:40:00,5.0,39.9027901,-75.1819754,True,False,False,S351160001,
nrwswa,Northern Rough-winged Swallow,Stelgidopteryx serripennis,L1025768,Franklin Delano Roosevelt (FDR) Park,2026-06-01 15:40:00,10.0,39.9027901,-75.1819754,True,False,False,S351160001,
buggna,Blue-gray Gnatcatcher,Polioptila caerulea,L1025768,Franklin Delano Roosevelt (FDR) Park,2026-06-01 15:40:00,2.0,39.9027901,-75.1819754,True,False,False,S351160001,
houwre,Northern House Wren,Troglodytes aedon,L1025768,Franklin Delano Roosevelt (FDR) Park,2026-06-01 15:40:00,1.0,39.9027901,-75.1819754,True,False,False,S351160001,
eursta,European Starling,Sturnus vulgaris,L1025768,Franklin Delano Roosevelt (FDR) Park,2026-06-01 15:40:00,2.0,39.9027901,-75.1819754,True,False,False,S351160001,N
grycat,Gray Catbird,Dumetella carolinensis,L1025768,Franklin Delano Roosevelt (FDR) Park,2026-06-01 15:40:00,4.0,39.9027901,-75.1819754,True,False,False,S351160001,
amerob,American Robin,Turdus migratorius,L1025768,Franklin Delano Roosevelt (FDR) Park,2026-06-01 15:40:00,8.0,39.9027901,-75.1819754,True,False,False,S351160001,
cedwax,Cedar Waxwing,Bombycilla cedrorum,L1025768,Franklin Delano Roosevelt (FDR) Park,2026-06-01 15:40:00,2.0,39.9027901,-75.1819754,True,False,False,S351160001,
houfin,House Finch,Haemorhous mexicanus,L1025768,Franklin Delano Roosevelt (FDR) Park,2026-06-01 15:40:00,1.0,39.9027901,-75.1819754,True,False,False,S351160001,N
amegfi,American Goldfinch,Spinus tristis,L1025768,Franklin Delano Roosevelt (FDR) Park,2026-06-01 15:40:00,5.0,39.9027901,-75.1819754,True,False,False,S351160001,
sonspa,Song Sparrow,Melospiza melodia,L1025768,Franklin Delano Roosevelt (FDR) Park,2026-06-01 15:40:00,1.0,39.9027901,-75.1819754,True,False,False,S351160001,
balori,Baltimore Oriole,Icterus galbula,L1025768,Franklin Delano Roosevelt (FDR) Park,2026-06-01 15:40:00,1.0,39.9027901,-75.1819754,True,False,False,S351160001,
rewbla,Red-winged Blackbird,Agelaius phoeniceus,L1025768,Franklin Delano Roosevelt (FDR) Park,2026-06-01 15:40:00,1.0,39.9027901,-75.1819754,True,False,False,S351160001,
bnhcow,Brown-headed Cowbird,Molothrus ater,L1025768,Franklin Delano Roosevelt (FDR) Park,2026-06-01 15:40:00,4.0,39.9027901,-75.1819754,True,False,False,S351160001,
comgra,Common Grackle,Quiscalus quiscula,L1025768,Franklin Delano Roosevelt (FDR) Park,2026-06-01 15:40:00,1.0,39.9027901,-75.1819754,True,False,False,S351160001,
comyel,Common Yellowthroat,Geothlypis trichas,L1025768,Franklin Delano Roosevelt (FDR) Park,2026-06-01 15:40:00,1.0,39.9027901,-75.1819754,True,False,False,S351160001,
yelwar1,Northern Yellow Warbler,Setophaga aestiva,L1025768,Franklin Delano Roosevelt (FDR) Park,2026-06-01 15:40:00,1.0,39.9027901,-75.1819754,True,False,False,S351160001,
norcar,Northern Cardinal,Cardinalis cardinalis,L1025768,Franklin Delano Roosevelt (FDR) Park,2026-06-01 15:40:00,1.0,39.9027901,-75.1819754,True,False,False,S351160001,
moudov,Mourning Dove,Zenaida macroura,L1025768,Franklin Delano Roosevelt (FDR) Park,2026-06-02 17:35:00,4.0,39.9027901,-75.1819754,True,False,False,S351572608,
osprey,Osprey,Pandion haliaetus,L1025768,Franklin Delano Roosevelt (FDR) Park,2026-06-02 17:35:00,2.0,39.9027901,-75.1819754,True,False,False,S351572608,
rebwoo,Red-bellied Woodpecker,Melanerpes carolinus,L1025768,Franklin Delano Roosevelt (FDR) Park,2026-06-02 17:35:00,1.0,39.9027901,-75.1819754,True,False,False,S351572608,
dowwoo,Downy Woodpecker,Dryobates pubescens,L1025768,Franklin Delano Roosevelt (FDR) Park,2026-06-02 17:35:00,1.0,39.9027901,-75.1819754,True,False,False,S351572608,
norfli,Northern Flicker,Colaptes auratus,L1025768,Franklin Delano Roosevelt (FDR) Park,2026-06-02 17:35:00,1.0,39.9027901,-75.1819754,True,False,False,S351572608,
eawpew,Eastern Wood-Pewee,Contopus virens,L1025768,Franklin Delano Roosevelt (FDR) Park,2026-06-02 17:35:00,1.0,39.9027901,-75.1819754,True,False,False,S351572608,
easkin,Eastern Kingbird,Tyrannus tyrannus,L1025768,Franklin Delano Roosevelt (FDR) Park,2026-06-02 17:35:00,2.0,39.9027901,-75.1819754,True,False,False,S351572608,
eawvir1,Eastern Warbling Vireo,Vireo gilvus,L1025768,Franklin Delano Roosevelt (FDR) Park,2026-06-02 17:35:00,4.0,39.9027901,-75.1819754,True,False,False,S351572608,
blujay,Blue Jay,Cyanocitta cristata,L1025768,Franklin Delano Roosevelt (FDR) Park,2026-06-02 17:35:00,3.0,39.9027901,-75.1819754,True,False,False,S351572608,
amecro,American Crow,Corvus brachyrhynchos,L1025768,Franklin Delano Roosevelt (FDR) Park,2026-06-02 17:35:00,3.0,39.9027901,-75.1819754,True,False,False,S351572608,
treswa,Tree Swallow,Tachycineta bicolor,L1025768,Franklin Delano Roosevelt (FDR) Park,2026-06-02 17:35:00,,39.9027901,-75.1819754,True,False,False,S351572608,
nrwswa,Northern Rough-winged Swallow,Stelgidopteryx serripennis,L1025768,Franklin Delano Roosevelt (FDR) Park,2026-06-02 17:35:00,4.0,39.9027901,-75.1819754,True,False,False,S351572608,
buggna,Blue-gray Gnatcatcher,Polioptila caerulea,L1025768,Franklin Delano Roosevelt (FDR) Park,2026-06-02 17:35:00,3.0,39.9027901,-75.1819754,True,False,False,S351572608,
grycat,Gray Catbird,Dumetella carolinensis,L1025768,Franklin Delano Roosevelt (FDR) Park,2026-06-02 17:35:00,7.0,39.9027901,-75.1819754,True,False,False,S351572608,
amerob,American Robin,Turdus migratorius,L1025768,Franklin Delano Roosevelt (FDR) Park,2026-06-02 17:35:00,,39.9027901,-75.1819754,True,False,False,S351572608,
cedwax,Cedar Waxwing,Bombycilla cedrorum,L1025768,Franklin Delano Roosevelt (FDR) Park,2026-06-02 17:35:00,32.0,39.9027901,-75.1819754,True,False,False,S351572608,
houspa,House Sparrow,Passer domesticus,L1025768,Franklin Delano Roosevelt (FDR) Park,2026-06-02 17:35:00,1.0,39.9027901,-75.1819754,True,False,False,S351572608,N
houfin,House Finch,Haemorhous mexicanus,L1025768,Franklin Delano Roosevelt (FDR) Park,2026-06-02 17:35:00,2.0,39.9027901,-75.1819754,True,False,False,S351572608,N
amegfi,American Goldfinch,Spinus tristis,L1025768,Franklin Delano Roosevelt (FDR) Park,2026-06-02 17:35:00,2.0,39.9027901,-75.1819754,True,False,False,S351572608,
chispa,Chipping Sparrow,Spizella passerina,L1025768,Franklin Delano Roosevelt (FDR) Park,2026-06-02 17:35:00,1.0,39.9027901,-75.1819754,True,False,False,S351572608,
sonspa,Song Sparrow,Melospiza melodia,L1025768,Franklin Delano Roosevelt (FDR) Park,2026-06-02 17:35:00,3.0,39.9027901,-75.1819754,True,False,False,S351572608,
balori,Baltimore Oriole,Icterus galbula,L1025768,Franklin Delano Roosevelt (FDR) Park,2026-06-02 17:35:00,3.0,39.9027901,-75.1819754,True,False,False,S351572608,
rewbla,Red-winged Blackbird,Agelaius phoeniceus,L1025768,Franklin Delano Roosevelt (FDR) Park,2026-06-02 17:35:00,,39.9027901,-75.1819754,True,False,False,S351572608,
comgra,Common Grackle,Quiscalus quiscula,L1025768,Franklin Delano Roosevelt (FDR) Park,2026-06-02 17:35:00,5.0,39.9027901,-75.1819754,True,False,False,S351572608,
yelwar1,Northern Yellow Warbler,Setophaga aestiva,L1025768,Franklin Delano Roosevelt (FDR) Park,2026-06-02 17:35:00,2.0,39.9027901,-75.1819754,True,False,False,S351572608,
mallar3,Mallard,Anas platyrhynchos,L1025768,Franklin Delano Roosevelt (FDR) Park,2026-06-05 08:21:00,1.0,39.9027901,-75.1819754,True,False,False,S352722929,
moudov,Mourning Dove,Zenaida macroura,L1025768,Franklin Delano Roosevelt (FDR) Park,2026-06-05 08:21:00,1.0,39.9027901,-75.1819754,True,False,False,S352722929,
rebwoo,Red-bellied Woodpecker,Melanerpes carolinus,L1025768,Franklin Delano Roosevelt (FDR) Park,2026-06-05 08:21:00,1.0,39.9027901,-75.1819754,True,False,False,S352722929,
eawpew,Eastern Wood-Pewee,Contopus virens,L1025768,Franklin Delano Roosevelt (FDR) Park,2026-06-05 08:21:00,1.0,39.9027901,-75.1819754,True,False,False,S352722929,
grcfly,Great Crested Flycatcher,Myiarchus crinitus,L1025768,Franklin Delano Roosevelt (FDR) Park,2026-06-05 08:21:00,3.0,39.9027901,-75.1819754,True,False,False,S352722929,
easkin,Eastern Kingbird,Tyrannus tyrannus,L1025768,Franklin Delano Roosevelt (FDR) Park,2026-06-05 08:21:00,1.0,39.9027901,-75.1819754,True,False,False,S352722929,
eawvir1,Eastern Warbling Vireo,Vireo gilvus,L1025768,Franklin Delano Roosevelt (FDR) Park,2026-06-05 08:21:00,1.0,39.9027901,-75.1819754,True,False,False,S352722929,
treswa,Tree Swallow,Tachycineta bicolor,L1025768,Franklin Delano Roosevelt (FDR) Park,2026-06-05 08:21:00,2.0,39.9027901,-75.1819754,True,False,False,S352722929,
nrwswa,Northern Rough-winged Swallow,Stelgidopteryx serripennis,L1025768,Franklin Delano Roosevelt (FDR) Park,2026-06-05 08:21:00,10.0,39.9027901,-75.1819754,True,False,False,S352722929,
eursta,European Starling,Sturnus vulgaris,L1025768,Franklin Delano Roosevelt (FDR) Park,2026-06-05 08:21:00,1.0,39.9027901,-75.1819754,True,False,False,S352722929,N
grycat,Gray Catbird,Dumetella carolinensis,L1025768,Franklin Delano Roosevelt (FDR) Park,2026-06-05 08:21:00,10.0,39.9027901,-75.1819754,True,False,False,S352722929,
amerob,American Robin,Turdus migratorius,L1025768,Franklin Delano Roosevelt (FDR) Park,2026-06-05 08:21:00,40.0,39.9027901,-75.1819754,True,False,False,S352722929,
cedwax,Cedar Waxwing,Bombycilla cedrorum,L1025768,Franklin Delano Roosevelt (FDR) Park,2026-06-05 08:21:00,3.0,39.9027901,-75.1819754,True,False,False,S352722929,
houspa,House Sparrow,Passer domesticus,L1025768,Franklin Delano Roosevelt (FDR) Park,2026-06-05 08:21:00,1.0,39.9027901,-75.1819754,True,False,False,S352722929,N
houfin,House Finch,Haemorhous mexicanus,L1025768,Franklin Delano Roosevelt (FDR) Park,2026-06-05 08:21:00,3.0,39.9027901,-75.1819754,True,False,False,S352722929,N
sonspa,Song Sparrow,Melospiza melodia,L1025768,Franklin Delano Roosevelt (FDR) Park,2026-06-05 08:21:00,2.0,39.9027901,-75.1819754,True,False,False,S352722929,
balori,Baltimore Oriole,Icterus galbula,L1025768,Franklin Delano Roosevelt (FDR) Park,2026-06-05 08:21:00,3.0,39.9027901,-75.1819754,True,False,False,S352722929,
rewbla,Red-winged Blackbird,Agelaius phoeniceus,L1025768,Franklin Delano Roosevelt (FDR) Park,2026-06-05 08:21:00,40.0,39.9027901,-75.1819754,True,False,False,S352722929,
bnhcow,Brown-headed Cowbird,Molothrus ater,L1025768,Franklin Delano Roosevelt (FDR) Park,2026-06-05 08:21:00,5.0,39.9027901,-75.1819754,True,False,False,S352722929,
comyel,Common Yellowthroat,Geothlypis trichas,L1025768,Franklin Delano Roosevelt (FDR) Park,2026-06-05 08:21:00,2.0,39.9027901,-75.1819754,True,False,False,S352722929,
norcar,Northern Cardinal,Cardinalis cardinalis,L1025768,Franklin Delano Roosevelt (FDR) Park,2026-06-05 08:21:00,3.0,39.9027901,-75.1819754,True,False,False,S352722929,
indbun,Indigo Bunting,Passerina cyanea,L1025768,Franklin Delano Roosevelt (FDR) Park,2026-06-05 08:21:00,1.0,39.9027901,-75.1819754,True,False,False,S352722929,
bbwduc,Black-bellied Whistling-Duck,Dendrocygna autumnalis,L1025768,Franklin Delano Roosevelt (FDR) Park,2026-06-06 17:41:00,1.0,39.9027901,-75.1819754,True,True,False,S353571705,
eawvir1,Eastern Warbling Vireo,Vireo gilvus,L1025768,Franklin Delano Roosevelt (FDR) Park,2026-06-06 17:41:00,1.0,39.9027901,-75.1819754,True,False,False,S353571705,
treswa,Tree Swallow,Tachycineta bicolor,L1025768,Franklin Delano Roosevelt (FDR) Park,2026-06-06 17:41:00,1.0,39.9027901,-75.1819754,True,False,False,S353571705,
nrwswa,Northern Rough-winged Swallow,Stelgidopteryx serripennis,L1025768,Franklin Delano Roosevelt (FDR) Park,2026-06-06 17:41:00,2.0,39.9027901,-75.1819754,True,False,False,S353571705,
buggna,Blue-gray Gnatcatcher,Polioptila caerulea,L1025768,Franklin Delano Roosevelt (FDR) Park,2026-06-06 17:41:00,1.0,39.9027901,-75.1819754,True,False,False,S353571705,
amerob,American Robin,Turdus migratorius,L1025768,Franklin Delano Roosevelt (FDR) Park,2026-06-06 17:41:00,3.0,39.9027901,-75.1819754,True,False,False,S353571705,
amegfi,American Goldfinch,Spinus tristis,L1025768,Franklin Delano Roosevelt (FDR) Park,2026-06-06 17:41:00,1.0,39.9027901,-75.1819754,True,False,False,S353571705,
balori,Baltimore Oriole,Icterus galbula,L1025768,Franklin Delano Roosevelt (FDR) Park,2026-06-06 17:41:00,2.0,39.9027901,-75.1819754,True,False,False,S353571705,
yelwar1,Northern Yellow Warbler,Setophaga aestiva,L1025768,Franklin Delano Roosevelt (FDR) Park,2026-06-06 17:41:00,1.0,39.9027901,-75.1819754,True,False,False,S353571705,
norcar,Northern Cardinal,Cardinalis cardinalis,L1025768,Franklin Delano Roosevelt (FDR) Park,2026-06-06 17:41:00,1.0,39.9027901,-75.1819754,True,False,False,S353571705,
mallar3,Mallard,Anas platyrhynchos,L1025768,Franklin Delano Roosevelt (FDR) Park,2026-06-06 17:40:00,5.0,39.9027901,-75.1819754,True,False,False,S354555898,
rewbla,Red-winged Blackbird,Agelaius phoeniceus,L1025768,Franklin Delano Roosevelt (FDR) Park,2026-06-06 17:40:00,3.0,39.9027901,-75.1819754,True,False,False,S354555898,
comgra,Common Grackle,Quiscalus quiscula,L1025768,Franklin Delano Roosevelt (FDR) Park,2026-06-06 17:40:00,1.0,39.9027901,-75.1819754,True,False,False,S354555898,
moudov,Mourning Dove,Zenaida macroura,L1025768,Franklin Delano Roosevelt (FDR) Park,2026-06-06 17:29:00,2.0,39.9027901,-75.1819754,True,False,False,S353582932,
osprey,Osprey,Pandion haliaetus,L1025768,Franklin Delano Roosevelt (FDR) Park,2026-06-06 17:29:00,1.0,39.9027901,-75.1819754,True,False,False,S353582932,
norfli,Northern Flicker,Colaptes auratus,L1025768,Franklin Delano Roosevelt (FDR) Park,2026-06-06 17:29:00,1.0,39.9027901,-75.1819754,True,False,False,S353582932,
grycat,Gray Catbird,Dumetella carolinensis,L1025768,Franklin Delano Roosevelt (FDR) Park,2026-06-06 17:29:00,4.0,39.9027901,-75.1819754,True,False,False,S353582932,
cedwax,Cedar Waxwing,Bombycilla cedrorum,L1025768,Franklin Delano Roosevelt (FDR) Park,2026-06-06 17:29:00,15.0,39.9027901,-75.1819754,True,False,False,S353582932,
bnhcow,Brown-headed Cowbird,Molothrus ater,L1025768,Franklin Delano Roosevelt (FDR) Park,2026-06-06 17:29:00,1.0,39.9027901,-75.1819754,True,False,False,S353582932,
comyel,Common Yellowthroat,Geothlypis trichas,L1025768,Franklin Delano Roosevelt (FDR) Park,2026-06-06 17:29:00,1.0,39.9027901,-75.1819754,True,False,False,S353582932,
rocpig,Rock Pigeon,Columba livia,L1025768,Franklin Delano Roosevelt (FDR) Park,2026-06-06 17:26:00,4.0,39.9027901,-75.1819754,True,False,False,S353627820,N
chiswi,Chimney Swift,Chaetura pelagica,L1025768,Franklin Delano Roosevelt (FDR) Park,2026-06-06 17:26:00,1.0,39.9027901,-75.1819754,True,False,False,S353627820,
dowwoo,Downy Woodpecker,Dryobates pubescens,L1025768,Franklin Delano Roosevelt (FDR) Park,2026-06-06 17:26:00,1.0,39.9027901,-75.1819754,True,False,False,S353627820,
grcfly,Great Crested Flycatcher,Myiarchus crinitus,L1025768,Franklin Delano Roosevelt (FDR) Park,2026-06-06 17:26:00,1.0,39.9027901,-75.1819754,True,False,False,S353627820,
easkin,Eastern Kingbird,Tyrannus tyrannus,L1025768,Franklin Delano Roosevelt (FDR) Park,2026-06-06 17:26:00,2.0,39.9027901,-75.1819754,True,False,False,S353627820,
reevir1,Red-eyed Vireo,Vireo olivaceus,L1025768,Franklin Delano Roosevelt (FDR) Park,2026-06-06 17:26:00,1.0,39.9027901,-75.1819754,True,False,False,S353627820,
amecro,American Crow,Corvus brachyrhynchos,L1025768,Franklin Delano Roosevelt (FDR) Park,2026-06-06 17:26:00,2.0,39.9027901,-75.1819754,True,False,False,S353627820,
fiscro,Fish Crow,Corvus ossifragus,L1025768,Franklin Delano Roosevelt (FDR) Park,2026-06-06 17:26:00,1.0,39.9027901,-75.1819754,True,False,False,S353627820,
tuftit,Tufted Titmouse,Baeolophus bicolor,L1025768,Franklin Delano Roosevelt (FDR) Park,2026-06-06 17:26:00,1.0,39.9027901,-75.1819754,True,False,False,S353627820,
eursta,European Starling,Sturnus vulgaris,L1025768,Franklin Delano Roosevelt (FDR) Park,2026-06-06 17:26:00,6.0,39.9027901,-75.1819754,True,False,False,S353627820,N
normoc,Northern Mockingbird,Mimus polyglottos,L1025768,Franklin Delano Roosevelt (FDR) Park,2026-06-06 17:26:00,1.0,39.9027901,-75.1819754,True,False,False,S353627820,
sonspa,Song Sparrow,Melospiza melodia,L1025768,Franklin Delano Roosevelt (FDR) Park,2026-06-06 17:26:00,2.0,39.9027901,-75.1819754,True,False,False,S353627820,
orcori,Orchard Oriole,Icterus spurius,L1025768,Franklin Delano Roosevelt (FDR) Park,2026-06-06 17:26:00,2.0,39.9027901,-75.1819754,True,False,False,S353627820,
turvul,Turkey Vulture,Cathartes aura,L1025768,Franklin Delano Roosevelt (FDR) Park,2026-06-06 17:19:00,1.0,39.9027901,-75.1819754,True,False,False,S353666194,
eawpew,Eastern Wood-Pewee,Contopus virens,L1025768,Franklin Delano Roosevelt (FDR) Park,2026-06-06 17:19:00,1.0,39.9027901,-75.1819754,True,False,False,S353666194,
rebwoo,Red-bellied Woodpecker,Melanerpes carolinus,L1025768,Franklin Delano Roosevelt (FDR) Park,2026-06-06 16:14:00,1.0,39.9027901,-75.1819754,True,False,False,S353680903,
houspa,House Sparrow,Passer domesticus,L1025768,Franklin Delano Roosevelt (FDR) Park,2026-06-06 16:14:00,1.0,39.9027901,-75.1819754,True,False,False,S353680903,N
chispa,Chipping Sparrow,Spizella passerina,L1025768,Franklin Delano Roosevelt (FDR) Park,2026-06-06 16:14:00,1.0,39.9027901,-75.1819754,True,False,False,S353680903,
doccor,Double-crested Cormorant,Nannopterum auritum,L1025768,Franklin Delano Roosevelt (FDR) Park,2026-06-06 15:14:00,1.0,39.9027901,-75.1819754,True,False,False,S353544644,
grbher3,Great Blue Heron,Ardea herodias,L1025768,Franklin Delano Roosevelt (FDR) Park,2026-06-06 15:14:00,1.0,39.9027901,-75.1819754,True,False,False,S353544644,
barswa,Barn Swallow,Hirundo rustica,L1025768,Franklin Delano Roosevelt (FDR) Park,2026-06-06 14:18:00,3.0,39.9027901,-75.1819754,True,False,False,S353472202,
houfin,House Finch,Haemorhous mexicanus,L1025768,Franklin Delano Roosevelt (FDR) Park,2026-06-06 13:41:00,1.0,39.9027901,-75.1819754,True,False,False,S353488646,N
amekes,American Kestrel,Falco sparverius,L1025768,Franklin Delano Roosevelt (FDR) Park,2026-06-06 10:45:00,1.0,39.9027901,-75.1819754,True,False,False,S353459712,
mallar3,Mallard,Anas platyrhynchos,L1025768,Franklin Delano Roosevelt (FDR) Park,2026-06-07 14:30:00,2.0,39.9027901,-75.1819754,True,False,False,S355375439,
doccor,Double-crested Cormorant,Nannopterum auritum,L1025768,Franklin Delano Roosevelt (FDR) Park,2026-06-07 14:30:00,,39.9027901,-75.1819754,True,False,False,S355375439,
amerob,American Robin,Turdus migratorius,L1025768,Franklin Delano Roosevelt (FDR) Park,2026-06-07 14:30:00,,39.9027901,-75.1819754,True,False,False,S355375439,
rewbla,Red-winged Blackbird,Agelaius phoeniceus,L1025768,Franklin Delano Roosevelt (FDR) Park,2026-06-07 14:30:00,,39.9027901,-75.1819754,True,False,False,S355375439,
bnhcow,Brown-headed Cowbird,Molothrus ater,L1025768,Franklin Delano Roosevelt (FDR) Park,2026-06-07 14:30:00,1.0,39.9027901,-75.1819754,True,False,False,S355375439,
eawvir1,Eastern Warbling Vireo,Vireo gilvus,L1025768,Franklin Delano Roosevelt (FDR) Park,2026-06-07 11:00:00,1.0,39.9027901,-75.1819754,True,False,False,S355098836,
treswa,Tree Swallow,Tachycineta bicolor,L1025768,Franklin Delano Roosevelt (FDR) Park,2026-06-07 11:00:00,5.0,39.9027901,-75.1819754,True,False,False,S355098836,
grycat,Gray Catbird,Dumetella carolinensis,L1025768,Franklin Delano Roosevelt (FDR) Park,2026-06-07 11:00:00,4.0,39.9027901,-75.1819754,True,False,False,S355098836,
houfin,House Finch,Haemorhous mexicanus,L1025768,Franklin Delano Roosevelt (FDR) Park,2026-06-07 11:00:00,4.0,39.9027901,-75.1819754,True,False,False,S355098836,N
orcori,Orchard Oriole,Icterus spurius,L1025768,Franklin Delano Roosevelt (FDR) Park,2026-06-07 11:00:00,1.0,39.9027901,-75.1819754,True,False,False,S355098836,
balori,Baltimore Oriole,Icterus galbula,L1025768,Franklin Delano Roosevelt (FDR) Park,2026-06-07 11:00:00,3.0,39.9027901,-75.1819754,True,False,False,S355098836,
comgra,Common Grackle,Quiscalus quiscula,L1025768,Franklin Delano Roosevelt (FDR) Park,2026-06-07 11:00:00,10.0,39.9027901,-75.1819754,True,False,False,S355098836,
comyel,Common Yellowthroat,Geothlypis trichas,L1025768,Franklin Delano Roosevelt (FDR) Park,2026-06-07 11:00:00,1.0,39.9027901,-75.1819754,True,False,False,S355098836,
cangoo,Canada Goose,Branta canadensis,L1025768,Franklin Delano Roosevelt (FDR) Park,2026-06-07 08:51:00,1.0,39.9027901,-75.1819754,True,False,False,S354182266,
moudov,Mourning Dove,Zenaida macroura,L1025768,Franklin Delano Roosevelt (FDR) Park,2026-06-07 08:51:00,4.0,39.9027901,-75.1819754,True,False,False,S354182266,
grbher3,Great Blue Heron,Ardea herodias,L1025768,Franklin Delano Roosevelt (FDR) Park,2026-06-07 08:51:00,1.0,39.9027901,-75.1819754,True,False,False,S354182266,
turvul,Turkey Vulture,Cathartes aura,L1025768,Franklin Delano Roosevelt (FDR) Park,2026-06-07 08:51:00,3.0,39.9027901,-75.1819754,True,False,False,S354182266,
baleag,Bald Eagle,Haliaeetus leucocephalus,L1025768,Franklin Delano Roosevelt (FDR) Park,2026-06-07 08:51:00,1.0,39.9027901,-75.1819754,True,False,False,S354182266,
dowwoo,Downy Woodpecker,Dryobates pubescens,L1025768,Franklin Delano Roosevelt (FDR) Park,2026-06-07 08:51:00,1.0,39.9027901,-75.1819754,True,False,False,S354182266,
grcfly,Great Crested Flycatcher,Myiarchus crinitus,L1025768,Franklin Delano Roosevelt (FDR) Park,2026-06-07 08:51:00,1.0,39.9027901,-75.1819754,True,False,False,S354182266,
eursta,European Starling,Sturnus vulgaris,L1025768,Franklin Delano Roosevelt (FDR) Park,2026-06-07 08:51:00,7.0,39.9027901,-75.1819754,True,False,False,S354182266,N
houspa,House Sparrow,Passer domesticus,L1025768,Franklin Delano Roosevelt (FDR) Park,2026-06-07 08:51:00,4.0,39.9027901,-75.1819754,True,False,False,S354182266,N
amegfi,American Goldfinch,Spinus tristis,L1025768,Franklin Delano Roosevelt (FDR) Park,2026-06-07 08:51:00,1.0,39.9027901,-75.1819754,True,False,False,S354182266,
sonspa,Song Sparrow,Melospiza melodia,L1025768,Franklin Delano Roosevelt (FDR) Park,2026-06-07 08:51:00,2.0,39.9027901,-75.1819754,True,False,False,S354182266,
norcar,Northern Cardinal,Cardinalis cardinalis,L1025768,Franklin Delano Roosevelt (FDR) Park,2026-06-07 08:51:00,2.0,39.9027901,-75.1819754,True,False,False,S354182266,
x00004,Mallard x American Black Duck (hybrid),Anas platyrhynchos x rubripes,L1025768,Franklin Delano Roosevelt (FDR) Park,2026-06-07 08:26:00,1.0,39.9027901,-75.1819754,True,False,False,S353945561,
easkin,Eastern Kingbird,Tyrannus tyrannus,L1025768,Franklin Delano Roosevelt (FDR) Park,2026-06-07 08:26:00,1.0,39.9027901,-75.1819754,True,False,False,S353945561,
nrwswa,Northern Rough-winged Swallow,Stelgidopteryx serripennis,L1025768,Franklin Delano Roosevelt (FDR) Park,2026-06-07 08:26:00,10.0,39.9027901,-75.1819754,True,False,False,S353945561,
cedwax,Cedar Waxwing,Bombycilla cedrorum,L1025768,Franklin Delano Roosevelt (FDR) Park,2026-06-07 08:26:00,1.0,39.9027901,-75.1819754,True,False,False,S353945561,
rocpig,Rock Pigeon,Columba livia,L1025768,Franklin Delano Roosevelt (FDR) Park,2026-06-07 08:21:00,1.0,39.9027901,-75.1819754,True,False,False,S354014115,N
chiswi,Chimney Swift,Chaetura pelagica,L1025768,Franklin Delano Roosevelt (FDR) Park,2026-06-07 08:21:00,3.0,39.9027901,-75.1819754,True,False,False,S354014115,
osprey,Osprey,Pandion haliaetus,L1025768,Franklin Delano Roosevelt (FDR) Park,2026-06-07 08:21:00,2.0,39.9027901,-75.1819754,True,False,False,S354014115,
rebwoo,Red-bellied Woodpecker,Melanerpes carolinus,L1025768,Franklin Delano Roosevelt (FDR) Park,2026-06-07 08:21:00,1.0,39.9027901,-75.1819754,True,False,False,S354014115,
amekes,American Kestrel,Falco sparverius,L1025768,Franklin Delano Roosevelt (FDR) Park,2026-06-07 08:21:00,1.0,39.9027901,-75.1819754,True,False,False,S354014115,
eawpew,Eastern Wood-Pewee,Contopus virens,L1025768,Franklin Delano Roosevelt (FDR) Park,2026-06-07 08:21:00,3.0,39.9027901,-75.1819754,True,False,False,S354014115,
amecro,American Crow,Corvus brachyrhynchos,L1025768,Franklin Delano Roosevelt (FDR) Park,2026-06-07 08:21:00,1.0,39.9027901,-75.1819754,True,False,False,S354014115,
buggna,Blue-gray Gnatcatcher,Polioptila caerulea,L1025768,Franklin Delano Roosevelt (FDR) Park,2026-06-07 08:21:00,1.0,39.9027901,-75.1819754,True,False,False,S354014115,
houwre,Northern House Wren,Troglodytes aedon,L1025768,Franklin Delano Roosevelt (FDR) Park,2026-06-07 08:21:00,2.0,39.9027901,-75.1819754,True,False,False,S354014115,
carwre,Carolina Wren,Thryothorus ludovicianus,L1025768,Franklin Delano Roosevelt (FDR) Park,2026-06-07 08:21:00,1.0,39.9027901,-75.1819754,True,False,False,S354014115,
normoc,Northern Mockingbird,Mimus polyglottos,L1025768,Franklin Delano Roosevelt (FDR) Park,2026-06-07 08:21:00,1.0,39.9027901,-75.1819754,True,False,False,S354014115,
woothr,Wood Thrush,Hylocichla mustelina,L1025768,Franklin Delano Roosevelt (FDR) Park,2026-06-07 08:21:00,1.0,39.9027901,-75.1819754,True,False,False,S354014115,
indbun,Indigo Bunting,Passerina cyanea,L1025768,Franklin Delano Roosevelt (FDR) Park,2026-06-07 08:21:00,1.0,39.9027901,-75.1819754,True,False,False,S354014115,
mallar3,Mallard,Anas platyrhynchos,L1025768,Franklin Delano Roosevelt (FDR) Park,2026-06-09 14:40:00,21.0,39.9027901,-75.1819754,True,False,False,S355166348,
moudov,Mourning Dove,Zenaida macroura,L1025768,Franklin Delano Roosevelt (FDR) Park,2026-06-09 14:40:00,2.0,39.9027901,-75.1819754,True,False,False,S355166348,
chiswi,Chimney Swift,Chaetura pelagica,L1025768,Franklin Delano Roosevelt (FDR) Park,2026-06-09 14:40:00,1.0,39.9027901,-75.1819754,True,False,False,S355166348,
rthhum,Ruby-throated Hummingbird,Archilochus colubris,L1025768,Franklin Delano Roosevelt (FDR) Park,2026-06-09 14:40:00,2.0,39.9027901,-75.1819754,True,False,False,S355166348,
doccor,Double-crested Cormorant,Nannopterum auritum,L1025768,Franklin Delano Roosevelt (FDR) Park,2026-06-09 14:40:00,2.0,39.9027901,-75.1819754,True,False,False,S355166348,
leabit,Least Bittern,Botaurus exilis,L1025768,Franklin Delano Roosevelt (FDR) Park,2026-06-09 14:40:00,1.0,39.9027901,-75.1819754,True,False,False,S355166348,
grbher3,Great Blue Heron,Ardea herodias,L1025768,Franklin Delano Roosevelt (FDR) Park,2026-06-09 14:40:00,1.0,39.9027901,-75.1819754,True,False,False,S355166348,
turvul,Turkey Vulture,Cathartes aura,L1025768,Franklin Delano Roosevelt (FDR) Park,2026-06-09 14:40:00,3.0,39.9027901,-75.1819754,True,False,False,S355166348,
amekes,American Kestrel,Falco sparverius,L1025768,Franklin Delano Roosevelt (FDR) Park,2026-06-09 14:40:00,1.0,39.9027901,-75.1819754,True,False,False,S355166348,
eawpew,Eastern Wood-Pewee,Contopus virens,L1025768,Franklin Delano Roosevelt (FDR) Park,2026-06-09 14:40:00,1.0,39.9027901,-75.1819754,True,False,False,S355166348,
easkin,Eastern Kingbird,Tyrannus tyrannus,L1025768,Franklin Delano Roosevelt (FDR) Park,2026-06-09 14:40:00,7.0,39.9027901,-75.1819754,True,False,False,S355166348,
treswa,Tree Swallow,Tachycineta bicolor,L1025768,Franklin Delano Roosevelt (FDR) Park,2026-06-09 14:40:00,32.0,39.9027901,-75.1819754,True,False,False,S355166348,
nrwswa,Northern Rough-winged Swallow,Stelgidopteryx serripennis,L1025768,Franklin Delano Roosevelt (FDR) Park,2026-06-09 14:40:00,5.0,39.9027901,-75.1819754,True,False,False,S355166348,
barswa,Barn Swallow,Hirundo rustica,L1025768,Franklin Delano Roosevelt (FDR) Park,2026-06-09 14:40:00,1.0,39.9027901,-75.1819754,True,False,False,S355166348,
buggna,Blue-gray Gnatcatcher,Polioptila caerulea,L1025768,Franklin Delano Roosevelt (FDR) Park,2026-06-09 14:40:00,1.0,39.9027901,-75.1819754,True,False,False,S355166348,
eursta,European Starling,Sturnus vulgaris,L1025768,Franklin Delano Roosevelt (FDR) Park,2026-06-09 14:40:00,5.0,39.9027901,-75.1819754,True,False,False,S355166348,N
grycat,Gray Catbird,Dumetella carolinensis,L1025768,Franklin Delano Roosevelt (FDR) Park,2026-06-09 14:40:00,7.0,39.9027901,-75.1819754,True,False,False,S355166348,
amerob,American Robin,Turdus migratorius,L1025768,Franklin Delano Roosevelt (FDR) Park,2026-06-09 14:40:00,50.0,39.9027901,-75.1819754,True,False,False,S355166348,
cedwax,Cedar Waxwing,Bombycilla cedrorum,L1025768,Franklin Delano Roosevelt (FDR) Park,2026-06-09 14:40:00,3.0,39.9027901,-75.1819754,True,False,False,S355166348,
houspa,House Sparrow,Passer domesticus,L1025768,Franklin Delano Roosevelt (FDR) Park,2026-06-09 14:40:00,14.0,39.9027901,-75.1819754,True,False,False,S355166348,N
amegfi,American Goldfinch,Spinus tristis,L1025768,Franklin Delano Roosevelt (FDR) Park,2026-06-09 14:40:00,1.0,39.9027901,-75.1819754,True,False,False,S355166348,
balori,Baltimore Oriole,Icterus galbula,L1025768,Franklin Delano Roosevelt (FDR) Park,2026-06-09 14:40:00,5.0,39.9027901,-75.1819754,True,False,False,S355166348,
rewbla,Red-winged Blackbird,Agelaius phoeniceus,L1025768,Franklin Delano Roosevelt (FDR) Park,2026-06-09 14:40:00,24.0,39.9027901,-75.1819754,True,False,False,S355166348,
bnhcow,Brown-headed Cowbird,Molothrus ater,L1025768,Franklin Delano Roosevelt (FDR) Park,2026-06-09 14:40:00,6.0,39.9027901,-75.1819754,True,False,False,S355166348,
comgra,Common Grackle,Quiscalus quiscula,L1025768,Franklin Delano Roosevelt (FDR) Park,2026-06-09 14:40:00,4.0,39.9027901,-75.1819754,True,False,False,S355166348,
norcar,Northern Cardinal,Cardinalis cardinalis,L1025768,Franklin Delano Roosevelt (FDR) Park,2026-06-09 14:40:00,3.0,39.9027901,-75.1819754,True,False,False,S355166348,
mallar3,Mallard,Anas platyrhynchos,L1025768,Franklin Delano Roosevelt (FDR) Park,2026-06-10 14:45:00,27.0,39.9027901,-75.1819754,True,False,False,S355545159,
moudov,Mourning Dove,Zenaida macroura,L1025768,Franklin Delano Roosevelt (FDR) Park,2026-06-10 14:45:00,1.0,39.9027901,-75.1819754,True,False,False,S355545159,
chiswi,Chimney Swift,Chaetura pelagica,L1025768,Franklin Delano Roosevelt (FDR) Park,2026-06-10 14:45:00,1.0,39.9027901,-75.1819754,True,False,False,S355545159,
laugul,Laughing Gull,Leucophaeus atricilla,L1025768,Franklin Delano Roosevelt (FDR) Park,2026-06-10 14:45:00,2.0,39.9027901,-75.1819754,True,False,False,S355545159,
doccor,Double-crested Cormorant,Nannopterum auritum,L1025768,Franklin Delano Roosevelt (FDR) Park,2026-06-10 14:45:00,1.0,39.9027901,-75.1819754,True,False,False,S355545159,
norfli,Northern Flicker,Colaptes auratus,L1025768,Franklin Delano Roosevelt (FDR) Park,2026-06-10 14:45:00,2.0,39.9027901,-75.1819754,True,False,False,S355545159,
eawpew,Eastern Wood-Pewee,Contopus virens,L1025768,Franklin Delano Roosevelt (FDR) Park,2026-06-10 14:45:00,2.0,39.9027901,-75.1819754,True,False,False,S355545159,
eawvir1,Eastern Warbling Vireo,Vireo gilvus,L1025768,Franklin Delano Roosevelt (FDR) Park,2026-06-10 14:45:00,3.0,39.9027901,-75.1819754,True,False,False,S355545159,
reevir1,Red-eyed Vireo,Vireo olivaceus,L1025768,Franklin Delano Roosevelt (FDR) Park,2026-06-10 14:45:00,1.0,39.9027901,-75.1819754,True,False,False,S355545159,
treswa,Tree Swallow,Tachycineta bicolor,L1025768,Franklin Delano Roosevelt (FDR) Park,2026-06-10 14:45:00,7.0,39.9027901,-75.1819754,True,False,False,S355545159,
nrwswa,Northern Rough-winged Swallow,Stelgidopteryx serripennis,L1025768,Franklin Delano Roosevelt (FDR) Park,2026-06-10 14:45:00,6.0,39.9027901,-75.1819754,True,False,False,S355545159,
buggna,Blue-gray Gnatcatcher,Polioptila caerulea,L1025768,Franklin Delano Roosevelt (FDR) Park,2026-06-10 14:45:00,1.0,39.9027901,-75.1819754,True,False,False,S355545159,
eursta,European Starling,Sturnus vulgaris,L1025768,Franklin Delano Roosevelt (FDR) Park,2026-06-10 14:45:00,5.0,39.9027901,-75.1819754,True,False,False,S355545159,N
grycat,Gray Catbird,Dumetella carolinensis,L1025768,Franklin Delano Roosevelt (FDR) Park,2026-06-10 14:45:00,10.0,39.9027901,-75.1819754,True,False,False,S355545159,
amerob,American Robin,Turdus migratorius,L1025768,Franklin Delano Roosevelt (FDR) Park,2026-06-10 14:45:00,30.0,39.9027901,-75.1819754,True,False,False,S355545159,
cedwax,Cedar Waxwing,Bombycilla cedrorum,L1025768,Franklin Delano Roosevelt (FDR) Park,2026-06-10 14:45:00,5.0,39.9027901,-75.1819754,True,False,False,S355545159,
houspa,House Sparrow,Passer domesticus,L1025768,Franklin Delano Roosevelt (FDR) Park,2026-06-10 14:45:00,4.0,39.9027901,-75.1819754,True,False,False,S355545159,N
houfin,House Finch,Haemorhous mexicanus,L1025768,Franklin Delano Roosevelt (FDR) Park,2026-06-10 14:45:00,2.0,39.9027901,-75.1819754,True,False,False,S355545159,N
orcori,Orchard Oriole,Icterus spurius,L1025768,Franklin Delano Roosevelt (FDR) Park,2026-06-10 14:45:00,1.0,39.9027901,-75.1819754,True,False,False,S355545159,
balori,Baltimore Oriole,Icterus galbula,L1025768,Franklin Delano Roosevelt (FDR) Park,2026-06-10 14:45:00,4.0,39.9027901,-75.1819754,True,False,False,S355545159,
rewbla,Red-winged Blackbird,Agelaius phoeniceus,L1025768,Franklin Delano Roosevelt (FDR) Park,2026-06-10 14:45:00,14.0,39.9027901,-75.1819754,True,False,False,S355545159,
bnhcow,Brown-headed Cowbird,Molothrus ater,L1025768,Franklin Delano Roosevelt (FDR) Park,2026-06-10 14:45:00,1.0,39.9027901,-75.1819754,True,False,False,S355545159,
comgra,Common Grackle,Quiscalus quiscula,L1025768,Franklin Delano Roosevelt (FDR) Park,2026-06-10 14:45:00,10.0,39.9027901,-75.1819754,True,False,False,S355545159,
norcar,Northern Cardinal,Cardinalis cardinalis,L1025768,Franklin Delano Roosevelt (FDR) Park,2026-06-10 14:45:00,2.0,39.9027901,-75.1819754,True,False,False,S355545159,
cangoo,Canada Goose,Branta canadensis,L1025768,Franklin Delano Roosevelt (FDR) Park,2026-06-10 10:37:00,4.0,39.9027901,-75.1819754,True,False,False,S355932535,
turvul,Turkey Vulture,Cathartes aura,L1025768,Franklin Delano Roosevelt (FDR) Park,2026-06-10 10:37:00,2.0,39.9027901,-75.1819754,True,False,False,S355932535,
osprey,Osprey,Pandion haliaetus,L1025768,Franklin Delano Roosevelt (FDR) Park,2026-06-10 10:37:00,1.0,39.9027901,-75.1819754,True,False,False,S355932535,
amegfi,American Goldfinch,Spinus tristis,L1025768,Franklin Delano Roosevelt (FDR) Park,2026-06-10 10:37:00,1.0,39.9027901,-75.1819754,True,False,False,S355932535,
chispa,Chipping Sparrow,Spizella passerina,L1025768,Franklin Delano Roosevelt (FDR) Park,2026-06-10 10:37:00,1.0,39.9027901,-75.1819754,True,False,False,S355932535,
sonspa,Song Sparrow,Melospiza melodia,L1025768,Franklin Delano Roosevelt (FDR) Park,2026-06-10 10:37:00,2.0,39.9027901,-75.1819754,True,False,False,S355932535,
yelwar1,Northern Yellow Warbler,Setophaga aestiva,L1025768,Franklin Delano Roosevelt (FDR) Park,2026-06-10 10:37:00,1.0,39.9027901,-75.1819754,True,False,False,S355932535,
rebwoo,Red-bellied Woodpecker,Melanerpes carolinus,L1025768,Franklin Delano Roosevelt (FDR) Park,2026-06-10 10:16:00,3.0,39.9027901,-75.1819754,True,False,False,S355427374,
dowwoo,Downy Woodpecker,Dryobates pubescens,L1025768,Franklin Delano Roosevelt (FDR) Park,2026-06-10 10:16:00,1.0,39.9027901,-75.1819754,True,False,False,S355427374,
grcfly,Great Crested Flycatcher,Myiarchus crinitus,L1025768,Franklin Delano Roosevelt (FDR) Park,2026-06-10 10:16:00,2.0,39.9027901,-75.1819754,True,False,False,S355427374,
easkin,Eastern Kingbird,Tyrannus tyrannus,L1025768,Franklin Delano Roosevelt (FDR) Park,2026-06-10 10:16:00,1.0,39.9027901,-75.1819754,True,False,False,S355427374,
blujay,Blue Jay,Cyanocitta cristata,L1025768,Franklin Delano Roosevelt (FDR) Park,2026-06-10 10:16:00,2.0,39.9027901,-75.1819754,True,False,False,S355427374,
carwre,Carolina Wren,Thryothorus ludovicianus,L1025768,Franklin Delano Roosevelt (FDR) Park,2026-06-10 10:16:00,1.0,39.9027901,-75.1819754,True,False,False,S355427374,
mallar3,Mallard,Anas platyrhynchos,L1025768,Franklin Delano Roosevelt (FDR) Park,2026-06-13 10:55:00,28.0,39.9027901,-75.1819754,True,False,False,S356845188,
moudov,Mourning Dove,Zenaida macroura,L1025768,Franklin Delano Roosevelt (FDR) Park,2026-06-13 10:55:00,1.0,39.9027901,-75.1819754,True,False,False,S356845188,
chiswi,Chimney Swift,Chaetura pelagica,L1025768,Franklin Delano Roosevelt (FDR) Park,2026-06-13 10:55:00,5.0,39.9027901,-75.1819754,True,False,False,S356845188,
blkvul,Black Vulture,Coragyps atratus,L1025768,Franklin Delano Roosevelt (FDR) Park,2026-06-13 10:55:00,2.0,39.9027901,-75.1819754,True,False,False,S356845188,
turvul,Turkey Vulture,Cathartes aura,L1025768,Franklin Delano Roosevelt (FDR) Park,2026-06-13 10:55:00,4.0,39.9027901,-75.1819754,True,False,False,S356845188,
osprey,Osprey,Pandion haliaetus,L1025768,Franklin Delano Roosevelt (FDR) Park,2026-06-13 10:55:00,2.0,39.9027901,-75.1819754,True,False,False,S356845188,
eawpew,Eastern Wood-Pewee,Contopus virens,L1025768,Franklin Delano Roosevelt (FDR) Park,2026-06-13 10:55:00,1.0,39.9027901,-75.1819754,True,False,False,S356845188,
easkin,Eastern Kingbird,Tyrannus tyrannus,L1025768,Franklin Delano Roosevelt (FDR) Park,2026-06-13 10:55:00,1.0,39.9027901,-75.1819754,True,False,False,S356845188,
treswa,Tree Swallow,Tachycineta bicolor,L1025768,Franklin Delano Roosevelt (FDR) Park,2026-06-13 10:55:00,19.0,39.9027901,-75.1819754,True,False,False,S356845188,
nrwswa,Northern Rough-winged Swallow,Stelgidopteryx serripennis,L1025768,Franklin Delano Roosevelt (FDR) Park,2026-06-13 10:55:00,3.0,39.9027901,-75.1819754,True,False,False,S356845188,
barswa,Barn Swallow,Hirundo rustica,L1025768,Franklin Delano Roosevelt (FDR) Park,2026-06-13 10:55:00,2.0,39.9027901,-75.1819754,True,False,False,S356845188,
eursta,European Starling,Sturnus vulgaris,L1025768,Franklin Delano Roosevelt (FDR) Park,2026-06-13 10:55:00,1.0,39.9027901,-75.1819754,True,False,False,S356845188,N
grycat,Gray Catbird,Dumetella carolinensis,L1025768,Franklin Delano Roosevelt (FDR) Park,2026-06-13 10:55:00,5.0,39.9027901,-75.1819754,True,False,False,S356845188,
amerob,American Robin,Turdus migratorius,L1025768,Franklin Delano Roosevelt (FDR) Park,2026-06-13 10:55:00,30.0,39.9027901,-75.1819754,True,False,False,S356845188,
houspa,House Sparrow,Passer domesticus,L1025768,Franklin Delano Roosevelt (FDR) Park,2026-06-13 10:55:00,4.0,39.9027901,-75.1819754,True,False,False,S356845188,N
houfin,House Finch,Haemorhous mexicanus,L1025768,Franklin Delano Roosevelt (FDR) Park,2026-06-13 10:55:00,3.0,39.9027901,-75.1819754,True,False,False,S356845188,N
amegfi,American Goldfinch,Spinus tristis,L1025768,Franklin Delano Roosevelt (FDR) Park,2026-06-13 10:55:00,2.0,39.9027901,-75.1819754,True,False,False,S356845188,
orcori,Orchard Oriole,Icterus spurius,L1025768,Franklin Delano Roosevelt (FDR) Park,2026-06-13 10:55:00,1.0,39.9027901,-75.1819754,True,False,False,S356845188,
balori,Baltimore Oriole,Icterus galbula,L1025768,Franklin Delano Roosevelt (FDR) Park,2026-06-13 10:55:00,3.0,39.9027901,-75.1819754,True,False,False,S356845188,
rewbla,Red-winged Blackbird,Agelaius phoeniceus,L1025768,Franklin Delano Roosevelt (FDR) Park,2026-06-13 10:55:00,14.0,39.9027901,-75.1819754,True,False,False,S356845188,
bnhcow,Brown-headed Cowbird,Molothrus ater,L1025768,Franklin Delano Roosevelt (FDR) Park,2026-06-13 10:55:00,3.0,39.9027901,-75.1819754,True,False,False,S356845188,
comgra,Common Grackle,Quiscalus quiscula,L1025768,Franklin Delano Roosevelt (FDR) Park,2026-06-13 10:55:00,5.0,39.9027901,-75.1819754,True,False,False,S356845188,
amered,American Redstart,Setophaga ruticilla,L1025768,Franklin Delano Roosevelt (FDR) Park,2026-06-13 10:55:00,1.0,39.9027901,-75.1819754,True,False,False,S356845188,
norcar,Northern Cardinal,Cardinalis cardinalis,L1025768,Franklin Delano Roosevelt (FDR) Park,2026-06-13 10:55:00,4.0,39.9027901,-75.1819754,True,False,False,S356845188,
doccor,Double-crested Cormorant,Nannopterum auritum,L1025768,Franklin Delano Roosevelt (FDR) Park,2026-06-13 06:56:00,1.0,39.9027901,-75.1819754,True,False,False,S356815173,
eawvir1,Eastern Warbling Vireo,Vireo gilvus,L1025768,Franklin Delano Roosevelt (FDR) Park,2026-06-13 06:56:00,3.0,39.9027901,-75.1819754,True,False,False,S356815173,
cedwax,Cedar Waxwing,Bombycilla cedrorum,L1025768,Franklin Delano Roosevelt (FDR) Park,2026-06-13 06:56:00,3.0,39.9027901,-75.1819754,True,False,False,S356815173,
mallar3,Mallard,Anas platyrhynchos,L1025768,Franklin Delano Roosevelt (FDR) Park,2026-06-16 19:35:00,4.0,39.9027901,-75.1819754,True,False,False,S358503467,
moudov,Mourning Dove,Zenaida macroura,L1025768,Franklin Delano Roosevelt (FDR) Park,2026-06-16 19:35:00,1.0,39.9027901,-75.1819754,True,False,False,S358503467,
easkin,Eastern Kingbird,Tyrannus tyrannus,L1025768,Franklin Delano Roosevelt (FDR) Park,2026-06-16 19:35:00,1.0,39.9027901,-75.1819754,True,False,False,S358503467,
nrwswa,Northern Rough-winged Swallow,Stelgidopteryx serripennis,L1025768,Franklin Delano Roosevelt (FDR) Park,2026-06-16 19:35:00,2.0,39.9027901,-75.1819754,True,False,False,S358503467,
grycat,Gray Catbird,Dumetella carolinensis,L1025768,Franklin Delano Roosevelt (FDR) Park,2026-06-16 19:35:00,2.0,39.9027901,-75.1819754,True,False,False,S358503467,
amerob,American Robin,Turdus migratorius,L1025768,Franklin Delano Roosevelt (FDR) Park,2026-06-16 19:35:00,10.0,39.9027901,-75.1819754,True,False,False,S358503467,
cedwax,Cedar Waxwing,Bombycilla cedrorum,L1025768,Franklin Delano Roosevelt (FDR) Park,2026-06-16 19:35:00,4.0,39.9027901,-75.1819754,True,False,False,S358503467,
houfin,House Finch,Haemorhous mexicanus,L1025768,Franklin Delano Roosevelt (FDR) Park,2026-06-16 19:35:00,1.0,39.9027901,-75.1819754,True,False,False,S358503467,N
orcori,Orchard Oriole,Icterus spurius,L1025768,Franklin Delano Roosevelt (FDR) Park,2026-06-16 19:35:00,1.0,39.9027901,-75.1819754,True,False,False,S358503467,
balori,Baltimore Oriole,Icterus galbula,L1025768,Franklin Delano Roosevelt (FDR) Park,2026-06-16 19:35:00,3.0,39.9027901,-75.1819754,True,False,False,S358503467,
rewbla,Red-winged Blackbird,Agelaius phoeniceus,L1025768,Franklin Delano Roosevelt (FDR) Park,2026-06-16 19:35:00,6.0,39.9027901,-75.1819754,True,False,False,S358503467,
chiswi,Chimney Swift,Chaetura pelagica,L1025768,Franklin Delano Roosevelt (FDR) Park,2026-06-16 18:38:00,4.0,39.9027901,-75.1819754,True,False,False,S358504932,
doccor,Double-crested Cormorant,Nannopterum auritum,L1025768,Franklin Delano Roosevelt (FDR) Park,2026-06-16 18:38:00,1.0,39.9027901,-75.1819754,True,False,False,S358504932,
dowwoo,Downy Woodpecker,Dryobates pubescens,L1025768,Franklin Delano Roosevelt (FDR) Park,2026-06-16 18:38:00,1.0,39.9027901,-75.1819754,True,False,False,S358504932,
norfli,Northern Flicker,Colaptes auratus,L1025768,Franklin Delano Roosevelt (FDR) Park,2026-06-16 18:38:00,1.0,39.9027901,-75.1819754,True,False,False,S358504932,
eawvir1,Eastern Warbling Vireo,Vireo gilvus,L1025768,Franklin Delano Roosevelt (FDR) Park,2026-06-16 18:38:00,6.0,39.9027901,-75.1819754,True,False,False,S358504932,
amecro,American Crow,Corvus brachyrhynchos,L1025768,Franklin Delano Roosevelt (FDR) Park,2026-06-16 18:38:00,1.0,39.9027901,-75.1819754,True,False,False,S358504932,
treswa,Tree Swallow,Tachycineta bicolor,L1025768,Franklin Delano Roosevelt (FDR) Park,2026-06-16 18:38:00,4.0,39.9027901,-75.1819754,True,False,False,S358504932,
barswa,Barn Swallow,Hirundo rustica,L1025768,Franklin Delano Roosevelt (FDR) Park,2026-06-16 18:38:00,2.0,39.9027901,-75.1819754,True,False,False,S358504932,
eursta,European Starling,Sturnus vulgaris,L1025768,Franklin Delano Roosevelt (FDR) Park,2026-06-16 18:38:00,2.0,39.9027901,-75.1819754,True,False,False,S358504932,N
houspa,House Sparrow,Passer domesticus,L1025768,Franklin Delano Roosevelt (FDR) Park,2026-06-16 18:38:00,6.0,39.9027901,-75.1819754,True,False,False,S358504932,N
bnhcow,Brown-headed Cowbird,Molothrus ater,L1025768,Franklin Delano Roosevelt (FDR) Park,2026-06-16 18:38:00,1.0,39.9027901,-75.1819754,True,False,False,S358504932,
comgra,Common Grackle,Quiscalus quiscula,L1025768,Franklin Delano Roosevelt (FDR) Park,2026-06-16 18:38:00,6.0,39.9027901,-75.1819754,True,False,False,S358504932,
norcar,Northern Cardinal,Cardinalis cardinalis,L1025768,Franklin Delano Roosevelt (FDR) Park,2026-06-16 18:38:00,2.0,39.9027901,-75.1819754,True,False,False,S358504932,
rebwoo,Red-bellied Woodpecker,Melanerpes carolinus,L1025768,Franklin Delano Roosevelt (FDR) Park,2026-06-16 17:52:00,2.0,39.9027901,-75.1819754,True,False,False,S358465744,
haiwoo,Hairy Woodpecker,Leuconotopicus villosus,L1025768,Franklin Delano Roosevelt (FDR) Park,2026-06-16 17:52:00,1.0,39.9027901,-75.1819754,True,False,False,S358465744,
eawpew,Eastern Wood-Pewee,Contopus virens,L1025768,Franklin Delano Roosevelt (FDR) Park,2026-06-16 17:52:00,1.0,39.9027901,-75.1819754,True,False,False,S358465744,
blujay,Blue Jay,Cyanocitta cristata,L1025768,Franklin Delano Roosevelt (FDR) Park,2026-06-16 17:52:00,1.0,39.9027901,-75.1819754,True,False,False,S358465744,
buggna,Blue-gray Gnatcatcher,Polioptila caerulea,L1025768,Franklin Delano Roosevelt (FDR) Park,2026-06-16 17:52:00,2.0,39.9027901,-75.1819754,True,False,False,S358465744,
carwre,Carolina Wren,Thryothorus ludovicianus,L1025768,Franklin Delano Roosevelt (FDR) Park,2026-06-16 17:52:00,3.0,39.9027901,-75.1819754,True,False,False,S358465744,
amegfi,American Goldfinch,Spinus tristis,L1025768,Franklin Delano Roosevelt (FDR) Park,2026-06-16 17:52:00,6.0,39.9027901,-75.1819754,True,False,False,S358465744,
turvul,Turkey Vulture,Cathartes aura,L1025768,Franklin Delano Roosevelt (FDR) Park,2026-06-16 15:39:00,1.0,39.9027901,-75.1819754,True,False,False,S358448355,
grcfly,Great Crested Flycatcher,Myiarchus crinitus,L1025768,Franklin Delano Roosevelt (FDR) Park,2026-06-16 15:39:00,1.0,39.9027901,-75.1819754,True,False,False,S358448355,
normoc,Northern Mockingbird,Mimus polyglottos,L1025768,Franklin Delano Roosevelt (FDR) Park,2026-06-16 15:39:00,1.0,39.9027901,-75.1819754,True,False,False,S358448355,
sonspa,Song Sparrow,Melospiza melodia,L1025768,Franklin Delano Roosevelt (FDR) Park,2026-06-16 15:39:00,1.0,39.9027901,-75.1819754,True,False,False,S358448355,
mallar3,Mallard,Anas platyrhynchos,L1025768,Franklin Delano Roosevelt (FDR) Park,2026-06-17 06:21:00,18.0,39.9027901,-75.1819754,True,False,False,S358750165,
moudov,Mourning Dove,Zenaida macroura,L1025768,Franklin Delano Roosevelt (FDR) Park,2026-06-17 06:21:00,8.0,39.9027901,-75.1819754,True,False,False,S358750165,
chiswi,Chimney Swift,Chaetura pelagica,L1025768,Franklin Delano Roosevelt (FDR) Park,2026-06-17 06:21:00,1.0,39.9027901,-75.1819754,True,False,False,S358750165,
doccor,Double-crested Cormorant,Nannopterum auritum,L1025768,Franklin Delano Roosevelt (FDR) Park,2026-06-17 06:21:00,2.0,39.9027901,-75.1819754,True,False,False,S358750165,
osprey,Osprey,Pandion haliaetus,L1025768,Franklin Delano Roosevelt (FDR) Park,2026-06-17 06:21:00,1.0,39.9027901,-75.1819754,True,False,False,S358750165,
norfli,Northern Flicker,Colaptes auratus,L1025768,Franklin Delano Roosevelt (FDR) Park,2026-06-17 06:21:00,3.0,39.9027901,-75.1819754,True,False,False,S358750165,
eawpew,Eastern Wood-Pewee,Contopus virens,L1025768,Franklin Delano Roosevelt (FDR) Park,2026-06-17 06:21:00,2.0,39.9027901,-75.1819754,True,False,False,S358750165,
easkin,Eastern Kingbird,Tyrannus tyrannus,L1025768,Franklin Delano Roosevelt (FDR) Park,2026-06-17 06:21:00,2.0,39.9027901,-75.1819754,True,False,False,S358750165,
eawvir1,Eastern Warbling Vireo,Vireo gilvus,L1025768,Franklin Delano Roosevelt (FDR) Park,2026-06-17 06:21:00,1.0,39.9027901,-75.1819754,True,False,False,S358750165,
blujay,Blue Jay,Cyanocitta cristata,L1025768,Franklin Delano Roosevelt (FDR) Park,2026-06-17 06:21:00,2.0,39.9027901,-75.1819754,True,False,False,S358750165,
treswa,Tree Swallow,Tachycineta bicolor,L1025768,Franklin Delano Roosevelt (FDR) Park,2026-06-17 06:21:00,15.0,39.9027901,-75.1819754,True,False,False,S358750165,
nrwswa,Northern Rough-winged Swallow,Stelgidopteryx serripennis,L1025768,Franklin Delano Roosevelt (FDR) Park,2026-06-17 06:21:00,9.0,39.9027901,-75.1819754,True,False,False,S358750165,
buggna,Blue-gray Gnatcatcher,Polioptila caerulea,L1025768,Franklin Delano Roosevelt (FDR) Park,2026-06-17 06:21:00,1.0,39.9027901,-75.1819754,True,False,False,S358750165,
eursta,European Starling,Sturnus vulgaris,L1025768,Franklin Delano Roosevelt (FDR) Park,2026-06-17 06:21:00,5.0,39.9027901,-75.1819754,True,False,False,S358750165,N
grycat,Gray Catbird,Dumetella carolinensis,L1025768,Franklin Delano Roosevelt (FDR) Park,2026-06-17 06:21:00,4.0,39.9027901,-75.1819754,True,False,False,S358750165,
amerob,American Robin,Turdus migratorius,L1025768,Franklin Delano Roosevelt (FDR) Park,2026-06-17 06:21:00,72.0,39.9027901,-75.1819754,True,False,False,S358750165,
cedwax,Cedar Waxwing,Bombycilla cedrorum,L1025768,Franklin Delano Roosevelt (FDR) Park,2026-06-17 06:21:00,3.0,39.9027901,-75.1819754,True,False,False,S358750165,
houspa,House Sparrow,Passer domesticus,L1025768,Franklin Delano Roosevelt (FDR) Park,2026-06-17 06:21:00,6.0,39.9027901,-75.1819754,True,False,False,S358750165,N
sonspa,Song Sparrow,Melospiza melodia,L1025768,Franklin Delano Roosevelt (FDR) Park,2026-06-17 06:21:00,1.0,39.9027901,-75.1819754,True,False,False,S358750165,
balori,Baltimore Oriole,Icterus galbula,L1025768,Franklin Delano Roosevelt (FDR) Park,2026-06-17 06:21:00,2.0,39.9027901,-75.1819754,True,False,False,S358750165,
rewbla,Red-winged Blackbird,Agelaius phoeniceus,L1025768,Franklin Delano Roosevelt (FDR) Park,2026-06-17 06:21:00,37.0,39.9027901,-75.1819754,True,False,False,S358750165,
bnhcow,Brown-headed Cowbird,Molothrus ater,L1025768,Franklin Delano Roosevelt (FDR) Park,2026-06-17 06:21:00,1.0,39.9027901,-75.1819754,True,False,False,S358750165,
comgra,Common Grackle,Quiscalus quiscula,L1025768,Franklin Delano Roosevelt (FDR) Park,2026-06-17 06:21:00,7.0,39.9027901,-75.1819754,True,False,False,S358750165,
norcar,Northern Cardinal,Cardinalis cardinalis,L1025768,Franklin Delano Roosevelt (FDR) Park,2026-06-17 06:21:00,3.0,39.9027901,-75.1819754,True,False,False,S358750165,
mallar3,Mallard,Anas platyrhynchos,L1025768,Franklin Delano Roosevelt (FDR) Park,2026-06-20 18:14:00,3.0,39.9027901,-75.1819754,True,False,False,S360558929,
doccor,Double-crested Cormorant,Nannopterum auritum,L1025768,Franklin Delano Roosevelt (FDR) Park,2026-06-20 18:14:00,1.0,39.9027901,-75.1819754,True,False,False,S360558929,
osprey,Osprey,Pandion haliaetus,L1025768,Franklin Delano Roosevelt (FDR) Park,2026-06-20 18:14:00,1.0,39.9027901,-75.1819754,True,False,False,S360558929,
norfli,Northern Flicker,Colaptes auratus,L1025768,Franklin Delano Roosevelt (FDR) Park,2026-06-20 18:14:00,1.0,39.9027901,-75.1819754,True,False,False,S360558929,
treswa,Tree Swallow,Tachycineta bicolor,L1025768,Franklin Delano Roosevelt (FDR) Park,2026-06-20 18:14:00,2.0,39.9027901,-75.1819754,True,False,False,S360558929,
grycat,Gray Catbird,Dumetella carolinensis,L1025768,Franklin Delano Roosevelt (FDR) Park,2026-06-20 18:14:00,1.0,39.9027901,-75.1819754,True,False,False,S360558929,
amerob,American Robin,Turdus migratorius,L1025768,Franklin Delano Roosevelt (FDR) Park,2026-06-20 18:14:00,4.0,39.9027901,-75.1819754,True,False,False,S360558929,
sonspa,Song Sparrow,Melospiza melodia,L1025768,Franklin Delano Roosevelt (FDR) Park,2026-06-20 18:14:00,1.0,39.9027901,-75.1819754,True,False,False,S360558929,
balori,Baltimore Oriole,Icterus galbula,L1025768,Franklin Delano Roosevelt (FDR) Park,2026-06-20 18:14:00,1.0,39.9027901,-75.1819754,True,False,False,S360558929,
rewbla,Red-winged Blackbird,Agelaius phoeniceus,L1025768,Franklin Delano Roosevelt (FDR) Park,2026-06-20 18:14:00,2.0,39.9027901,-75.1819754,True,False,False,S360558929,
comgra,Common Grackle,Quiscalus quiscula,L1025768,Franklin Delano Roosevelt (FDR) Park,2026-06-20 18:14:00,2.0,39.9027901,-75.1819754,True,False,False,S360558929,
norcar,Northern Cardinal,Cardinalis cardinalis,L1025768,Franklin Delano Roosevelt (FDR) Park,2026-06-20 18:14:00,1.0,39.9027901,-75.1819754,True,False,False,S360558929,
moudov,Mourning Dove,Zenaida macroura,L1025768,Franklin Delano Roosevelt (FDR) Park,2026-06-20 10:53:00,2.0,39.9027901,-75.1819754,True,False,False,S360372719,
chiswi,Chimney Swift,Chaetura pelagica,L1025768,Franklin Delano Roosevelt (FDR) Park,2026-06-20 10:53:00,2.0,39.9027901,-75.1819754,True,False,False,S360372719,
grbher3,Great Blue Heron,Ardea herodias,L1025768,Franklin Delano Roosevelt (FDR) Park,2026-06-20 10:53:00,1.0,39.9027901,-75.1819754,True,False,False,S360372719,
blkvul,Black Vulture,Coragyps atratus,L1025768,Franklin Delano Roosevelt (FDR) Park,2026-06-20 10:53:00,1.0,39.9027901,-75.1819754,True,False,False,S360372719,
turvul,Turkey Vulture,Cathartes aura,L1025768,Franklin Delano Roosevelt (FDR) Park,2026-06-20 10:53:00,1.0,39.9027901,-75.1819754,True,False,False,S360372719,
dowwoo,Downy Woodpecker,Dryobates pubescens,L1025768,Franklin Delano Roosevelt (FDR) Park,2026-06-20 10:53:00,1.0,39.9027901,-75.1819754,True,False,False,S360372719,
eawpew,Eastern Wood-Pewee,Contopus virens,L1025768,Franklin Delano Roosevelt (FDR) Park,2026-06-20 10:53:00,2.0,39.9027901,-75.1819754,True,False,False,S360372719,
easkin,Eastern Kingbird,Tyrannus tyrannus,L1025768,Franklin Delano Roosevelt (FDR) Park,2026-06-20 10:53:00,1.0,39.9027901,-75.1819754,True,False,False,S360372719,
nrwswa,Northern Rough-winged Swallow,Stelgidopteryx serripennis,L1025768,Franklin Delano Roosevelt (FDR) Park,2026-06-20 10:53:00,1.0,39.9027901,-75.1819754,True,False,False,S360372719,
barswa,Barn Swallow,Hirundo rustica,L1025768,Franklin Delano Roosevelt (FDR) Park,2026-06-20 10:53:00,1.0,39.9027901,-75.1819754,True,False,False,S360372719,
eursta,European Starling,Sturnus vulgaris,L1025768,Franklin Delano Roosevelt (FDR) Park,2026-06-20 10:53:00,1.0,39.9027901,-75.1819754,True,False,False,S360372719,N
cangoo,Canada Goose,Branta canadensis,L1025768,Franklin Delano Roosevelt (FDR) Park,2026-06-20 07:40:00,2.0,39.9027901,-75.1819754,True,False,False,S360184529,
rethaw,Red-tailed Hawk,Buteo jamaicensis,L1025768,Franklin Delano Roosevelt (FDR) Park,2026-06-20 07:40:00,1.0,39.9027901,-75.1819754,True,False,False,S360184529,
rebwoo,Red-bellied Woodpecker,Melanerpes carolinus,L1025768,Franklin Delano Roosevelt (FDR) Park,2026-06-20 07:40:00,1.0,39.9027901,-75.1819754,True,False,False,S360184529,
haiwoo,Hairy Woodpecker,Leuconotopicus villosus,L1025768,Franklin Delano Roosevelt (FDR) Park,2026-06-20 07:40:00,1.0,39.9027901,-75.1819754,True,False,False,S360184529,
wilfly,Willow Flycatcher,Empidonax traillii,L1025768,Franklin Delano Roosevelt (FDR) Park,2026-06-20 07:40:00,1.0,39.9027901,-75.1819754,True,False,False,S360184529,
eawvir1,Eastern Warbling Vireo,Vireo gilvus,L1025768,Franklin Delano Roosevelt (FDR) Park,2026-06-20 07:40:00,3.0,39.9027901,-75.1819754,True,False,False,S360184529,
reevir1,Red-eyed Vireo,Vireo olivaceus,L1025768,Franklin Delano Roosevelt (FDR) Park,2026-06-20 07:40:00,1.0,39.9027901,-75.1819754,True,False,False,S360184529,
blujay,Blue Jay,Cyanocitta cristata,L1025768,Franklin Delano Roosevelt (FDR) Park,2026-06-20 07:40:00,3.0,39.9027901,-75.1819754,True,False,False,S360184529,
buggna,Blue-gray Gnatcatcher,Polioptila caerulea,L1025768,Franklin Delano Roosevelt (FDR) Park,2026-06-20 07:40:00,2.0,39.9027901,-75.1819754,True,False,False,S360184529,
houwre,Northern House Wren,Troglodytes aedon,L1025768,Franklin Delano Roosevelt (FDR) Park,2026-06-20 07:40:00,3.0,39.9027901,-75.1819754,True,False,False,S360184529,
carwre,Carolina Wren,Thryothorus ludovicianus,L1025768,Franklin Delano Roosevelt (FDR) Park,2026-06-20 07:40:00,3.0,39.9027901,-75.1819754,True,False,False,S360184529,
cedwax,Cedar Waxwing,Bombycilla cedrorum,L1025768,Franklin Delano Roosevelt (FDR) Park,2026-06-20 07:40:00,9.0,39.9027901,-75.1819754,True,False,False,S360184529,
houspa,House Sparrow,Passer domesticus,L1025768,Franklin Delano Roosevelt (FDR) Park,2026-06-20 07:40:00,6.0,39.9027901,-75.1819754,True,False,False,S360184529,N
houfin,House Finch,Haemorhous mexicanus,L1025768,Franklin Delano Roosevelt (FDR) Park,2026-06-20 07:40:00,5.0,39.9027901,-75.1819754,True,False,False,S360184529,N
amegfi,American Goldfinch,Spinus tristis,L1025768,Franklin Delano Roosevelt (FDR) Park,2026-06-20 07:40:00,6.0,39.9027901,-75.1819754,True,False,False,S360184529,
orcori,Orchard Oriole,Icterus spurius,L1025768,Franklin Delano Roosevelt (FDR) Park,2026-06-20 07:40:00,3.0,39.9027901,-75.1819754,True,False,False,S360184529,
bnhcow,Brown-headed Cowbird,Molothrus ater,L1025768,Franklin Delano Roosevelt (FDR) Park,2026-06-20 07:40:00,6.0,39.9027901,-75.1819754,True,False,False,S360184529,
comyel,Common Yellowthroat,Geothlypis trichas,L1025768,Franklin Delano Roosevelt (FDR) Park,2026-06-20 07:40:00,4.0,39.9027901,-75.1819754,True,False,False,S360184529,
yelwar1,Northern Yellow Warbler,Setophaga aestiva,L1025768,Franklin Delano Roosevelt (FDR) Park,2026-06-20 07:40:00,3.0,39.9027901,-75.1819754,True,False,False,S360184529,
scatan,Scarlet Tanager,Piranga olivacea,L1025768,Franklin Delano Roosevelt (FDR) Park,2026-06-20 07:40:00,1.0,39.9027901,-75.1819754,True,False,False,S360184529,
indbun,Indigo Bunting,Passerina cyanea,L1025768,Franklin Delano Roosevelt (FDR) Park,2026-06-20 07:40:00,2.0,39.9027901,-75.1819754,True,False,False,S360184529,
cangoo,Canada Goose,Branta canadensis,L1025768,Franklin Delano Roosevelt (FDR) Park,2026-06-21 08:56:00,2.0,39.9027901,-75.1819754,True,False,False,S363152339,
mallar3,Mallard,Anas platyrhynchos,L1025768,Franklin Delano Roosevelt (FDR) Park,2026-06-21 08:56:00,6.0,39.9027901,-75.1819754,True,False,False,S363152339,
moudov,Mourning Dove,Zenaida macroura,L1025768,Franklin Delano Roosevelt (FDR) Park,2026-06-21 08:56:00,2.0,39.9027901,-75.1819754,True,False,False,S363152339,
rthhum,Ruby-throated Hummingbird,Archilochus colubris,L1025768,Franklin Delano Roosevelt (FDR) Park,2026-06-21 08:56:00,1.0,39.9027901,-75.1819754,True,False,False,S363152339,
laugul,Laughing Gull,Leucophaeus atricilla,L1025768,Franklin Delano Roosevelt (FDR) Park,2026-06-21 08:56:00,6.0,39.9027901,-75.1819754,True,False,False,S363152339,
doccor,Double-crested Cormorant,Nannopterum auritum,L1025768,Franklin Delano Roosevelt (FDR) Park,2026-06-21 08:56:00,1.0,39.9027901,-75.1819754,True,False,False,S363152339,
blkvul,Black Vulture,Coragyps atratus,L1025768,Franklin Delano Roosevelt (FDR) Park,2026-06-21 08:56:00,3.0,39.9027901,-75.1819754,True,False,False,S363152339,
osprey,Osprey,Pandion haliaetus,L1025768,Franklin Delano Roosevelt (FDR) Park,2026-06-21 08:56:00,1.0,39.9027901,-75.1819754,True,False,False,S363152339,
rebwoo,Red-bellied Woodpecker,Melanerpes carolinus,L1025768,Franklin Delano Roosevelt (FDR) Park,2026-06-21 08:56:00,1.0,39.9027901,-75.1819754,True,False,False,S363152339,
dowwoo,Downy Woodpecker,Dryobates pubescens,L1025768,Franklin Delano Roosevelt (FDR) Park,2026-06-21 08:56:00,2.0,39.9027901,-75.1819754,True,False,False,S363152339,
eawpew,Eastern Wood-Pewee,Contopus virens,L1025768,Franklin Delano Roosevelt (FDR) Park,2026-06-21 08:56:00,3.0,39.9027901,-75.1819754,True,False,False,S363152339,
wilfly,Willow Flycatcher,Empidonax traillii,L1025768,Franklin Delano Roosevelt (FDR) Park,2026-06-21 08:56:00,1.0,39.9027901,-75.1819754,True,False,False,S363152339,
easkin,Eastern Kingbird,Tyrannus tyrannus,L1025768,Franklin Delano Roosevelt (FDR) Park,2026-06-21 08:56:00,4.0,39.9027901,-75.1819754,True,False,False,S363152339,
eawvir1,Eastern Warbling Vireo,Vireo gilvus,L1025768,Franklin Delano Roosevelt (FDR) Park,2026-06-21 08:56:00,5.0,39.9027901,-75.1819754,True,False,False,S363152339,
reevir1,Red-eyed Vireo,Vireo olivaceus,L1025768,Franklin Delano Roosevelt (FDR) Park,2026-06-21 08:56:00,1.0,39.9027901,-75.1819754,True,False,False,S363152339,
blujay,Blue Jay,Cyanocitta cristata,L1025768,Franklin Delano Roosevelt (FDR) Park,2026-06-21 08:56:00,2.0,39.9027901,-75.1819754,True,False,False,S363152339,
treswa,Tree Swallow,Tachycineta bicolor,L1025768,Franklin Delano Roosevelt (FDR) Park,2026-06-21 08:56:00,2.0,39.9027901,-75.1819754,True,False,False,S363152339,
nrwswa,Northern Rough-winged Swallow,Stelgidopteryx serripennis,L1025768,Franklin Delano Roosevelt (FDR) Park,2026-06-21 08:56:00,17.0,39.9027901,-75.1819754,True,False,False,S363152339,
buggna,Blue-gray Gnatcatcher,Polioptila caerulea,L1025768,Franklin Delano Roosevelt (FDR) Park,2026-06-21 08:56:00,3.0,39.9027901,-75.1819754,True,False,False,S363152339,
carwre,Carolina Wren,Thryothorus ludovicianus,L1025768,Franklin Delano Roosevelt (FDR) Park,2026-06-21 08:56:00,1.0,39.9027901,-75.1819754,True,False,False,S363152339,
grycat,Gray Catbird,Dumetella carolinensis,L1025768,Franklin Delano Roosevelt (FDR) Park,2026-06-21 08:56:00,13.0,39.9027901,-75.1819754,True,False,False,S363152339,
normoc,Northern Mockingbird,Mimus polyglottos,L1025768,Franklin Delano Roosevelt (FDR) Park,2026-06-21 08:56:00,1.0,39.9027901,-75.1819754,True,False,False,S363152339,
amerob,American Robin,Turdus migratorius,L1025768,Franklin Delano Roosevelt (FDR) Park,2026-06-21 08:56:00,38.0,39.9027901,-75.1819754,True,False,False,S363152339,
cedwax,Cedar Waxwing,Bombycilla cedrorum,L1025768,Franklin Delano Roosevelt (FDR) Park,2026-06-21 08:56:00,7.0,39.9027901,-75.1819754,True,False,False,S363152339,
houspa,House Sparrow,Passer domesticus,L1025768,Franklin Delano Roosevelt (FDR) Park,2026-06-21 08:56:00,6.0,39.9027901,-75.1819754,True,False,False,S363152339,N
houfin,House Finch,Haemorhous mexicanus,L1025768,Franklin Delano Roosevelt (FDR) Park,2026-06-21 08:56:00,2.0,39.9027901,-75.1819754,True,False,False,S363152339,N
amegfi,American Goldfinch,Spinus tristis,L1025768,Franklin Delano Roosevelt (FDR) Park,2026-06-21 08:56:00,8.0,39.9027901,-75.1819754,True,False,False,S363152339,
chispa,Chipping Sparrow,Spizella passerina,L1025768,Franklin Delano Roosevelt (FDR) Park,2026-06-21 08:56:00,2.0,39.9027901,-75.1819754,True,False,False,S363152339,
sonspa,Song Sparrow,Melospiza melodia,L1025768,Franklin Delano Roosevelt (FDR) Park,2026-06-21 08:56:00,4.0,39.9027901,-75.1819754,True,False,False,S363152339,
balori,Baltimore Oriole,Icterus galbula,L1025768,Franklin Delano Roosevelt (FDR) Park,2026-06-21 08:56:00,4.0,39.9027901,-75.1819754,True,False,False,S363152339,
rewbla,Red-winged Blackbird,Agelaius phoeniceus,L1025768,Franklin Delano Roosevelt (FDR) Park,2026-06-21 08:56:00,14.0,39.9027901,-75.1819754,True,False,False,S363152339,
bnhcow,Brown-headed Cowbird,Molothrus ater,L1025768,Franklin Delano Roosevelt (FDR) Park,2026-06-21 08:56:00,18.0,39.9027901,-75.1819754,True,False,False,S363152339,
comgra,Common Grackle,Quiscalus quiscula,L1025768,Franklin Delano Roosevelt (FDR) Park,2026-06-21 08:56:00,7.0,39.9027901,-75.1819754,True,False,False,S363152339,
comyel,Common Yellowthroat,Geothlypis trichas,L1025768,Franklin Delano Roosevelt (FDR) Park,2026-06-21 08:56:00,3.0,39.9027901,-75.1819754,True,False,False,S363152339,
yelwar1,Northern Yellow Warbler,Setophaga aestiva,L1025768,Franklin Delano Roosevelt (FDR) Park,2026-06-21 08:56:00,2.0,39.9027901,-75.1819754,True,False,False,S363152339,
norcar,Northern Cardinal,Cardinalis cardinalis,L1025768,Franklin Delano Roosevelt (FDR) Park,2026-06-21 08:56:00,4.0,39.9027901,-75.1819754,True,False,False,S363152339,
indbun,Indigo Bunting,Passerina cyanea,L1025768,Franklin Delano Roosevelt (FDR) Park,2026-06-21 08:56:00,4.0,39.9027901,-75.1819754,True,False,False,S363152339,
mallar3,Mallard,Anas platyrhynchos,L1025768,Franklin Delano Roosevelt (FDR) Park,2026-06-22 07:52:00,7.0,39.9027901,-75.1819754,True,False,False,S361687288,
doccor,Double-crested Cormorant,Nannopterum auritum,L1025768,Franklin Delano Roosevelt (FDR) Park,2026-06-22 07:52:00,1.0,39.9027901,-75.1819754,True,False,False,S361687288,
grbher3,Great Blue Heron,Ardea herodias,L1025768,Franklin Delano Roosevelt (FDR) Park,2026-06-22 07:52:00,1.0,39.9027901,-75.1819754,True,False,False,S361687288,
osprey,Osprey,Pandion haliaetus,L1025768,Franklin Delano Roosevelt (FDR) Park,2026-06-22 07:52:00,1.0,39.9027901,-75.1819754,True,False,False,S361687288,
dowwoo,Downy Woodpecker,Dryobates pubescens,L1025768,Franklin Delano Roosevelt (FDR) Park,2026-06-22 07:52:00,1.0,39.9027901,-75.1819754,True,False,False,S361687288,
norfli,Northern Flicker,Colaptes auratus,L1025768,Franklin Delano Roosevelt (FDR) Park,2026-06-22 07:52:00,1.0,39.9027901,-75.1819754,True,False,False,S361687288,
eawpew,Eastern Wood-Pewee,Contopus virens,L1025768,Franklin Delano Roosevelt (FDR) Park,2026-06-22 07:52:00,1.0,39.9027901,-75.1819754,True,False,False,S361687288,
eawvir1,Eastern Warbling Vireo,Vireo gilvus,L1025768,Franklin Delano Roosevelt (FDR) Park,2026-06-22 07:52:00,3.0,39.9027901,-75.1819754,True,False,False,S361687288,
reevir1,Red-eyed Vireo,Vireo olivaceus,L1025768,Franklin Delano Roosevelt (FDR) Park,2026-06-22 07:52:00,1.0,39.9027901,-75.1819754,True,False,False,S361687288,
treswa,Tree Swallow,Tachycineta bicolor,L1025768,Franklin Delano Roosevelt (FDR) Park,2026-06-22 07:52:00,9.0,39.9027901,-75.1819754,True,False,False,S361687288,
nrwswa,Northern Rough-winged Swallow,Stelgidopteryx serripennis,L1025768,Franklin Delano Roosevelt (FDR) Park,2026-06-22 07:52:00,4.0,39.9027901,-75.1819754,True,False,False,S361687288,
eursta,European Starling,Sturnus vulgaris,L1025768,Franklin Delano Roosevelt (FDR) Park,2026-06-22 07:52:00,6.0,39.9027901,-75.1819754,True,False,False,S361687288,N
grycat,Gray Catbird,Dumetella carolinensis,L1025768,Franklin Delano Roosevelt (FDR) Park,2026-06-22 07:52:00,4.0,39.9027901,-75.1819754,True,False,False,S361687288,
amerob,American Robin,Turdus migratorius,L1025768,Franklin Delano Roosevelt (FDR) Park,2026-06-22 07:52:00,11.0,39.9027901,-75.1819754,True,False,False,S361687288,
cedwax,Cedar Waxwing,Bombycilla cedrorum,L1025768,Franklin Delano Roosevelt (FDR) Park,2026-06-22 07:52:00,5.0,39.9027901,-75.1819754,True,False,False,S361687288,
houspa,House Sparrow,Passer domesticus,L1025768,Franklin Delano Roosevelt (FDR) Park,2026-06-22 07:52:00,3.0,39.9027901,-75.1819754,True,False,False,S361687288,N
amegfi,American Goldfinch,Spinus tristis,L1025768,Franklin Delano Roosevelt (FDR) Park,2026-06-22 07:52:00,3.0,39.9027901,-75.1819754,True,False,False,S361687288,
sonspa,Song Sparrow,Melospiza melodia,L1025768,Franklin Delano Roosevelt (FDR) Park,2026-06-22 07:52:00,1.0,39.9027901,-75.1819754,True,False,False,S361687288,
orcori,Orchard Oriole,Icterus spurius,L1025768,Franklin Delano Roosevelt (FDR) Park,2026-06-22 07:52:00,1.0,39.9027901,-75.1819754,True,False,False,S361687288,
balori,Baltimore Oriole,Icterus galbula,L1025768,Franklin Delano Roosevelt (FDR) Park,2026-06-22 07:52:00,2.0,39.9027901,-75.1819754,True,False,False,S361687288,
rewbla,Red-winged Blackbird,Agelaius phoeniceus,L1025768,Franklin Delano Roosevelt (FDR) Park,2026-06-22 07:52:00,10.0,39.9027901,-75.1819754,True,False,False,S361687288,
comgra,Common Grackle,Quiscalus quiscula,L1025768,Franklin Delano Roosevelt (FDR) Park,2026-06-22 07:52:00,7.0,39.9027901,-75.1819754,True,False,False,S361687288,
norcar,Northern Cardinal,Cardinalis cardinalis,L1025768,Franklin Delano Roosevelt (FDR) Park,2026-06-22 07:52:00,1.0,39.9027901,-75.1819754,True,False,False,S361687288,
mallar3,Mallard,Anas platyrhynchos,L1025768,Franklin Delano Roosevelt (FDR) Park,2026-06-24 13:50:00,16.0,39.9027901,-75.1819754,True,False,False,S362765110,
moudov,Mourning Dove,Zenaida macroura,L1025768,Franklin Delano Roosevelt (FDR) Park,2026-06-24 13:50:00,2.0,39.9027901,-75.1819754,True,False,False,S362765110,
doccor,Double-crested Cormorant,Nannopterum auritum,L1025768,Franklin Delano Roosevelt (FDR) Park,2026-06-24 13:50:00,1.0,39.9027901,-75.1819754,True,False,False,S362765110,
osprey,Osprey,Pandion haliaetus,L1025768,Franklin Delano Roosevelt (FDR) Park,2026-06-24 13:50:00,1.0,39.9027901,-75.1819754,True,False,False,S362765110,
easkin,Eastern Kingbird,Tyrannus tyrannus,L1025768,Franklin Delano Roosevelt (FDR) Park,2026-06-24 13:50:00,1.0,39.9027901,-75.1819754,True,False,False,S362765110,
amerob,American Robin,Turdus migratorius,L1025768,Franklin Delano Roosevelt (FDR) Park,2026-06-24 13:50:00,12.0,39.9027901,-75.1819754,True,False,False,S362765110,
houspa,House Sparrow,Passer domesticus,L1025768,Franklin Delano Roosevelt (FDR) Park,2026-06-24 13:50:00,1.0,39.9027901,-75.1819754,True,False,False,S362765110,N
houfin,House Finch,Haemorhous mexicanus,L1025768,Franklin Delano Roosevelt (FDR) Park,2026-06-24 13:50:00,1.0,39.9027901,-75.1819754,True,False,False,S362765110,N
mallar3,Mallard,Anas platyrhynchos,L1025768,Franklin Delano Roosevelt (FDR) Park,2026-06-26 10:54:00,2.0,39.9027901,-75.1819754,True,False,False,S363653536,
chiswi,Chimney Swift,Chaetura pelagica,L1025768,Franklin Delano Roosevelt (FDR) Park,2026-06-26 10:54:00,5.0,39.9027901,-75.1819754,True,False,False,S363653536,
eawpew,Eastern Wood-Pewee,Contopus virens,L1025768,Franklin Delano Roosevelt (FDR) Park,2026-06-26 10:54:00,1.0,39.9027901,-75.1819754,True,False,False,S363653536,
amecro,American Crow,Corvus brachyrhynchos,L1025768,Franklin Delano Roosevelt (FDR) Park,2026-06-26 10:54:00,1.0,39.9027901,-75.1819754,True,False,False,S363653536,
buggna,Blue-gray Gnatcatcher,Polioptila caerulea,L1025768,Franklin Delano Roosevelt (FDR) Park,2026-06-26 10:54:00,1.0,39.9027901,-75.1819754,True,False,False,S363653536,
eursta,European Starling,Sturnus vulgaris,L1025768,Franklin Delano Roosevelt (FDR) Park,2026-06-26 10:54:00,2.0,39.9027901,-75.1819754,True,False,False,S363653536,N
grycat,Gray Catbird,Dumetella carolinensis,L1025768,Franklin Delano Roosevelt (FDR) Park,2026-06-26 10:54:00,2.0,39.9027901,-75.1819754,True,False,False,S363653536,
amerob,American Robin,Turdus migratorius,L1025768,Franklin Delano Roosevelt (FDR) Park,2026-06-26 10:54:00,20.0,39.9027901,-75.1819754,True,False,False,S363653536,
houspa,House Sparrow,Passer domesticus,L1025768,Franklin Delano Roosevelt (FDR) Park,2026-06-26 10:54:00,50.0,39.9027901,-75.1819754,True,False,False,S363653536,N
amegfi,American Goldfinch,Spinus tristis,L1025768,Franklin Delano Roosevelt (FDR) Park,2026-06-26 10:54:00,15.0,39.9027901,-75.1819754,True,False,False,S363653536,
chispa,Chipping Sparrow,Spizella passerina,L1025768,Franklin Delano Roosevelt (FDR) Park,2026-06-26 10:54:00,2.0,39.9027901,-75.1819754,True,False,False,S363653536,
rewbla,Red-winged Blackbird,Agelaius phoeniceus,L1025768,Franklin Delano Roosevelt (FDR) Park,2026-06-26 10:54:00,21.0,39.9027901,-75.1819754,True,False,False,S363653536,
comgra,Common Grackle,Quiscalus quiscula,L1025768,Franklin Delano Roosevelt (FDR) Park,2026-06-26 10:54:00,2.0,39.9027901,-75.1819754,True,False,False,S363653536,
norcar,Northern Cardinal,Cardinalis cardinalis,L1025768,Franklin Delano Roosevelt (FDR) Park,2026-06-26 10:54:00,1.0,39.9027901,-75.1819754,True,False,False,S363653536,
moudov,Mourning Dove,Zenaida macroura,L1025768,Franklin Delano Roosevelt (FDR) Park,2026-06-26 08:15:00,6.0,39.9027901,-75.1819754,True,False,False,S365092689,
laugul,Laughing Gull,Leucophaeus atricilla,L1025768,Franklin Delano Roosevelt (FDR) Park,2026-06-26 08:15:00,1.0,39.9027901,-75.1819754,True,False,False,S365092689,
doccor,Double-crested Cormorant,Nannopterum auritum,L1025768,Franklin Delano Roosevelt (FDR) Park,2026-06-26 08:15:00,2.0,39.9027901,-75.1819754,True,False,False,S365092689,
grbher3,Great Blue Heron,Ardea herodias,L1025768,Franklin Delano Roosevelt (FDR) Park,2026-06-26 08:15:00,1.0,39.9027901,-75.1819754,True,False,False,S365092689,
turvul,Turkey Vulture,Cathartes aura,L1025768,Franklin Delano Roosevelt (FDR) Park,2026-06-26 08:15:00,2.0,39.9027901,-75.1819754,True,False,False,S365092689,
rebwoo,Red-bellied Woodpecker,Melanerpes carolinus,L1025768,Franklin Delano Roosevelt (FDR) Park,2026-06-26 08:15:00,3.0,39.9027901,-75.1819754,True,False,False,S365092689,
dowwoo,Downy Woodpecker,Dryobates pubescens,L1025768,Franklin Delano Roosevelt (FDR) Park,2026-06-26 08:15:00,2.0,39.9027901,-75.1819754,True,False,False,S365092689,
norfli,Northern Flicker,Colaptes auratus,L1025768,Franklin Delano Roosevelt (FDR) Park,2026-06-26 08:15:00,3.0,39.9027901,-75.1819754,True,False,False,S365092689,
easkin,Eastern Kingbird,Tyrannus tyrannus,L1025768,Franklin Delano Roosevelt (FDR) Park,2026-06-26 08:15:00,4.0,39.9027901,-75.1819754,True,False,False,S365092689,
eawvir1,Eastern Warbling Vireo,Vireo gilvus,L1025768,Franklin Delano Roosevelt (FDR) Park,2026-06-26 08:15:00,7.0,39.9027901,-75.1819754,True,False,False,S365092689,
blujay,Blue Jay,Cyanocitta cristata,L1025768,Franklin Delano Roosevelt (FDR) Park,2026-06-26 08:15:00,2.0,39.9027901,-75.1819754,True,False,False,S365092689,
fiscro,Fish Crow,Corvus ossifragus,L1025768,Franklin Delano Roosevelt (FDR) Park,2026-06-26 08:15:00,1.0,39.9027901,-75.1819754,True,False,False,S365092689,
treswa,Tree Swallow,Tachycineta bicolor,L1025768,Franklin Delano Roosevelt (FDR) Park,2026-06-26 08:15:00,16.0,39.9027901,-75.1819754,True,False,False,S365092689,
nrwswa,Northern Rough-winged Swallow,Stelgidopteryx serripennis,L1025768,Franklin Delano Roosevelt (FDR) Park,2026-06-26 08:15:00,12.0,39.9027901,-75.1819754,True,False,False,S365092689,
carwre,Carolina Wren,Thryothorus ludovicianus,L1025768,Franklin Delano Roosevelt (FDR) Park,2026-06-26 08:15:00,2.0,39.9027901,-75.1819754,True,False,False,S365092689,
cedwax,Cedar Waxwing,Bombycilla cedrorum,L1025768,Franklin Delano Roosevelt (FDR) Park,2026-06-26 08:15:00,9.0,39.9027901,-75.1819754,True,False,False,S365092689,
houfin,House Finch,Haemorhous mexicanus,L1025768,Franklin Delano Roosevelt (FDR) Park,2026-06-26 08:15:00,4.0,39.9027901,-75.1819754,True,False,False,S365092689,N
sonspa,Song Sparrow,Melospiza melodia,L1025768,Franklin Delano Roosevelt (FDR) Park,2026-06-26 08:15:00,3.0,39.9027901,-75.1819754,True,False,False,S365092689,
orcori,Orchard Oriole,Icterus spurius,L1025768,Franklin Delano Roosevelt (FDR) Park,2026-06-26 08:15:00,2.0,39.9027901,-75.1819754,True,False,False,S365092689,
balori,Baltimore Oriole,Icterus galbula,L1025768,Franklin Delano Roosevelt (FDR) Park,2026-06-26 08:15:00,6.0,39.9027901,-75.1819754,True,False,False,S365092689,
bnhcow,Brown-headed Cowbird,Molothrus ater,L1025768,Franklin Delano Roosevelt (FDR) Park,2026-06-26 08:15:00,11.0,39.9027901,-75.1819754,True,False,False,S365092689,
comyel,Common Yellowthroat,Geothlypis trichas,L1025768,Franklin Delano Roosevelt (FDR) Park,2026-06-26 08:15:00,1.0,39.9027901,-75.1819754,True,False,False,S365092689,
mallar3,Mallard,Anas platyrhynchos,L1025768,Franklin Delano Roosevelt (FDR) Park,2026-06-28 09:46:00,3.0,39.9027901,-75.1819754,True,False,False,S365092771,
moudov,Mourning Dove,Zenaida macroura,L1025768,Franklin Delano Roosevelt (FDR) Park,2026-06-28 09:46:00,2.0,39.9027901,-75.1819754,True,False,False,S365092771,
chiswi,Chimney Swift,Chaetura pelagica,L1025768,Franklin Delano Roosevelt (FDR) Park,2026-06-28 09:46:00,4.0,39.9027901,-75.1819754,True,False,False,S365092771,
ribgul,Ring-billed Gull,Larus delawarensis,L1025768,Franklin Delano Roosevelt (FDR) Park,2026-06-28 09:46:00,2.0,39.9027901,-75.1819754,True,False,False,S365092771,
turvul,Turkey Vulture,Cathartes aura,L1025768,Franklin Delano Roosevelt (FDR) Park,2026-06-28 09:46:00,1.0,39.9027901,-75.1819754,True,False,False,S365092771,
dowwoo,Downy Woodpecker,Dryobates pubescens,L1025768,Franklin Delano Roosevelt (FDR) Park,2026-06-28 09:46:00,2.0,39.9027901,-75.1819754,True,False,False,S365092771,
norfli,Northern Flicker,Colaptes auratus,L1025768,Franklin Delano Roosevelt (FDR) Park,2026-06-28 09:46:00,2.0,39.9027901,-75.1819754,True,False,False,S365092771,
eawpew,Eastern Wood-Pewee,Contopus virens,L1025768,Franklin Delano Roosevelt (FDR) Park,2026-06-28 09:46:00,1.0,39.9027901,-75.1819754,True,False,False,S365092771,
grcfly,Great Crested Flycatcher,Myiarchus crinitus,L1025768,Franklin Delano Roosevelt (FDR) Park,2026-06-28 09:46:00,1.0,39.9027901,-75.1819754,True,False,False,S365092771,
easkin,Eastern Kingbird,Tyrannus tyrannus,L1025768,Franklin Delano Roosevelt (FDR) Park,2026-06-28 09:46:00,1.0,39.9027901,-75.1819754,True,False,False,S365092771,
treswa,Tree Swallow,Tachycineta bicolor,L1025768,Franklin Delano Roosevelt (FDR) Park,2026-06-28 09:46:00,8.0,39.9027901,-75.1819754,True,False,False,S365092771,
barswa,Barn Swallow,Hirundo rustica,L1025768,Franklin Delano Roosevelt (FDR) Park,2026-06-28 09:46:00,8.0,39.9027901,-75.1819754,True,False,False,S365092771,
cedwax,Cedar Waxwing,Bombycilla cedrorum,L1025768,Franklin Delano Roosevelt (FDR) Park,2026-06-28 09:46:00,3.0,39.9027901,-75.1819754,True,False,False,S365092771,
amegfi,American Goldfinch,Spinus tristis,L1025768,Franklin Delano Roosevelt (FDR) Park,2026-06-28 09:46:00,1.0,39.9027901,-75.1819754,True,False,False,S365092771,
chispa,Chipping Sparrow,Spizella passerina,L1025768,Franklin Delano Roosevelt (FDR) Park,2026-06-28 09:46:00,5.0,39.9027901,-75.1819754,True,False,False,S365092771,
sonspa,Song Sparrow,Melospiza melodia,L1025768,Franklin Delano Roosevelt (FDR) Park,2026-06-28 09:46:00,1.0,39.9027901,-75.1819754,True,False,False,S365092771,
balori,Baltimore Oriole,Icterus galbula,L1025768,Franklin Delano Roosevelt (FDR) Park,2026-06-28 09:46:00,4.0,39.9027901,-75.1819754,True,False,False,S365092771,
rewbla,Red-winged Blackbird,Agelaius phoeniceus,L1025768,Franklin Delano Roosevelt (FDR) Park,2026-06-28 09:46:00,11.0,39.9027901,-75.1819754,True,False,False,S365092771,
bnhcow,Brown-headed Cowbird,Molothrus ater,L1025768,Franklin Delano Roosevelt (FDR) Park,2026-06-28 09:46:00,2.0,39.9027901,-75.1819754,True,False,False,S365092771,
laugul,Laughing Gull,Leucophaeus atricilla,L1025768,Franklin Delano Roosevelt (FDR) Park,2026-06-28 09:10:00,2.0,39.9027901,-75.1819754,True,False,False,S364865421,
doccor,Double-crested Cormorant,Nannopterum auritum,L1025768,Franklin Delano Roosevelt (FDR) Park,2026-06-28 09:10:00,4.0,39.9027901,-75.1819754,True,False,False,S364865421,
rebwoo,Red-bellied Woodpecker,Melanerpes carolinus,L1025768,Franklin Delano Roosevelt (FDR) Park,2026-06-28 09:10:00,1.0,39.9027901,-75.1819754,True,False,False,S364865421,
eawvir1,Eastern Warbling Vireo,Vireo gilvus,L1025768,Franklin Delano Roosevelt (FDR) Park,2026-06-28 09:10:00,1.0,39.9027901,-75.1819754,True,False,False,S364865421,
eursta,European Starling,Sturnus vulgaris,L1025768,Franklin Delano Roosevelt (FDR) Park,2026-06-28 09:10:00,2.0,39.9027901,-75.1819754,True,False,False,S364865421,N
grycat,Gray Catbird,Dumetella carolinensis,L1025768,Franklin Delano Roosevelt (FDR) Park,2026-06-28 09:10:00,6.0,39.9027901,-75.1819754,True,False,False,S364865421,
amerob,American Robin,Turdus migratorius,L1025768,Franklin Delano Roosevelt (FDR) Park,2026-06-28 09:10:00,19.0,39.9027901,-75.1819754,True,False,False,S364865421,
houspa,House Sparrow,Passer domesticus,L1025768,Franklin Delano Roosevelt (FDR) Park,2026-06-28 09:10:00,8.0,39.9027901,-75.1819754,True,False,False,S364865421,N
comgra,Common Grackle,Quiscalus quiscula,L1025768,Franklin Delano Roosevelt (FDR) Park,2026-06-28 09:10:00,1.0,39.9027901,-75.1819754,True,False,False,S364865421,
norcar,Northern Cardinal,Cardinalis cardinalis,L1025768,Franklin Delano Roosevelt (FDR) Park,2026-06-28 09:10:00,1.0,39.9027901,-75.1819754,True,False,False,S364865421,
amecro,American Crow,Corvus brachyrhynchos,L1025768,Franklin Delano Roosevelt (FDR) Park,2026-06-28 09:07:00,1.0,39.9027901,-75.1819754,True,False,False,S364784697,
buggna,Blue-gray Gnatcatcher,Polioptila caerulea,L1025768,Franklin Delano Roosevelt (FDR) Park,2026-06-28 09:07:00,8.0,39.9027901,-75.1819754,True,False,False,S364784697,
houwre,Northern House Wren,Troglodytes aedon,L1025768,Franklin Delano Roosevelt (FDR) Park,2026-06-28 09:07:00,1.0,39.9027901,-75.1819754,True,False,False,S364784697,
houfin,House Finch,Haemorhous mexicanus,L1025768,Franklin Delano Roosevelt (FDR) Park,2026-06-28 09:07:00,3.0,39.9027901,-75.1819754,True,False,False,S364784697,N
comyel,Common Yellowthroat,Geothlypis trichas,L1025768,Franklin Delano Roosevelt (FDR) Park,2026-06-28 09:07:00,3.0,39.9027901,-75.1819754,True,False,False,S364784697,
doccor,Double-crested Cormorant,Nannopterum auritum,L1069194,Philadelphia Naval Yard (restricted access),2026-06-01 16:11:00,1.0,39.8876082,-75.1659143,True,False,False,S351010110,
treswa,Tree Swallow,Tachycineta bicolor,L1069194,Philadelphia Naval Yard (restricted access),2026-06-01 15:53:00,,39.8876082,-75.1659143,True,False,False,S351002627,
houfin,House Finch,Haemorhous mexicanus,L1069194,Philadelphia Naval Yard (restricted access),2026-06-01 15:53:00,1.0,39.8876082,-75.1659143,True,False,False,S351002627,N
rocpig,Rock Pigeon,Columba livia,L1069194,Philadelphia Naval Yard (restricted access),2026-06-01 15:33:00,2.0,39.8876082,-75.1659143,True,False,False,S350996399,N
osprey,Osprey,Pandion haliaetus,L1069194,Philadelphia Naval Yard (restricted access),2026-06-01 15:33:00,2.0,39.8876082,-75.1659143,True,False,False,S350996399,
eursta,European Starling,Sturnus vulgaris,L1069194,Philadelphia Naval Yard (restricted access),2026-06-01 15:33:00,1.0,39.8876082,-75.1659143,True,False,False,S350996399,N
normoc,Northern Mockingbird,Mimus polyglottos,L1069194,Philadelphia Naval Yard (restricted access),2026-06-01 15:33:00,1.0,39.8876082,-75.1659143,True,False,False,S350996399,
houspa,House Sparrow,Passer domesticus,L1069194,Philadelphia Naval Yard (restricted access),2026-06-01 15:33:00,4.0,39.8876082,-75.1659143,True,False,False,S350996399,N
cangoo,Canada Goose,Branta canadensis,L1069194,Philadelphia Naval Yard (restricted access),2026-06-01 05:45:00,149.0,39.8876082,-75.1659143,True,True,False,S350790268,
mallar3,Mallard,Anas platyrhynchos,L1069194,Philadelphia Naval Yard (restricted access),2026-06-01 05:45:00,6.0,39.8876082,-75.1659143,True,False,False,S350790268,
moudov,Mourning Dove,Zenaida macroura,L1069194,Philadelphia Naval Yard (restricted access),2026-06-01 05:45:00,2.0,39.8876082,-75.1659143,True,False,False,S350790268,
chiswi,Chimney Swift,Chaetura pelagica,L1069194,Philadelphia Naval Yard (restricted access),2026-06-01 05:45:00,1.0,39.8876082,-75.1659143,True,False,False,S350790268,
laugul,Laughing Gull,Leucophaeus atricilla,L1069194,Philadelphia Naval Yard (restricted access),2026-06-01 05:45:00,5.0,39.8876082,-75.1659143,True,False,False,S350790268,
ribgul,Ring-billed Gull,Larus delawarensis,L1069194,Philadelphia Naval Yard (restricted access),2026-06-01 05:45:00,3.0,39.8876082,-75.1659143,True,False,False,S350790268,
amhgul1,American Herring Gull,Larus smithsonianus,L1069194,Philadelphia Naval Yard (restricted access),2026-06-01 05:45:00,1.0,39.8876082,-75.1659143,True,False,False,S350790268,
caster1,Caspian Tern,Hydroprogne caspia,L1069194,Philadelphia Naval Yard (restricted access),2026-06-01 05:45:00,1.0,39.8876082,-75.1659143,True,False,False,S350790268,
grbher3,Great Blue Heron,Ardea herodias,L1069194,Philadelphia Naval Yard (restricted access),2026-06-01 05:45:00,2.0,39.8876082,-75.1659143,True,False,False,S350790268,
baleag,Bald Eagle,Haliaeetus leucocephalus,L1069194,Philadelphia Naval Yard (restricted access),2026-06-01 05:45:00,2.0,39.8876082,-75.1659143,True,False,False,S350790268,
rethaw,Red-tailed Hawk,Buteo jamaicensis,L1069194,Philadelphia Naval Yard (restricted access),2026-06-01 05:45:00,1.0,39.8876082,-75.1659143,True,False,False,S350790268,
norfli,Northern Flicker,Colaptes auratus,L1069194,Philadelphia Naval Yard (restricted access),2026-06-01 05:45:00,1.0,39.8876082,-75.1659143,True,False,False,S350790268,
grcfly,Great Crested Flycatcher,Myiarchus crinitus,L1069194,Philadelphia Naval Yard (restricted access),2026-06-01 05:45:00,1.0,39.8876082,-75.1659143,True,False,False,S350790268,
easkin,Eastern Kingbird,Tyrannus tyrannus,L1069194,Philadelphia Naval Yard (restricted access),2026-06-01 05:45:00,5.0,39.8876082,-75.1659143,True,False,False,S350790268,
eawvir1,Eastern Warbling Vireo,Vireo gilvus,L1069194,Philadelphia Naval Yard (restricted access),2026-06-01 05:45:00,2.0,39.8876082,-75.1659143,True,False,False,S350790268,
reevir1,Red-eyed Vireo,Vireo olivaceus,L1069194,Philadelphia Naval Yard (restricted access),2026-06-01 05:45:00,2.0,39.8876082,-75.1659143,True,False,False,S350790268,
blujay,Blue Jay,Cyanocitta cristata,L1069194,Philadelphia Naval Yard (restricted access),2026-06-01 05:45:00,1.0,39.8876082,-75.1659143,True,False,False,S350790268,
amecro,American Crow,Corvus brachyrhynchos,L1069194,Philadelphia Naval Yard (restricted access),2026-06-01 05:45:00,1.0,39.8876082,-75.1659143,True,False,False,S350790268,
nrwswa,Northern Rough-winged Swallow,Stelgidopteryx serripennis,L1069194,Philadelphia Naval Yard (restricted access),2026-06-01 05:45:00,7.0,39.8876082,-75.1659143,True,False,False,S350790268,
barswa,Barn Swallow,Hirundo rustica,L1069194,Philadelphia Naval Yard (restricted access),2026-06-01 05:45:00,4.0,39.8876082,-75.1659143,True,False,False,S350790268,
houwre,Northern House Wren,Troglodytes aedon,L1069194,Philadelphia Naval Yard (restricted access),2026-06-01 05:45:00,1.0,39.8876082,-75.1659143,True,False,False,S350790268,
carwre,Carolina Wren,Thryothorus ludovicianus,L1069194,Philadelphia Naval Yard (restricted access),2026-06-01 05:45:00,1.0,39.8876082,-75.1659143,True,False,False,S350790268,
grycat,Gray Catbird,Dumetella carolinensis,L1069194,Philadelphia Naval Yard (restricted access),2026-06-01 05:45:00,1.0,39.8876082,-75.1659143,True,False,False,S350790268,
swathr,Swainson's Thrush,Catharus ustulatus,L1069194,Philadelphia Naval Yard (restricted access),2026-06-01 05:45:00,1.0,39.8876082,-75.1659143,True,True,False,S350790268,
amerob,American Robin,Turdus migratorius,L1069194,Philadelphia Naval Yard (restricted access),2026-06-01 05:45:00,12.0,39.8876082,-75.1659143,True,False,False,S350790268,
cedwax,Cedar Waxwing,Bombycilla cedrorum,L1069194,Philadelphia Naval Yard (restricted access),2026-06-01 05:45:00,7.0,39.8876082,-75.1659143,True,False,False,S350790268,
amegfi,American Goldfinch,Spinus tristis,L1069194,Philadelphia Naval Yard (restricted access),2026-06-01 05:45:00,5.0,39.8876082,-75.1659143,True,False,False,S350790268,
chispa,Chipping Sparrow,Spizella passerina,L1069194,Philadelphia Naval Yard (restricted access),2026-06-01 05:45:00,2.0,39.8876082,-75.1659143,True,False,False,S350790268,
sonspa,Song Sparrow,Melospiza melodia,L1069194,Philadelphia Naval Yard (restricted access),2026-06-01 05:45:00,1.0,39.8876082,-75.1659143,True,False,False,S350790268,
orcori,Orchard Oriole,Icterus spurius,L1069194,Philadelphia Naval Yard (restricted access),2026-06-01 05:45:00,2.0,39.8876082,-75.1659143,True,False,False,S350790268,
balori,Baltimore Oriole,Icterus galbula,L1069194,Philadelphia Naval Yard (restricted access),2026-06-01 05:45:00,4.0,39.8876082,-75.1659143,True,False,False,S350790268,
rewbla,Red-winged Blackbird,Agelaius phoeniceus,L1069194,Philadelphia Naval Yard (restricted access),2026-06-01 05:45:00,4.0,39.8876082,-75.1659143,True,False,False,S350790268,
bnhcow,Brown-headed Cowbird,Molothrus ater,L1069194,Philadelphia Naval Yard (restricted access),2026-06-01 05:45:00,2.0,39.8876082,-75.1659143,True,False,False,S350790268,
comyel,Common Yellowthroat,Geothlypis trichas,L1069194,Philadelphia Naval Yard (restricted access),2026-06-01 05:45:00,1.0,39.8876082,-75.1659143,True,False,False,S350790268,
yelwar1,Northern Yellow Warbler,Setophaga aestiva,L1069194,Philadelphia Naval Yard (restricted access),2026-06-01 05:45:00,1.0,39.8876082,-75.1659143,True,False,False,S350790268,
bkpwar,Blackpoll Warbler,Setophaga striata,L1069194,Philadelphia Naval Yard (restricted access),2026-06-01 05:45:00,1.0,39.8876082,-75.1659143,True,False,False,S350790268,
norcar,Northern Cardinal,Cardinalis cardinalis,L1069194,Philadelphia Naval Yard (restricted access),2026-06-01 05:45:00,3.0,39.8876082,-75.1659143,True,False,False,S350790268,
blugrb1,Blue Grosbeak,Passerina caerulea,L1069194,Philadelphia Naval Yard (restricted access),2026-06-01 05:45:00,1.0,39.8876082,-75.1659143,True,False,False,S350790268,
indbun,Indigo Bunting,Passerina cyanea,L1069194,Philadelphia Naval Yard (restricted access),2026-06-01 05:45:00,4.0,39.8876082,-75.1659143,True,False,False,S350790268,
cangoo,Canada Goose,Branta canadensis,L1069194,Philadelphia Naval Yard (restricted access),2026-06-02 05:57:00,83.0,39.8876082,-75.1659143,True,False,False,S351296607,
mallar3,Mallard,Anas platyrhynchos,L1069194,Philadelphia Naval Yard (restricted access),2026-06-02 05:57:00,6.0,39.8876082,-75.1659143,True,False,False,S351296607,
rocpig,Rock Pigeon,Columba livia,L1069194,Philadelphia Naval Yard (restricted access),2026-06-02 05:57:00,3.0,39.8876082,-75.1659143,True,False,False,S351296607,N
moudov,Mourning Dove,Zenaida macroura,L1069194,Philadelphia Naval Yard (restricted access),2026-06-02 05:57:00,1.0,39.8876082,-75.1659143,True,False,False,S351296607,
chiswi,Chimney Swift,Chaetura pelagica,L1069194,Philadelphia Naval Yard (restricted access),2026-06-02 05:57:00,7.0,39.8876082,-75.1659143,True,False,False,S351296607,
ribgul,Ring-billed Gull,Larus delawarensis,L1069194,Philadelphia Naval Yard (restricted access),2026-06-02 05:57:00,2.0,39.8876082,-75.1659143,True,False,False,S351296607,
amhgul1,American Herring Gull,Larus smithsonianus,L1069194,Philadelphia Naval Yard (restricted access),2026-06-02 05:57:00,1.0,39.8876082,-75.1659143,True,False,False,S351296607,
doccor,Double-crested Cormorant,Nannopterum auritum,L1069194,Philadelphia Naval Yard (restricted access),2026-06-02 05:57:00,12.0,39.8876082,-75.1659143,True,False,False,S351296607,
turvul,Turkey Vulture,Cathartes aura,L1069194,Philadelphia Naval Yard (restricted access),2026-06-02 05:57:00,2.0,39.8876082,-75.1659143,True,False,False,S351296607,
osprey,Osprey,Pandion haliaetus,L1069194,Philadelphia Naval Yard (restricted access),2026-06-02 05:57:00,3.0,39.8876082,-75.1659143,True,False,False,S351296607,
baleag,Bald Eagle,Haliaeetus leucocephalus,L1069194,Philadelphia Naval Yard (restricted access),2026-06-02 05:57:00,1.0,39.8876082,-75.1659143,True,False,False,S351296607,
dowwoo,Downy Woodpecker,Dryobates pubescens,L1069194,Philadelphia Naval Yard (restricted access),2026-06-02 05:57:00,1.0,39.8876082,-75.1659143,True,False,False,S351296607,
norfli,Northern Flicker,Colaptes auratus,L1069194,Philadelphia Naval Yard (restricted access),2026-06-02 05:57:00,1.0,39.8876082,-75.1659143,True,False,False,S351296607,
wilfly,Willow Flycatcher,Empidonax traillii,L1069194,Philadelphia Naval Yard (restricted access),2026-06-02 05:57:00,1.0,39.8876082,-75.1659143,True,False,False,S351296607,
grcfly,Great Crested Flycatcher,Myiarchus crinitus,L1069194,Philadelphia Naval Yard (restricted access),2026-06-02 05:57:00,1.0,39.8876082,-75.1659143,True,False,False,S351296607,
easkin,Eastern Kingbird,Tyrannus tyrannus,L1069194,Philadelphia Naval Yard (restricted access),2026-06-02 05:57:00,4.0,39.8876082,-75.1659143,True,False,False,S351296607,
eawvir1,Eastern Warbling Vireo,Vireo gilvus,L1069194,Philadelphia Naval Yard (restricted access),2026-06-02 05:57:00,4.0,39.8876082,-75.1659143,True,False,False,S351296607,
reevir1,Red-eyed Vireo,Vireo olivaceus,L1069194,Philadelphia Naval Yard (restricted access),2026-06-02 05:57:00,2.0,39.8876082,-75.1659143,True,False,False,S351296607,
blujay,Blue Jay,Cyanocitta cristata,L1069194,Philadelphia Naval Yard (restricted access),2026-06-02 05:57:00,1.0,39.8876082,-75.1659143,True,False,False,S351296607,
amecro,American Crow,Corvus brachyrhynchos,L1069194,Philadelphia Naval Yard (restricted access),2026-06-02 05:57:00,1.0,39.8876082,-75.1659143,True,False,False,S351296607,
comrav,Common Raven,Corvus corax,L1069194,Philadelphia Naval Yard (restricted access),2026-06-02 05:57:00,1.0,39.8876082,-75.1659143,True,False,False,S351296607,
treswa,Tree Swallow,Tachycineta bicolor,L1069194,Philadelphia Naval Yard (restricted access),2026-06-02 05:57:00,6.0,39.8876082,-75.1659143,True,False,False,S351296607,
nrwswa,Northern Rough-winged Swallow,Stelgidopteryx serripennis,L1069194,Philadelphia Naval Yard (restricted access),2026-06-02 05:57:00,4.0,39.8876082,-75.1659143,True,False,False,S351296607,
barswa,Barn Swallow,Hirundo rustica,L1069194,Philadelphia Naval Yard (restricted access),2026-06-02 05:57:00,8.0,39.8876082,-75.1659143,True,False,False,S351296607,
carwre,Carolina Wren,Thryothorus ludovicianus,L1069194,Philadelphia Naval Yard (restricted access),2026-06-02 05:57:00,2.0,39.8876082,-75.1659143,True,False,False,S351296607,
eursta,European Starling,Sturnus vulgaris,L1069194,Philadelphia Naval Yard (restricted access),2026-06-02 05:57:00,3.0,39.8876082,-75.1659143,True,False,False,S351296607,N
grycat,Gray Catbird,Dumetella carolinensis,L1069194,Philadelphia Naval Yard (restricted access),2026-06-02 05:57:00,2.0,39.8876082,-75.1659143,True,False,False,S351296607,
brnthr,Brown Thrasher,Toxostoma rufum,L1069194,Philadelphia Naval Yard (restricted access),2026-06-02 05:57:00,1.0,39.8876082,-75.1659143,True,False,False,S351296607,
normoc,Northern Mockingbird,Mimus polyglottos,L1069194,Philadelphia Naval Yard (restricted access),2026-06-02 05:57:00,2.0,39.8876082,-75.1659143,True,False,False,S351296607,
amerob,American Robin,Turdus migratorius,L1069194,Philadelphia Naval Yard (restricted access),2026-06-02 05:57:00,6.0,39.8876082,-75.1659143,True,False,False,S351296607,
cedwax,Cedar Waxwing,Bombycilla cedrorum,L1069194,Philadelphia Naval Yard (restricted access),2026-06-02 05:57:00,8.0,39.8876082,-75.1659143,True,False,False,S351296607,
houspa,House Sparrow,Passer domesticus,L1069194,Philadelphia Naval Yard (restricted access),2026-06-02 05:57:00,11.0,39.8876082,-75.1659143,True,False,False,S351296607,N
houfin,House Finch,Haemorhous mexicanus,L1069194,Philadelphia Naval Yard (restricted access),2026-06-02 05:57:00,4.0,39.8876082,-75.1659143,True,False,False,S351296607,N
amegfi,American Goldfinch,Spinus tristis,L1069194,Philadelphia Naval Yard (restricted access),2026-06-02 05:57:00,8.0,39.8876082,-75.1659143,True,False,False,S351296607,
chispa,Chipping Sparrow,Spizella passerina,L1069194,Philadelphia Naval Yard (restricted access),2026-06-02 05:57:00,3.0,39.8876082,-75.1659143,True,False,False,S351296607,
sonspa,Song Sparrow,Melospiza melodia,L1069194,Philadelphia Naval Yard (restricted access),2026-06-02 05:57:00,1.0,39.8876082,-75.1659143,True,False,False,S351296607,
orcori,Orchard Oriole,Icterus spurius,L1069194,Philadelphia Naval Yard (restricted access),2026-06-02 05:57:00,1.0,39.8876082,-75.1659143,True,False,False,S351296607,
balori,Baltimore Oriole,Icterus galbula,L1069194,Philadelphia Naval Yard (restricted access),2026-06-02 05:57:00,4.0,39.8876082,-75.1659143,True,False,False,S351296607,
rewbla,Red-winged Blackbird,Agelaius phoeniceus,L1069194,Philadelphia Naval Yard (restricted access),2026-06-02 05:57:00,3.0,39.8876082,-75.1659143,True,False,False,S351296607,
bnhcow,Brown-headed Cowbird,Molothrus ater,L1069194,Philadelphia Naval Yard (restricted access),2026-06-02 05:57:00,6.0,39.8876082,-75.1659143,True,False,False,S351296607,
bkpwar,Blackpoll Warbler,Setophaga striata,L1069194,Philadelphia Naval Yard (restricted access),2026-06-02 05:57:00,1.0,39.8876082,-75.1659143,True,False,False,S351296607,
norcar,Northern Cardinal,Cardinalis cardinalis,L1069194,Philadelphia Naval Yard (restricted access),2026-06-02 05:57:00,2.0,39.8876082,-75.1659143,True,False,False,S351296607,
blugrb1,Blue Grosbeak,Passerina caerulea,L1069194,Philadelphia Naval Yard (restricted access),2026-06-02 05:57:00,1.0,39.8876082,-75.1659143,True,False,False,S351296607,
indbun,Indigo Bunting,Passerina cyanea,L1069194,Philadelphia Naval Yard (restricted access),2026-06-02 05:57:00,3.0,39.8876082,-75.1659143,True,False,False,S351296607,
cangoo,Canada Goose,Branta canadensis,L1069194,Philadelphia Naval Yard (restricted access),2026-06-03 05:54:00,60.0,39.8876082,-75.1659143,True,False,False,S351826430,
mallar3,Mallard,Anas platyrhynchos,L1069194,Philadelphia Naval Yard (restricted access),2026-06-03 05:54:00,6.0,39.8876082,-75.1659143,True,False,False,S351826430,
rocpig,Rock Pigeon,Columba livia,L1069194,Philadelphia Naval Yard (restricted access),2026-06-03 05:54:00,3.0,39.8876082,-75.1659143,True,False,False,S351826430,N
chiswi,Chimney Swift,Chaetura pelagica,L1069194,Philadelphia Naval Yard (restricted access),2026-06-03 05:54:00,3.0,39.8876082,-75.1659143,True,False,False,S351826430,
laugul,Laughing Gull,Leucophaeus atricilla,L1069194,Philadelphia Naval Yard (restricted access),2026-06-03 05:54:00,16.0,39.8876082,-75.1659143,True,False,False,S351826430,
ribgul,Ring-billed Gull,Larus delawarensis,L1069194,Philadelphia Naval Yard (restricted access),2026-06-03 05:54:00,7.0,39.8876082,-75.1659143,True,False,False,S351826430,
comloo,Common Loon,Gavia immer,L1069194,Philadelphia Naval Yard (restricted access),2026-06-03 05:54:00,1.0,39.8876082,-75.1659143,True,True,False,S351826430,
doccor,Double-crested Cormorant,Nannopterum auritum,L1069194,Philadelphia Naval Yard (restricted access),2026-06-03 05:54:00,17.0,39.8876082,-75.1659143,True,False,False,S351826430,
grbher3,Great Blue Heron,Ardea herodias,L1069194,Philadelphia Naval Yard (restricted access),2026-06-03 05:54:00,2.0,39.8876082,-75.1659143,True,False,False,S351826430,
osprey,Osprey,Pandion haliaetus,L1069194,Philadelphia Naval Yard (restricted access),2026-06-03 05:54:00,6.0,39.8876082,-75.1659143,True,False,False,S351826430,
baleag,Bald Eagle,Haliaeetus leucocephalus,L1069194,Philadelphia Naval Yard (restricted access),2026-06-03 05:54:00,2.0,39.8876082,-75.1659143,True,False,False,S351826430,
norfli,Northern Flicker,Colaptes auratus,L1069194,Philadelphia Naval Yard (restricted access),2026-06-03 05:54:00,1.0,39.8876082,-75.1659143,True,False,False,S351826430,
grcfly,Great Crested Flycatcher,Myiarchus crinitus,L1069194,Philadelphia Naval Yard (restricted access),2026-06-03 05:54:00,1.0,39.8876082,-75.1659143,True,False,False,S351826430,
easkin,Eastern Kingbird,Tyrannus tyrannus,L1069194,Philadelphia Naval Yard (restricted access),2026-06-03 05:54:00,3.0,39.8876082,-75.1659143,True,False,False,S351826430,
eawvir1,Eastern Warbling Vireo,Vireo gilvus,L1069194,Philadelphia Naval Yard (restricted access),2026-06-03 05:54:00,1.0,39.8876082,-75.1659143,True,False,False,S351826430,
reevir1,Red-eyed Vireo,Vireo olivaceus,L1069194,Philadelphia Naval Yard (restricted access),2026-06-03 05:54:00,1.0,39.8876082,-75.1659143,True,False,False,S351826430,
amecro,American Crow,Corvus brachyrhynchos,L1069194,Philadelphia Naval Yard (restricted access),2026-06-03 05:54:00,1.0,39.8876082,-75.1659143,True,False,False,S351826430,
banswa,Bank Swallow,Riparia riparia,L1069194,Philadelphia Naval Yard (restricted access),2026-06-03 05:54:00,4.0,39.8876082,-75.1659143,True,False,False,S351826430,
treswa,Tree Swallow,Tachycineta bicolor,L1069194,Philadelphia Naval Yard (restricted access),2026-06-03 05:54:00,2.0,39.8876082,-75.1659143,True,False,False,S351826430,
nrwswa,Northern Rough-winged Swallow,Stelgidopteryx serripennis,L1069194,Philadelphia Naval Yard (restricted access),2026-06-03 05:54:00,5.0,39.8876082,-75.1659143,True,False,False,S351826430,
barswa,Barn Swallow,Hirundo rustica,L1069194,Philadelphia Naval Yard (restricted access),2026-06-03 05:54:00,15.0,39.8876082,-75.1659143,True,False,False,S351826430,
carwre,Carolina Wren,Thryothorus ludovicianus,L1069194,Philadelphia Naval Yard (restricted access),2026-06-03 05:54:00,1.0,39.8876082,-75.1659143,True,False,False,S351826430,
eursta,European Starling,Sturnus vulgaris,L1069194,Philadelphia Naval Yard (restricted access),2026-06-03 05:54:00,14.0,39.8876082,-75.1659143,True,False,False,S351826430,N
brnthr,Brown Thrasher,Toxostoma rufum,L1069194,Philadelphia Naval Yard (restricted access),2026-06-03 05:54:00,1.0,39.8876082,-75.1659143,True,False,False,S351826430,
normoc,Northern Mockingbird,Mimus polyglottos,L1069194,Philadelphia Naval Yard (restricted access),2026-06-03 05:54:00,2.0,39.8876082,-75.1659143,True,False,False,S351826430,
amerob,American Robin,Turdus migratorius,L1069194,Philadelphia Naval Yard (restricted access),2026-06-03 05:54:00,6.0,39.8876082,-75.1659143,True,False,False,S351826430,
cedwax,Cedar Waxwing,Bombycilla cedrorum,L1069194,Philadelphia Naval Yard (restricted access),2026-06-03 05:54:00,4.0,39.8876082,-75.1659143,True,False,False,S351826430,
houspa,House Sparrow,Passer domesticus,L1069194,Philadelphia Naval Yard (restricted access),2026-06-03 05:54:00,11.0,39.8876082,-75.1659143,True,False,False,S351826430,N
houfin,House Finch,Haemorhous mexicanus,L1069194,Philadelphia Naval Yard (restricted access),2026-06-03 05:54:00,1.0,39.8876082,-75.1659143,True,False,False,S351826430,N
amegfi,American Goldfinch,Spinus tristis,L1069194,Philadelphia Naval Yard (restricted access),2026-06-03 05:54:00,2.0,39.8876082,-75.1659143,True,False,False,S351826430,
chispa,Chipping Sparrow,Spizella passerina,L1069194,Philadelphia Naval Yard (restricted access),2026-06-03 05:54:00,3.0,39.8876082,-75.1659143,True,False,False,S351826430,
orcori,Orchard Oriole,Icterus spurius,L1069194,Philadelphia Naval Yard (restricted access),2026-06-03 05:54:00,1.0,39.8876082,-75.1659143,True,False,False,S351826430,
balori,Baltimore Oriole,Icterus galbula,L1069194,Philadelphia Naval Yard (restricted access),2026-06-03 05:54:00,3.0,39.8876082,-75.1659143,True,False,False,S351826430,
rewbla,Red-winged Blackbird,Agelaius phoeniceus,L1069194,Philadelphia Naval Yard (restricted access),2026-06-03 05:54:00,5.0,39.8876082,-75.1659143,True,False,False,S351826430,
bnhcow,Brown-headed Cowbird,Molothrus ater,L1069194,Philadelphia Naval Yard (restricted access),2026-06-03 05:54:00,7.0,39.8876082,-75.1659143,True,False,False,S351826430,
comgra,Common Grackle,Quiscalus quiscula,L1069194,Philadelphia Naval Yard (restricted access),2026-06-03 05:54:00,1.0,39.8876082,-75.1659143,True,False,False,S351826430,
bkpwar,Blackpoll Warbler,Setophaga striata,L1069194,Philadelphia Naval Yard (restricted access),2026-06-03 05:54:00,1.0,39.8876082,-75.1659143,True,False,False,S351826430,
norcar,Northern Cardinal,Cardinalis cardinalis,L1069194,Philadelphia Naval Yard (restricted access),2026-06-03 05:54:00,1.0,39.8876082,-75.1659143,True,False,False,S351826430,
blugrb1,Blue Grosbeak,Passerina caerulea,L1069194,Philadelphia Naval Yard (restricted access),2026-06-03 05:54:00,1.0,39.8876082,-75.1659143,True,False,False,S351826430,
indbun,Indigo Bunting,Passerina cyanea,L1069194,Philadelphia Naval Yard (restricted access),2026-06-03 05:54:00,2.0,39.8876082,-75.1659143,True,False,False,S351826430,
nrwswa,Northern Rough-winged Swallow,Stelgidopteryx serripennis,L1069194,Philadelphia Naval Yard (restricted access),2026-06-04 12:36:00,1.0,39.8876082,-75.1659143,True,False,False,S352339469,
cangoo,Canada Goose,Branta canadensis,L1069194,Philadelphia Naval Yard (restricted access),2026-06-04 06:05:00,143.0,39.8876082,-75.1659143,True,True,False,S352246599,
mallar3,Mallard,Anas platyrhynchos,L1069194,Philadelphia Naval Yard (restricted access),2026-06-04 06:05:00,5.0,39.8876082,-75.1659143,True,False,False,S352246599,
moudov,Mourning Dove,Zenaida macroura,L1069194,Philadelphia Naval Yard (restricted access),2026-06-04 06:05:00,1.0,39.8876082,-75.1659143,True,False,False,S352246599,
doccor,Double-crested Cormorant,Nannopterum auritum,L1069194,Philadelphia Naval Yard (restricted access),2026-06-04 06:05:00,12.0,39.8876082,-75.1659143,True,False,False,S352246599,
grbher3,Great Blue Heron,Ardea herodias,L1069194,Philadelphia Naval Yard (restricted access),2026-06-04 06:05:00,1.0,39.8876082,-75.1659143,True,False,False,S352246599,
osprey,Osprey,Pandion haliaetus,L1069194,Philadelphia Naval Yard (restricted access),2026-06-04 06:05:00,2.0,39.8876082,-75.1659143,True,False,False,S352246599,
baleag,Bald Eagle,Haliaeetus leucocephalus,L1069194,Philadelphia Naval Yard (restricted access),2026-06-04 06:05:00,1.0,39.8876082,-75.1659143,True,False,False,S352246599,
eawpew,Eastern Wood-Pewee,Contopus virens,L1069194,Philadelphia Naval Yard (restricted access),2026-06-04 06:05:00,1.0,39.8876082,-75.1659143,True,False,False,S352246599,
wilfly,Willow Flycatcher,Empidonax traillii,L1069194,Philadelphia Naval Yard (restricted access),2026-06-04 06:05:00,1.0,39.8876082,-75.1659143,True,False,False,S352246599,
grcfly,Great Crested Flycatcher,Myiarchus crinitus,L1069194,Philadelphia Naval Yard (restricted access),2026-06-04 06:05:00,1.0,39.8876082,-75.1659143,True,False,False,S352246599,
easkin,Eastern Kingbird,Tyrannus tyrannus,L1069194,Philadelphia Naval Yard (restricted access),2026-06-04 06:05:00,2.0,39.8876082,-75.1659143,True,False,False,S352246599,
eawvir1,Eastern Warbling Vireo,Vireo gilvus,L1069194,Philadelphia Naval Yard (restricted access),2026-06-04 06:05:00,1.0,39.8876082,-75.1659143,True,False,False,S352246599,
reevir1,Red-eyed Vireo,Vireo olivaceus,L1069194,Philadelphia Naval Yard (restricted access),2026-06-04 06:05:00,1.0,39.8876082,-75.1659143,True,False,False,S352246599,
barswa,Barn Swallow,Hirundo rustica,L1069194,Philadelphia Naval Yard (restricted access),2026-06-04 06:05:00,5.0,39.8876082,-75.1659143,True,False,False,S352246599,
carwre,Carolina Wren,Thryothorus ludovicianus,L1069194,Philadelphia Naval Yard (restricted access),2026-06-04 06:05:00,1.0,39.8876082,-75.1659143,True,False,False,S352246599,
eursta,European Starling,Sturnus vulgaris,L1069194,Philadelphia Naval Yard (restricted access),2026-06-04 06:05:00,6.0,39.8876082,-75.1659143,True,False,False,S352246599,N
grycat,Gray Catbird,Dumetella carolinensis,L1069194,Philadelphia Naval Yard (restricted access),2026-06-04 06:05:00,2.0,39.8876082,-75.1659143,True,False,False,S352246599,
normoc,Northern Mockingbird,Mimus polyglottos,L1069194,Philadelphia Naval Yard (restricted access),2026-06-04 06:05:00,2.0,39.8876082,-75.1659143,True,False,False,S352246599,
amerob,American Robin,Turdus migratorius,L1069194,Philadelphia Naval Yard (restricted access),2026-06-04 06:05:00,14.0,39.8876082,-75.1659143,True,False,False,S352246599,
cedwax,Cedar Waxwing,Bombycilla cedrorum,L1069194,Philadelphia Naval Yard (restricted access),2026-06-04 06:05:00,10.0,39.8876082,-75.1659143,True,False,False,S352246599,
houspa,House Sparrow,Passer domesticus,L1069194,Philadelphia Naval Yard (restricted access),2026-06-04 06:05:00,3.0,39.8876082,-75.1659143,True,False,False,S352246599,N
houfin,House Finch,Haemorhous mexicanus,L1069194,Philadelphia Naval Yard (restricted access),2026-06-04 06:05:00,3.0,39.8876082,-75.1659143,True,False,False,S352246599,N
amegfi,American Goldfinch,Spinus tristis,L1069194,Philadelphia Naval Yard (restricted access),2026-06-04 06:05:00,3.0,39.8876082,-75.1659143,True,False,False,S352246599,
chispa,Chipping Sparrow,Spizella passerina,L1069194,Philadelphia Naval Yard (restricted access),2026-06-04 06:05:00,1.0,39.8876082,-75.1659143,True,False,False,S352246599,
sonspa,Song Sparrow,Melospiza melodia,L1069194,Philadelphia Naval Yard (restricted access),2026-06-04 06:05:00,1.0,39.8876082,-75.1659143,True,False,False,S352246599,
orcori,Orchard Oriole,Icterus spurius,L1069194,Philadelphia Naval Yard (restricted access),2026-06-04 06:05:00,2.0,39.8876082,-75.1659143,True,False,False,S352246599,
balori,Baltimore Oriole,Icterus galbula,L1069194,Philadelphia Naval Yard (restricted access),2026-06-04 06:05:00,5.0,39.8876082,-75.1659143,True,False,False,S352246599,
rewbla,Red-winged Blackbird,Agelaius phoeniceus,L1069194,Philadelphia Naval Yard (restricted access),2026-06-04 06:05:00,2.0,39.8876082,-75.1659143,True,False,False,S352246599,
bnhcow,Brown-headed Cowbird,Molothrus ater,L1069194,Philadelphia Naval Yard (restricted access),2026-06-04 06:05:00,5.0,39.8876082,-75.1659143,True,False,False,S352246599,
comgra,Common Grackle,Quiscalus quiscula,L1069194,Philadelphia Naval Yard (restricted access),2026-06-04 06:05:00,3.0,39.8876082,-75.1659143,True,False,False,S352246599,
comyel,Common Yellowthroat,Geothlypis trichas,L1069194,Philadelphia Naval Yard (restricted access),2026-06-04 06:05:00,1.0,39.8876082,-75.1659143,True,False,False,S352246599,
yelwar1,Northern Yellow Warbler,Setophaga aestiva,L1069194,Philadelphia Naval Yard (restricted access),2026-06-04 06:05:00,1.0,39.8876082,-75.1659143,True,False,False,S352246599,
norcar,Northern Cardinal,Cardinalis cardinalis,L1069194,Philadelphia Naval Yard (restricted access),2026-06-04 06:05:00,2.0,39.8876082,-75.1659143,True,False,False,S352246599,
indbun,Indigo Bunting,Passerina cyanea,L1069194,Philadelphia Naval Yard (restricted access),2026-06-04 06:05:00,2.0,39.8876082,-75.1659143,True,False,False,S352246599,
cangoo,Canada Goose,Branta canadensis,L1069194,Philadelphia Naval Yard (restricted access),2026-06-05 06:14:00,141.0,39.8876082,-75.1659143,True,True,False,S352829761,
mallar3,Mallard,Anas platyrhynchos,L1069194,Philadelphia Naval Yard (restricted access),2026-06-05 06:14:00,5.0,39.8876082,-75.1659143,True,False,False,S352829761,
rocpig,Rock Pigeon,Columba livia,L1069194,Philadelphia Naval Yard (restricted access),2026-06-05 06:14:00,10.0,39.8876082,-75.1659143,True,False,False,S352829761,N
chiswi,Chimney Swift,Chaetura pelagica,L1069194,Philadelphia Naval Yard (restricted access),2026-06-05 06:14:00,1.0,39.8876082,-75.1659143,True,False,False,S352829761,
laugul,Laughing Gull,Leucophaeus atricilla,L1069194,Philadelphia Naval Yard (restricted access),2026-06-05 06:14:00,1.0,39.8876082,-75.1659143,True,False,False,S352829761,
ribgul,Ring-billed Gull,Larus delawarensis,L1069194,Philadelphia Naval Yard (restricted access),2026-06-05 06:14:00,2.0,39.8876082,-75.1659143,True,False,False,S352829761,
doccor,Double-crested Cormorant,Nannopterum auritum,L1069194,Philadelphia Naval Yard (restricted access),2026-06-05 06:14:00,42.0,39.8876082,-75.1659143,True,True,False,S352829761,
grbher3,Great Blue Heron,Ardea herodias,L1069194,Philadelphia Naval Yard (restricted access),2026-06-05 06:14:00,1.0,39.8876082,-75.1659143,True,False,False,S352829761,
osprey,Osprey,Pandion haliaetus,L1069194,Philadelphia Naval Yard (restricted access),2026-06-05 06:14:00,2.0,39.8876082,-75.1659143,True,False,False,S352829761,
baleag,Bald Eagle,Haliaeetus leucocephalus,L1069194,Philadelphia Naval Yard (restricted access),2026-06-05 06:14:00,1.0,39.8876082,-75.1659143,True,False,False,S352829761,
eawpew,Eastern Wood-Pewee,Contopus virens,L1069194,Philadelphia Naval Yard (restricted access),2026-06-05 06:14:00,1.0,39.8876082,-75.1659143,True,False,False,S352829761,
grcfly,Great Crested Flycatcher,Myiarchus crinitus,L1069194,Philadelphia Naval Yard (restricted access),2026-06-05 06:14:00,2.0,39.8876082,-75.1659143,True,False,False,S352829761,
easkin,Eastern Kingbird,Tyrannus tyrannus,L1069194,Philadelphia Naval Yard (restricted access),2026-06-05 06:14:00,4.0,39.8876082,-75.1659143,True,False,False,S352829761,
eawvir1,Eastern Warbling Vireo,Vireo gilvus,L1069194,Philadelphia Naval Yard (restricted access),2026-06-05 06:14:00,1.0,39.8876082,-75.1659143,True,False,False,S352829761,
reevir1,Red-eyed Vireo,Vireo olivaceus,L1069194,Philadelphia Naval Yard (restricted access),2026-06-05 06:14:00,1.0,39.8876082,-75.1659143,True,False,False,S352829761,
amecro,American Crow,Corvus brachyrhynchos,L1069194,Philadelphia Naval Yard (restricted access),2026-06-05 06:14:00,2.0,39.8876082,-75.1659143,True,False,False,S352829761,
treswa,Tree Swallow,Tachycineta bicolor,L1069194,Philadelphia Naval Yard (restricted access),2026-06-05 06:14:00,2.0,39.8876082,-75.1659143,True,False,False,S352829761,
purmar,Purple Martin,Progne subis,L1069194,Philadelphia Naval Yard (restricted access),2026-06-05 06:14:00,1.0,39.8876082,-75.1659143,True,False,False,S352829761,
nrwswa,Northern Rough-winged Swallow,Stelgidopteryx serripennis,L1069194,Philadelphia Naval Yard (restricted access),2026-06-05 06:14:00,1.0,39.8876082,-75.1659143,True,False,False,S352829761,
barswa,Barn Swallow,Hirundo rustica,L1069194,Philadelphia Naval Yard (restricted access),2026-06-05 06:14:00,5.0,39.8876082,-75.1659143,True,False,False,S352829761,
carwre,Carolina Wren,Thryothorus ludovicianus,L1069194,Philadelphia Naval Yard (restricted access),2026-06-05 06:14:00,1.0,39.8876082,-75.1659143,True,False,False,S352829761,
eursta,European Starling,Sturnus vulgaris,L1069194,Philadelphia Naval Yard (restricted access),2026-06-05 06:14:00,2.0,39.8876082,-75.1659143,True,False,False,S352829761,N
normoc,Northern Mockingbird,Mimus polyglottos,L1069194,Philadelphia Naval Yard (restricted access),2026-06-05 06:14:00,2.0,39.8876082,-75.1659143,True,False,False,S352829761,
amerob,American Robin,Turdus migratorius,L1069194,Philadelphia Naval Yard (restricted access),2026-06-05 06:14:00,5.0,39.8876082,-75.1659143,True,False,False,S352829761,
cedwax,Cedar Waxwing,Bombycilla cedrorum,L1069194,Philadelphia Naval Yard (restricted access),2026-06-05 06:14:00,3.0,39.8876082,-75.1659143,True,False,False,S352829761,
houspa,House Sparrow,Passer domesticus,L1069194,Philadelphia Naval Yard (restricted access),2026-06-05 06:14:00,12.0,39.8876082,-75.1659143,True,False,False,S352829761,N
houfin,House Finch,Haemorhous mexicanus,L1069194,Philadelphia Naval Yard (restricted access),2026-06-05 06:14:00,2.0,39.8876082,-75.1659143,True,False,False,S352829761,N
amegfi,American Goldfinch,Spinus tristis,L1069194,Philadelphia Naval Yard (restricted access),2026-06-05 06:14:00,2.0,39.8876082,-75.1659143,True,False,False,S352829761,
chispa,Chipping Sparrow,Spizella passerina,L1069194,Philadelphia Naval Yard (restricted access),2026-06-05 06:14:00,2.0,39.8876082,-75.1659143,True,False,False,S352829761,
sonspa,Song Sparrow,Melospiza melodia,L1069194,Philadelphia Naval Yard (restricted access),2026-06-05 06:14:00,1.0,39.8876082,-75.1659143,True,False,False,S352829761,
orcori,Orchard Oriole,Icterus spurius,L1069194,Philadelphia Naval Yard (restricted access),2026-06-05 06:14:00,2.0,39.8876082,-75.1659143,True,False,False,S352829761,
balori,Baltimore Oriole,Icterus galbula,L1069194,Philadelphia Naval Yard (restricted access),2026-06-05 06:14:00,3.0,39.8876082,-75.1659143,True,False,False,S352829761,
rewbla,Red-winged Blackbird,Agelaius phoeniceus,L1069194,Philadelphia Naval Yard (restricted access),2026-06-05 06:14:00,2.0,39.8876082,-75.1659143,True,False,False,S352829761,
bnhcow,Brown-headed Cowbird,Molothrus ater,L1069194,Philadelphia Naval Yard (restricted access),2026-06-05 06:14:00,2.0,39.8876082,-75.1659143,True,False,False,S352829761,
ovenbi1,Ovenbird,Seiurus aurocapilla,L1069194,Philadelphia Naval Yard (restricted access),2026-06-05 06:14:00,1.0,39.8876082,-75.1659143,True,False,False,S352829761,
amered,American Redstart,Setophaga ruticilla,L1069194,Philadelphia Naval Yard (restricted access),2026-06-05 06:14:00,1.0,39.8876082,-75.1659143,True,False,False,S352829761,
norcar,Northern Cardinal,Cardinalis cardinalis,L1069194,Philadelphia Naval Yard (restricted access),2026-06-05 06:14:00,2.0,39.8876082,-75.1659143,True,False,False,S352829761,
blugrb1,Blue Grosbeak,Passerina caerulea,L1069194,Philadelphia Naval Yard (restricted access),2026-06-05 06:14:00,1.0,39.8876082,-75.1659143,True,False,False,S352829761,
indbun,Indigo Bunting,Passerina cyanea,L1069194,Philadelphia Naval Yard (restricted access),2026-06-05 06:14:00,2.0,39.8876082,-75.1659143,True,False,False,S352829761,
barswa,Barn Swallow,Hirundo rustica,L1069194,Philadelphia Naval Yard (restricted access),2026-06-06 16:59:00,3.0,39.8876082,-75.1659143,True,False,False,S353548233,
cangoo,Canada Goose,Branta canadensis,L1069194,Philadelphia Naval Yard (restricted access),2026-06-07 10:10:00,2.0,39.8876082,-75.1659143,True,False,False,S354085485,
mallar3,Mallard,Anas platyrhynchos,L1069194,Philadelphia Naval Yard (restricted access),2026-06-07 10:10:00,1.0,39.8876082,-75.1659143,True,False,False,S354085485,
moudov,Mourning Dove,Zenaida macroura,L1069194,Philadelphia Naval Yard (restricted access),2026-06-07 10:10:00,2.0,39.8876082,-75.1659143,True,False,False,S354085485,
laugul,Laughing Gull,Leucophaeus atricilla,L1069194,Philadelphia Naval Yard (restricted access),2026-06-07 10:10:00,6.0,39.8876082,-75.1659143,True,False,False,S354085485,
ribgul,Ring-billed Gull,Larus delawarensis,L1069194,Philadelphia Naval Yard (restricted access),2026-06-07 10:10:00,1.0,39.8876082,-75.1659143,True,False,False,S354085485,
turvul,Turkey Vulture,Cathartes aura,L1069194,Philadelphia Naval Yard (restricted access),2026-06-07 10:10:00,2.0,39.8876082,-75.1659143,True,False,False,S354085485,
osprey,Osprey,Pandion haliaetus,L1069194,Philadelphia Naval Yard (restricted access),2026-06-07 10:10:00,1.0,39.8876082,-75.1659143,True,False,False,S354085485,
grcfly,Great Crested Flycatcher,Myiarchus crinitus,L1069194,Philadelphia Naval Yard (restricted access),2026-06-07 10:10:00,1.0,39.8876082,-75.1659143,True,False,False,S354085485,
easkin,Eastern Kingbird,Tyrannus tyrannus,L1069194,Philadelphia Naval Yard (restricted access),2026-06-07 10:10:00,1.0,39.8876082,-75.1659143,True,False,False,S354085485,
eawvir1,Eastern Warbling Vireo,Vireo gilvus,L1069194,Philadelphia Naval Yard (restricted access),2026-06-07 10:10:00,2.0,39.8876082,-75.1659143,True,False,False,S354085485,
nrwswa,Northern Rough-winged Swallow,Stelgidopteryx serripennis,L1069194,Philadelphia Naval Yard (restricted access),2026-06-07 10:10:00,2.0,39.8876082,-75.1659143,True,False,False,S354085485,
barswa,Barn Swallow,Hirundo rustica,L1069194,Philadelphia Naval Yard (restricted access),2026-06-07 10:10:00,8.0,39.8876082,-75.1659143,True,False,False,S354085485,
eursta,European Starling,Sturnus vulgaris,L1069194,Philadelphia Naval Yard (restricted access),2026-06-07 10:10:00,5.0,39.8876082,-75.1659143,True,False,False,S354085485,N
amerob,American Robin,Turdus migratorius,L1069194,Philadelphia Naval Yard (restricted access),2026-06-07 10:10:00,8.0,39.8876082,-75.1659143,True,False,False,S354085485,
cedwax,Cedar Waxwing,Bombycilla cedrorum,L1069194,Philadelphia Naval Yard (restricted access),2026-06-07 10:10:00,9.0,39.8876082,-75.1659143,True,False,False,S354085485,
chispa,Chipping Sparrow,Spizella passerina,L1069194,Philadelphia Naval Yard (restricted access),2026-06-07 10:10:00,1.0,39.8876082,-75.1659143,True,False,False,S354085485,
orcori,Orchard Oriole,Icterus spurius,L1069194,Philadelphia Naval Yard (restricted access),2026-06-07 10:10:00,1.0,39.8876082,-75.1659143,True,False,False,S354085485,
balori,Baltimore Oriole,Icterus galbula,L1069194,Philadelphia Naval Yard (restricted access),2026-06-07 10:10:00,2.0,39.8876082,-75.1659143,True,False,False,S354085485,
bnhcow,Brown-headed Cowbird,Molothrus ater,L1069194,Philadelphia Naval Yard (restricted access),2026-06-07 10:10:00,1.0,39.8876082,-75.1659143,True,False,False,S354085485,
indbun,Indigo Bunting,Passerina cyanea,L1069194,Philadelphia Naval Yard (restricted access),2026-06-07 10:10:00,1.0,39.8876082,-75.1659143,True,False,False,S354085485,
rocpig,Rock Pigeon,Columba livia,L1069194,Philadelphia Naval Yard (restricted access),2026-06-07 06:34:00,3.0,39.8876082,-75.1659143,True,False,False,S354083512,N
chiswi,Chimney Swift,Chaetura pelagica,L1069194,Philadelphia Naval Yard (restricted access),2026-06-07 06:34:00,4.0,39.8876082,-75.1659143,True,False,False,S354083512,
amhgul1,American Herring Gull,Larus smithsonianus,L1069194,Philadelphia Naval Yard (restricted access),2026-06-07 06:34:00,1.0,39.8876082,-75.1659143,True,False,False,S354083512,
doccor,Double-crested Cormorant,Nannopterum auritum,L1069194,Philadelphia Naval Yard (restricted access),2026-06-07 06:34:00,12.0,39.8876082,-75.1659143,True,False,False,S354083512,
grbher3,Great Blue Heron,Ardea herodias,L1069194,Philadelphia Naval Yard (restricted access),2026-06-07 06:34:00,2.0,39.8876082,-75.1659143,True,False,False,S354083512,
baleag,Bald Eagle,Haliaeetus leucocephalus,L1069194,Philadelphia Naval Yard (restricted access),2026-06-07 06:34:00,1.0,39.8876082,-75.1659143,True,False,False,S354083512,
dowwoo,Downy Woodpecker,Dryobates pubescens,L1069194,Philadelphia Naval Yard (restricted access),2026-06-07 06:34:00,1.0,39.8876082,-75.1659143,True,False,False,S354083512,
blujay,Blue Jay,Cyanocitta cristata,L1069194,Philadelphia Naval Yard (restricted access),2026-06-07 06:34:00,1.0,39.8876082,-75.1659143,True,False,False,S354083512,
amecro,American Crow,Corvus brachyrhynchos,L1069194,Philadelphia Naval Yard (restricted access),2026-06-07 06:34:00,1.0,39.8876082,-75.1659143,True,False,False,S354083512,
treswa,Tree Swallow,Tachycineta bicolor,L1069194,Philadelphia Naval Yard (restricted access),2026-06-07 06:34:00,2.0,39.8876082,-75.1659143,True,False,False,S354083512,
purmar,Purple Martin,Progne subis,L1069194,Philadelphia Naval Yard (restricted access),2026-06-07 06:34:00,1.0,39.8876082,-75.1659143,True,False,False,S354083512,
carwre,Carolina Wren,Thryothorus ludovicianus,L1069194,Philadelphia Naval Yard (restricted access),2026-06-07 06:34:00,1.0,39.8876082,-75.1659143,True,False,False,S354083512,
grycat,Gray Catbird,Dumetella carolinensis,L1069194,Philadelphia Naval Yard (restricted access),2026-06-07 06:34:00,1.0,39.8876082,-75.1659143,True,False,False,S354083512,
normoc,Northern Mockingbird,Mimus polyglottos,L1069194,Philadelphia Naval Yard (restricted access),2026-06-07 06:34:00,3.0,39.8876082,-75.1659143,True,False,False,S354083512,
houspa,House Sparrow,Passer domesticus,L1069194,Philadelphia Naval Yard (restricted access),2026-06-07 06:34:00,8.0,39.8876082,-75.1659143,True,False,False,S354083512,N
houfin,House Finch,Haemorhous mexicanus,L1069194,Philadelphia Naval Yard (restricted access),2026-06-07 06:34:00,2.0,39.8876082,-75.1659143,True,False,False,S354083512,N
amegfi,American Goldfinch,Spinus tristis,L1069194,Philadelphia Naval Yard (restricted access),2026-06-07 06:34:00,5.0,39.8876082,-75.1659143,True,False,False,S354083512,
comgra,Common Grackle,Quiscalus quiscula,L1069194,Philadelphia Naval Yard (restricted access),2026-06-07 06:34:00,1.0,39.8876082,-75.1659143,True,False,False,S354083512,
norcar,Northern Cardinal,Cardinalis cardinalis,L1069194,Philadelphia Naval Yard (restricted access),2026-06-07 06:34:00,1.0,39.8876082,-75.1659143,True,False,False,S354083512,
osprey,Osprey,Pandion haliaetus,L1069194,Philadelphia Naval Yard (restricted access),2026-06-08 13:52:00,4.0,39.8876082,-75.1659143,True,False,False,S354629957,
houfin,House Finch,Haemorhous mexicanus,L1069194,Philadelphia Naval Yard (restricted access),2026-06-08 13:52:00,1.0,39.8876082,-75.1659143,True,False,False,S354629957,N
cangoo,Canada Goose,Branta canadensis,L1069194,Philadelphia Naval Yard (restricted access),2026-06-08 05:52:00,13.0,39.8876082,-75.1659143,True,False,False,S354510020,
mallar3,Mallard,Anas platyrhynchos,L1069194,Philadelphia Naval Yard (restricted access),2026-06-08 05:52:00,4.0,39.8876082,-75.1659143,True,False,False,S354510020,
rocpig,Rock Pigeon,Columba livia,L1069194,Philadelphia Naval Yard (restricted access),2026-06-08 05:52:00,11.0,39.8876082,-75.1659143,True,False,False,S354510020,N
moudov,Mourning Dove,Zenaida macroura,L1069194,Philadelphia Naval Yard (restricted access),2026-06-08 05:52:00,1.0,39.8876082,-75.1659143,True,False,False,S354510020,
chiswi,Chimney Swift,Chaetura pelagica,L1069194,Philadelphia Naval Yard (restricted access),2026-06-08 05:52:00,3.0,39.8876082,-75.1659143,True,False,False,S354510020,
laugul,Laughing Gull,Leucophaeus atricilla,L1069194,Philadelphia Naval Yard (restricted access),2026-06-08 05:52:00,1.0,39.8876082,-75.1659143,True,False,False,S354510020,
ribgul,Ring-billed Gull,Larus delawarensis,L1069194,Philadelphia Naval Yard (restricted access),2026-06-08 05:52:00,8.0,39.8876082,-75.1659143,True,False,False,S354510020,
caster1,Caspian Tern,Hydroprogne caspia,L1069194,Philadelphia Naval Yard (restricted access),2026-06-08 05:52:00,1.0,39.8876082,-75.1659143,True,False,False,S354510020,
doccor,Double-crested Cormorant,Nannopterum auritum,L1069194,Philadelphia Naval Yard (restricted access),2026-06-08 05:52:00,13.0,39.8876082,-75.1659143,True,False,False,S354510020,
grbher3,Great Blue Heron,Ardea herodias,L1069194,Philadelphia Naval Yard (restricted access),2026-06-08 05:52:00,1.0,39.8876082,-75.1659143,True,False,False,S354510020,
turvul,Turkey Vulture,Cathartes aura,L1069194,Philadelphia Naval Yard (restricted access),2026-06-08 05:52:00,2.0,39.8876082,-75.1659143,True,False,False,S354510020,
baleag,Bald Eagle,Haliaeetus leucocephalus,L1069194,Philadelphia Naval Yard (restricted access),2026-06-08 05:52:00,2.0,39.8876082,-75.1659143,True,False,False,S354510020,
grcfly,Great Crested Flycatcher,Myiarchus crinitus,L1069194,Philadelphia Naval Yard (restricted access),2026-06-08 05:52:00,1.0,39.8876082,-75.1659143,True,False,False,S354510020,
easkin,Eastern Kingbird,Tyrannus tyrannus,L1069194,Philadelphia Naval Yard (restricted access),2026-06-08 05:52:00,3.0,39.8876082,-75.1659143,True,False,False,S354510020,
eawvir1,Eastern Warbling Vireo,Vireo gilvus,L1069194,Philadelphia Naval Yard (restricted access),2026-06-08 05:52:00,2.0,39.8876082,-75.1659143,True,False,False,S354510020,
blujay,Blue Jay,Cyanocitta cristata,L1069194,Philadelphia Naval Yard (restricted access),2026-06-08 05:52:00,1.0,39.8876082,-75.1659143,True,False,False,S354510020,
amecro,American Crow,Corvus brachyrhynchos,L1069194,Philadelphia Naval Yard (restricted access),2026-06-08 05:52:00,1.0,39.8876082,-75.1659143,True,False,False,S354510020,
fiscro,Fish Crow,Corvus ossifragus,L1069194,Philadelphia Naval Yard (restricted access),2026-06-08 05:52:00,1.0,39.8876082,-75.1659143,True,False,False,S354510020,
nrwswa,Northern Rough-winged Swallow,Stelgidopteryx serripennis,L1069194,Philadelphia Naval Yard (restricted access),2026-06-08 05:52:00,1.0,39.8876082,-75.1659143,True,False,False,S354510020,
barswa,Barn Swallow,Hirundo rustica,L1069194,Philadelphia Naval Yard (restricted access),2026-06-08 05:52:00,4.0,39.8876082,-75.1659143,True,False,False,S354510020,
carwre,Carolina Wren,Thryothorus ludovicianus,L1069194,Philadelphia Naval Yard (restricted access),2026-06-08 05:52:00,1.0,39.8876082,-75.1659143,True,False,False,S354510020,
eursta,European Starling,Sturnus vulgaris,L1069194,Philadelphia Naval Yard (restricted access),2026-06-08 05:52:00,4.0,39.8876082,-75.1659143,True,False,False,S354510020,N
grycat,Gray Catbird,Dumetella carolinensis,L1069194,Philadelphia Naval Yard (restricted access),2026-06-08 05:52:00,2.0,39.8876082,-75.1659143,True,False,False,S354510020,
normoc,Northern Mockingbird,Mimus polyglottos,L1069194,Philadelphia Naval Yard (restricted access),2026-06-08 05:52:00,2.0,39.8876082,-75.1659143,True,False,False,S354510020,
amerob,American Robin,Turdus migratorius,L1069194,Philadelphia Naval Yard (restricted access),2026-06-08 05:52:00,6.0,39.8876082,-75.1659143,True,False,False,S354510020,
cedwax,Cedar Waxwing,Bombycilla cedrorum,L1069194,Philadelphia Naval Yard (restricted access),2026-06-08 05:52:00,8.0,39.8876082,-75.1659143,True,False,False,S354510020,
houspa,House Sparrow,Passer domesticus,L1069194,Philadelphia Naval Yard (restricted access),2026-06-08 05:52:00,9.0,39.8876082,-75.1659143,True,False,False,S354510020,N
orcori,Orchard Oriole,Icterus spurius,L1069194,Philadelphia Naval Yard (restricted access),2026-06-08 05:52:00,1.0,39.8876082,-75.1659143,True,False,False,S354510020,
balori,Baltimore Oriole,Icterus galbula,L1069194,Philadelphia Naval Yard (restricted access),2026-06-08 05:52:00,5.0,39.8876082,-75.1659143,True,False,False,S354510020,
rewbla,Red-winged Blackbird,Agelaius phoeniceus,L1069194,Philadelphia Naval Yard (restricted access),2026-06-08 05:52:00,1.0,39.8876082,-75.1659143,True,False,False,S354510020,
bnhcow,Brown-headed Cowbird,Molothrus ater,L1069194,Philadelphia Naval Yard (restricted access),2026-06-08 05:52:00,3.0,39.8876082,-75.1659143,True,False,False,S354510020,
comgra,Common Grackle,Quiscalus quiscula,L1069194,Philadelphia Naval Yard (restricted access),2026-06-08 05:52:00,1.0,39.8876082,-75.1659143,True,False,False,S354510020,
norcar,Northern Cardinal,Cardinalis cardinalis,L1069194,Philadelphia Naval Yard (restricted access),2026-06-08 05:52:00,2.0,39.8876082,-75.1659143,True,False,False,S354510020,
indbun,Indigo Bunting,Passerina cyanea,L1069194,Philadelphia Naval Yard (restricted access),2026-06-08 05:52:00,2.0,39.8876082,-75.1659143,True,False,False,S354510020,
cangoo,Canada Goose,Branta canadensis,L1069194,Philadelphia Naval Yard (restricted access),2026-06-09 06:03:00,44.0,39.8876082,-75.1659143,True,False,False,S354959692,
mallar3,Mallard,Anas platyrhynchos,L1069194,Philadelphia Naval Yard (restricted access),2026-06-09 06:03:00,6.0,39.8876082,-75.1659143,True,False,False,S354959692,
rocpig,Rock Pigeon,Columba livia,L1069194,Philadelphia Naval Yard (restricted access),2026-06-09 06:03:00,1.0,39.8876082,-75.1659143,True,False,False,S354959692,N
moudov,Mourning Dove,Zenaida macroura,L1069194,Philadelphia Naval Yard (restricted access),2026-06-09 06:03:00,1.0,39.8876082,-75.1659143,True,False,False,S354959692,
chiswi,Chimney Swift,Chaetura pelagica,L1069194,Philadelphia Naval Yard (restricted access),2026-06-09 06:03:00,1.0,39.8876082,-75.1659143,True,False,False,S354959692,
laugul,Laughing Gull,Leucophaeus atricilla,L1069194,Philadelphia Naval Yard (restricted access),2026-06-09 06:03:00,1.0,39.8876082,-75.1659143,True,False,False,S354959692,
ribgul,Ring-billed Gull,Larus delawarensis,L1069194,Philadelphia Naval Yard (restricted access),2026-06-09 06:03:00,1.0,39.8876082,-75.1659143,True,False,False,S354959692,
doccor,Double-crested Cormorant,Nannopterum auritum,L1069194,Philadelphia Naval Yard (restricted access),2026-06-09 06:03:00,12.0,39.8876082,-75.1659143,True,False,False,S354959692,
osprey,Osprey,Pandion haliaetus,L1069194,Philadelphia Naval Yard (restricted access),2026-06-09 06:03:00,3.0,39.8876082,-75.1659143,True,False,False,S354959692,
baleag,Bald Eagle,Haliaeetus leucocephalus,L1069194,Philadelphia Naval Yard (restricted access),2026-06-09 06:03:00,1.0,39.8876082,-75.1659143,True,False,False,S354959692,
grcfly,Great Crested Flycatcher,Myiarchus crinitus,L1069194,Philadelphia Naval Yard (restricted access),2026-06-09 06:03:00,1.0,39.8876082,-75.1659143,True,False,False,S354959692,
easkin,Eastern Kingbird,Tyrannus tyrannus,L1069194,Philadelphia Naval Yard (restricted access),2026-06-09 06:03:00,3.0,39.8876082,-75.1659143,True,False,False,S354959692,
eawvir1,Eastern Warbling Vireo,Vireo gilvus,L1069194,Philadelphia Naval Yard (restricted access),2026-06-09 06:03:00,1.0,39.8876082,-75.1659143,True,False,False,S354959692,
reevir1,Red-eyed Vireo,Vireo olivaceus,L1069194,Philadelphia Naval Yard (restricted access),2026-06-09 06:03:00,1.0,39.8876082,-75.1659143,True,False,False,S354959692,
blujay,Blue Jay,Cyanocitta cristata,L1069194,Philadelphia Naval Yard (restricted access),2026-06-09 06:03:00,1.0,39.8876082,-75.1659143,True,False,False,S354959692,
amecro,American Crow,Corvus brachyrhynchos,L1069194,Philadelphia Naval Yard (restricted access),2026-06-09 06:03:00,1.0,39.8876082,-75.1659143,True,False,False,S354959692,
treswa,Tree Swallow,Tachycineta bicolor,L1069194,Philadelphia Naval Yard (restricted access),2026-06-09 06:03:00,1.0,39.8876082,-75.1659143,True,False,False,S354959692,
barswa,Barn Swallow,Hirundo rustica,L1069194,Philadelphia Naval Yard (restricted access),2026-06-09 06:03:00,1.0,39.8876082,-75.1659143,True,False,False,S354959692,
carwre,Carolina Wren,Thryothorus ludovicianus,L1069194,Philadelphia Naval Yard (restricted access),2026-06-09 06:03:00,1.0,39.8876082,-75.1659143,True,False,False,S354959692,
eursta,European Starling,Sturnus vulgaris,L1069194,Philadelphia Naval Yard (restricted access),2026-06-09 06:03:00,5.0,39.8876082,-75.1659143,True,False,False,S354959692,N
grycat,Gray Catbird,Dumetella carolinensis,L1069194,Philadelphia Naval Yard (restricted access),2026-06-09 06:03:00,2.0,39.8876082,-75.1659143,True,False,False,S354959692,
normoc,Northern Mockingbird,Mimus polyglottos,L1069194,Philadelphia Naval Yard (restricted access),2026-06-09 06:03:00,3.0,39.8876082,-75.1659143,True,False,False,S354959692,
amerob,American Robin,Turdus migratorius,L1069194,Philadelphia Naval Yard (restricted access),2026-06-09 06:03:00,8.0,39.8876082,-75.1659143,True,False,False,S354959692,
cedwax,Cedar Waxwing,Bombycilla cedrorum,L1069194,Philadelphia Naval Yard (restricted access),2026-06-09 06:03:00,9.0,39.8876082,-75.1659143,True,False,False,S354959692,
houspa,House Sparrow,Passer domesticus,L1069194,Philadelphia Naval Yard (restricted access),2026-06-09 06:03:00,13.0,39.8876082,-75.1659143,True,False,False,S354959692,N
houfin,House Finch,Haemorhous mexicanus,L1069194,Philadelphia Naval Yard (restricted access),2026-06-09 06:03:00,1.0,39.8876082,-75.1659143,True,False,False,S354959692,N
amegfi,American Goldfinch,Spinus tristis,L1069194,Philadelphia Naval Yard (restricted access),2026-06-09 06:03:00,2.0,39.8876082,-75.1659143,True,False,False,S354959692,
chispa,Chipping Sparrow,Spizella passerina,L1069194,Philadelphia Naval Yard (restricted access),2026-06-09 06:03:00,2.0,39.8876082,-75.1659143,True,False,False,S354959692,
orcori,Orchard Oriole,Icterus spurius,L1069194,Philadelphia Naval Yard (restricted access),2026-06-09 06:03:00,1.0,39.8876082,-75.1659143,True,False,False,S354959692,
balori,Baltimore Oriole,Icterus galbula,L1069194,Philadelphia Naval Yard (restricted access),2026-06-09 06:03:00,2.0,39.8876082,-75.1659143,True,False,False,S354959692,
rewbla,Red-winged Blackbird,Agelaius phoeniceus,L1069194,Philadelphia Naval Yard (restricted access),2026-06-09 06:03:00,1.0,39.8876082,-75.1659143,True,False,False,S354959692,
bnhcow,Brown-headed Cowbird,Molothrus ater,L1069194,Philadelphia Naval Yard (restricted access),2026-06-09 06:03:00,4.0,39.8876082,-75.1659143,True,False,False,S354959692,
norcar,Northern Cardinal,Cardinalis cardinalis,L1069194,Philadelphia Naval Yard (restricted access),2026-06-09 06:03:00,2.0,39.8876082,-75.1659143,True,False,False,S354959692,
indbun,Indigo Bunting,Passerina cyanea,L1069194,Philadelphia Naval Yard (restricted access),2026-06-09 06:03:00,2.0,39.8876082,-75.1659143,True,False,False,S354959692,
cangoo,Canada Goose,Branta canadensis,L1069194,Philadelphia Naval Yard (restricted access),2026-06-10 06:05:00,37.0,39.8876082,-75.1659143,True,False,False,S355420592,
mallar3,Mallard,Anas platyrhynchos,L1069194,Philadelphia Naval Yard (restricted access),2026-06-10 06:05:00,4.0,39.8876082,-75.1659143,True,False,False,S355420592,
rocpig,Rock Pigeon,Columba livia,L1069194,Philadelphia Naval Yard (restricted access),2026-06-10 06:05:00,12.0,39.8876082,-75.1659143,True,False,False,S355420592,N
laugul,Laughing Gull,Leucophaeus atricilla,L1069194,Philadelphia Naval Yard (restricted access),2026-06-10 06:05:00,2.0,39.8876082,-75.1659143,True,False,False,S355420592,
ribgul,Ring-billed Gull,Larus delawarensis,L1069194,Philadelphia Naval Yard (restricted access),2026-06-10 06:05:00,1.0,39.8876082,-75.1659143,True,False,False,S355420592,
caster1,Caspian Tern,Hydroprogne caspia,L1069194,Philadelphia Naval Yard (restricted access),2026-06-10 06:05:00,2.0,39.8876082,-75.1659143,True,False,False,S355420592,
doccor,Double-crested Cormorant,Nannopterum auritum,L1069194,Philadelphia Naval Yard (restricted access),2026-06-10 06:05:00,6.0,39.8876082,-75.1659143,True,False,False,S355420592,
grbher3,Great Blue Heron,Ardea herodias,L1069194,Philadelphia Naval Yard (restricted access),2026-06-10 06:05:00,1.0,39.8876082,-75.1659143,True,False,False,S355420592,
blkvul,Black Vulture,Coragyps atratus,L1069194,Philadelphia Naval Yard (restricted access),2026-06-10 06:05:00,1.0,39.8876082,-75.1659143,True,False,False,S355420592,
osprey,Osprey,Pandion haliaetus,L1069194,Philadelphia Naval Yard (restricted access),2026-06-10 06:05:00,5.0,39.8876082,-75.1659143,True,False,False,S355420592,
baleag,Bald Eagle,Haliaeetus leucocephalus,L1069194,Philadelphia Naval Yard (restricted access),2026-06-10 06:05:00,2.0,39.8876082,-75.1659143,True,False,False,S355420592,
easkin,Eastern Kingbird,Tyrannus tyrannus,L1069194,Philadelphia Naval Yard (restricted access),2026-06-10 06:05:00,4.0,39.8876082,-75.1659143,True,False,False,S355420592,
eawvir1,Eastern Warbling Vireo,Vireo gilvus,L1069194,Philadelphia Naval Yard (restricted access),2026-06-10 06:05:00,1.0,39.8876082,-75.1659143,True,False,False,S355420592,
reevir1,Red-eyed Vireo,Vireo olivaceus,L1069194,Philadelphia Naval Yard (restricted access),2026-06-10 06:05:00,1.0,39.8876082,-75.1659143,True,False,False,S355420592,
amecro,American Crow,Corvus brachyrhynchos,L1069194,Philadelphia Naval Yard (restricted access),2026-06-10 06:05:00,1.0,39.8876082,-75.1659143,True,False,False,S355420592,
treswa,Tree Swallow,Tachycineta bicolor,L1069194,Philadelphia Naval Yard (restricted access),2026-06-10 06:05:00,2.0,39.8876082,-75.1659143,True,False,False,S355420592,
nrwswa,Northern Rough-winged Swallow,Stelgidopteryx serripennis,L1069194,Philadelphia Naval Yard (restricted access),2026-06-10 06:05:00,1.0,39.8876082,-75.1659143,True,False,False,S355420592,
barswa,Barn Swallow,Hirundo rustica,L1069194,Philadelphia Naval Yard (restricted access),2026-06-10 06:05:00,4.0,39.8876082,-75.1659143,True,False,False,S355420592,
eursta,European Starling,Sturnus vulgaris,L1069194,Philadelphia Naval Yard (restricted access),2026-06-10 06:05:00,7.0,39.8876082,-75.1659143,True,False,False,S355420592,N
grycat,Gray Catbird,Dumetella carolinensis,L1069194,Philadelphia Naval Yard (restricted access),2026-06-10 06:05:00,3.0,39.8876082,-75.1659143,True,False,False,S355420592,
normoc,Northern Mockingbird,Mimus polyglottos,L1069194,Philadelphia Naval Yard (restricted access),2026-06-10 06:05:00,2.0,39.8876082,-75.1659143,True,False,False,S355420592,
amerob,American Robin,Turdus migratorius,L1069194,Philadelphia Naval Yard (restricted access),2026-06-10 06:05:00,5.0,39.8876082,-75.1659143,True,False,False,S355420592,
cedwax,Cedar Waxwing,Bombycilla cedrorum,L1069194,Philadelphia Naval Yard (restricted access),2026-06-10 06:05:00,8.0,39.8876082,-75.1659143,True,False,False,S355420592,
houspa,House Sparrow,Passer domesticus,L1069194,Philadelphia Naval Yard (restricted access),2026-06-10 06:05:00,16.0,39.8876082,-75.1659143,True,False,False,S355420592,N
amegfi,American Goldfinch,Spinus tristis,L1069194,Philadelphia Naval Yard (restricted access),2026-06-10 06:05:00,1.0,39.8876082,-75.1659143,True,False,False,S355420592,
chispa,Chipping Sparrow,Spizella passerina,L1069194,Philadelphia Naval Yard (restricted access),2026-06-10 06:05:00,1.0,39.8876082,-75.1659143,True,False,False,S355420592,
orcori,Orchard Oriole,Icterus spurius,L1069194,Philadelphia Naval Yard (restricted access),2026-06-10 06:05:00,1.0,39.8876082,-75.1659143,True,False,False,S355420592,
balori,Baltimore Oriole,Icterus galbula,L1069194,Philadelphia Naval Yard (restricted access),2026-06-10 06:05:00,3.0,39.8876082,-75.1659143,True,False,False,S355420592,
rewbla,Red-winged Blackbird,Agelaius phoeniceus,L1069194,Philadelphia Naval Yard (restricted access),2026-06-10 06:05:00,1.0,39.8876082,-75.1659143,True,False,False,S355420592,
bnhcow,Brown-headed Cowbird,Molothrus ater,L1069194,Philadelphia Naval Yard (restricted access),2026-06-10 06:05:00,2.0,39.8876082,-75.1659143,True,False,False,S355420592,
norcar,Northern Cardinal,Cardinalis cardinalis,L1069194,Philadelphia Naval Yard (restricted access),2026-06-10 06:05:00,1.0,39.8876082,-75.1659143,True,False,False,S355420592,
indbun,Indigo Bunting,Passerina cyanea,L1069194,Philadelphia Naval Yard (restricted access),2026-06-10 06:05:00,1.0,39.8876082,-75.1659143,True,False,False,S355420592,
cangoo,Canada Goose,Branta canadensis,L1069194,Philadelphia Naval Yard (restricted access),2026-06-11 06:05:00,172.0,39.8876082,-75.1659143,True,True,False,S355757021,
mallar3,Mallard,Anas platyrhynchos,L1069194,Philadelphia Naval Yard (restricted access),2026-06-11 06:05:00,6.0,39.8876082,-75.1659143,True,False,False,S355757021,
rocpig,Rock Pigeon,Columba livia,L1069194,Philadelphia Naval Yard (restricted access),2026-06-11 06:05:00,8.0,39.8876082,-75.1659143,True,False,False,S355757021,N
moudov,Mourning Dove,Zenaida macroura,L1069194,Philadelphia Naval Yard (restricted access),2026-06-11 06:05:00,1.0,39.8876082,-75.1659143,True,False,False,S355757021,
chiswi,Chimney Swift,Chaetura pelagica,L1069194,Philadelphia Naval Yard (restricted access),2026-06-11 06:05:00,2.0,39.8876082,-75.1659143,True,False,False,S355757021,
ribgul,Ring-billed Gull,Larus delawarensis,L1069194,Philadelphia Naval Yard (restricted access),2026-06-11 06:05:00,2.0,39.8876082,-75.1659143,True,False,False,S355757021,
doccor,Double-crested Cormorant,Nannopterum auritum,L1069194,Philadelphia Naval Yard (restricted access),2026-06-11 06:05:00,16.0,39.8876082,-75.1659143,True,False,False,S355757021,
grnher,Green Heron,Butorides virescens,L1069194,Philadelphia Naval Yard (restricted access),2026-06-11 06:05:00,1.0,39.8876082,-75.1659143,True,False,False,S355757021,
greegr,Great Egret,Ardea alba,L1069194,Philadelphia Naval Yard (restricted access),2026-06-11 06:05:00,1.0,39.8876082,-75.1659143,True,False,False,S355757021,
blkvul,Black Vulture,Coragyps atratus,L1069194,Philadelphia Naval Yard (restricted access),2026-06-11 06:05:00,1.0,39.8876082,-75.1659143,True,False,False,S355757021,
osprey,Osprey,Pandion haliaetus,L1069194,Philadelphia Naval Yard (restricted access),2026-06-11 06:05:00,3.0,39.8876082,-75.1659143,True,False,False,S355757021,
baleag,Bald Eagle,Haliaeetus leucocephalus,L1069194,Philadelphia Naval Yard (restricted access),2026-06-11 06:05:00,3.0,39.8876082,-75.1659143,True,False,False,S355757021,
grcfly,Great Crested Flycatcher,Myiarchus crinitus,L1069194,Philadelphia Naval Yard (restricted access),2026-06-11 06:05:00,1.0,39.8876082,-75.1659143,True,False,False,S355757021,
easkin,Eastern Kingbird,Tyrannus tyrannus,L1069194,Philadelphia Naval Yard (restricted access),2026-06-11 06:05:00,5.0,39.8876082,-75.1659143,True,False,False,S355757021,
eawvir1,Eastern Warbling Vireo,Vireo gilvus,L1069194,Philadelphia Naval Yard (restricted access),2026-06-11 06:05:00,2.0,39.8876082,-75.1659143,True,False,False,S355757021,
reevir1,Red-eyed Vireo,Vireo olivaceus,L1069194,Philadelphia Naval Yard (restricted access),2026-06-11 06:05:00,1.0,39.8876082,-75.1659143,True,False,False,S355757021,
blujay,Blue Jay,Cyanocitta cristata,L1069194,Philadelphia Naval Yard (restricted access),2026-06-11 06:05:00,1.0,39.8876082,-75.1659143,True,False,False,S355757021,
amecro,American Crow,Corvus brachyrhynchos,L1069194,Philadelphia Naval Yard (restricted access),2026-06-11 06:05:00,1.0,39.8876082,-75.1659143,True,False,False,S355757021,
nrwswa,Northern Rough-winged Swallow,Stelgidopteryx serripennis,L1069194,Philadelphia Naval Yard (restricted access),2026-06-11 06:05:00,2.0,39.8876082,-75.1659143,True,False,False,S355757021,
barswa,Barn Swallow,Hirundo rustica,L1069194,Philadelphia Naval Yard (restricted access),2026-06-11 06:05:00,10.0,39.8876082,-75.1659143,True,False,False,S355757021,
carwre,Carolina Wren,Thryothorus ludovicianus,L1069194,Philadelphia Naval Yard (restricted access),2026-06-11 06:05:00,1.0,39.8876082,-75.1659143,True,False,False,S355757021,
eursta,European Starling,Sturnus vulgaris,L1069194,Philadelphia Naval Yard (restricted access),2026-06-11 06:05:00,15.0,39.8876082,-75.1659143,True,False,False,S355757021,N
grycat,Gray Catbird,Dumetella carolinensis,L1069194,Philadelphia Naval Yard (restricted access),2026-06-11 06:05:00,1.0,39.8876082,-75.1659143,True,False,False,S355757021,
normoc,Northern Mockingbird,Mimus polyglottos,L1069194,Philadelphia Naval Yard (restricted access),2026-06-11 06:05:00,5.0,39.8876082,-75.1659143,True,False,False,S355757021,
amerob,American Robin,Turdus migratorius,L1069194,Philadelphia Naval Yard (restricted access),2026-06-11 06:05:00,9.0,39.8876082,-75.1659143,True,False,False,S355757021,
cedwax,Cedar Waxwing,Bombycilla cedrorum,L1069194,Philadelphia Naval Yard (restricted access),2026-06-11 06:05:00,4.0,39.8876082,-75.1659143,True,False,False,S355757021,
houspa,House Sparrow,Passer domesticus,L1069194,Philadelphia Naval Yard (restricted access),2026-06-11 06:05:00,7.0,39.8876082,-75.1659143,True,False,False,S355757021,N
amegfi,American Goldfinch,Spinus tristis,L1069194,Philadelphia Naval Yard (restricted access),2026-06-11 06:05:00,2.0,39.8876082,-75.1659143,True,False,False,S355757021,
orcori,Orchard Oriole,Icterus spurius,L1069194,Philadelphia Naval Yard (restricted access),2026-06-11 06:05:00,2.0,39.8876082,-75.1659143,True,False,False,S355757021,
balori,Baltimore Oriole,Icterus galbula,L1069194,Philadelphia Naval Yard (restricted access),2026-06-11 06:05:00,4.0,39.8876082,-75.1659143,True,False,False,S355757021,
rewbla,Red-winged Blackbird,Agelaius phoeniceus,L1069194,Philadelphia Naval Yard (restricted access),2026-06-11 06:05:00,2.0,39.8876082,-75.1659143,True,False,False,S355757021,
bnhcow,Brown-headed Cowbird,Molothrus ater,L1069194,Philadelphia Naval Yard (restricted access),2026-06-11 06:05:00,3.0,39.8876082,-75.1659143,True,False,False,S355757021,
comgra,Common Grackle,Quiscalus quiscula,L1069194,Philadelphia Naval Yard (restricted access),2026-06-11 06:05:00,5.0,39.8876082,-75.1659143,True,False,False,S355757021,
comyel,Common Yellowthroat,Geothlypis trichas,L1069194,Philadelphia Naval Yard (restricted access),2026-06-11 06:05:00,1.0,39.8876082,-75.1659143,True,False,False,S355757021,
norcar,Northern Cardinal,Cardinalis cardinalis,L1069194,Philadelphia Naval Yard (restricted access),2026-06-11 06:05:00,3.0,39.8876082,-75.1659143,True,False,False,S355757021,
blugrb1,Blue Grosbeak,Passerina caerulea,L1069194,Philadelphia Naval Yard (restricted access),2026-06-11 06:05:00,1.0,39.8876082,-75.1659143,True,False,False,S355757021,
indbun,Indigo Bunting,Passerina cyanea,L1069194,Philadelphia Naval Yard (restricted access),2026-06-11 06:05:00,2.0,39.8876082,-75.1659143,True,False,False,S355757021,
rocpig,Rock Pigeon,Columba livia,L1069194,Philadelphia Naval Yard (restricted access),2026-06-12 10:12:00,1.0,39.8876082,-75.1659143,True,False,False,S356195640,N
moudov,Mourning Dove,Zenaida macroura,L1069194,Philadelphia Naval Yard (restricted access),2026-06-12 10:12:00,1.0,39.8876082,-75.1659143,True,False,False,S356195640,
fiscro,Fish Crow,Corvus ossifragus,L1069194,Philadelphia Naval Yard (restricted access),2026-06-12 10:12:00,1.0,39.8876082,-75.1659143,True,False,False,S356195640,
eursta,European Starling,Sturnus vulgaris,L1069194,Philadelphia Naval Yard (restricted access),2026-06-12 10:12:00,2.0,39.8876082,-75.1659143,True,False,False,S356195640,N
houspa,House Sparrow,Passer domesticus,L1069194,Philadelphia Naval Yard (restricted access),2026-06-12 10:12:00,1.0,39.8876082,-75.1659143,True,False,False,S356195640,N
houfin,House Finch,Haemorhous mexicanus,L1069194,Philadelphia Naval Yard (restricted access),2026-06-12 10:12:00,1.0,39.8876082,-75.1659143,True,False,False,S356195640,N
rewbla,Red-winged Blackbird,Agelaius phoeniceus,L1069194,Philadelphia Naval Yard (restricted access),2026-06-12 10:12:00,1.0,39.8876082,-75.1659143,True,False,False,S356195640,
doccor,Double-crested Cormorant,Nannopterum auritum,L1069194,Philadelphia Naval Yard (restricted access),2026-06-12 08:38:00,1.0,39.8876082,-75.1659143,True,False,False,S356148022,
cangoo,Canada Goose,Branta canadensis,L1069194,Philadelphia Naval Yard (restricted access),2026-06-12 06:18:00,29.0,39.8876082,-75.1659143,True,False,False,S356254312,
mallar3,Mallard,Anas platyrhynchos,L1069194,Philadelphia Naval Yard (restricted access),2026-06-12 06:18:00,4.0,39.8876082,-75.1659143,True,False,False,S356254312,
chiswi,Chimney Swift,Chaetura pelagica,L1069194,Philadelphia Naval Yard (restricted access),2026-06-12 06:18:00,6.0,39.8876082,-75.1659143,True,False,False,S356254312,
osprey,Osprey,Pandion haliaetus,L1069194,Philadelphia Naval Yard (restricted access),2026-06-12 06:18:00,5.0,39.8876082,-75.1659143,True,False,False,S356254312,
dowwoo,Downy Woodpecker,Dryobates pubescens,L1069194,Philadelphia Naval Yard (restricted access),2026-06-12 06:18:00,1.0,39.8876082,-75.1659143,True,False,False,S356254312,
grcfly,Great Crested Flycatcher,Myiarchus crinitus,L1069194,Philadelphia Naval Yard (restricted access),2026-06-12 06:18:00,2.0,39.8876082,-75.1659143,True,False,False,S356254312,
easkin,Eastern Kingbird,Tyrannus tyrannus,L1069194,Philadelphia Naval Yard (restricted access),2026-06-12 06:18:00,4.0,39.8876082,-75.1659143,True,False,False,S356254312,
eawvir1,Eastern Warbling Vireo,Vireo gilvus,L1069194,Philadelphia Naval Yard (restricted access),2026-06-12 06:18:00,3.0,39.8876082,-75.1659143,True,False,False,S356254312,
reevir1,Red-eyed Vireo,Vireo olivaceus,L1069194,Philadelphia Naval Yard (restricted access),2026-06-12 06:18:00,1.0,39.8876082,-75.1659143,True,False,False,S356254312,
blujay,Blue Jay,Cyanocitta cristata,L1069194,Philadelphia Naval Yard (restricted access),2026-06-12 06:18:00,1.0,39.8876082,-75.1659143,True,False,False,S356254312,
amecro,American Crow,Corvus brachyrhynchos,L1069194,Philadelphia Naval Yard (restricted access),2026-06-12 06:18:00,1.0,39.8876082,-75.1659143,True,False,False,S356254312,
treswa,Tree Swallow,Tachycineta bicolor,L1069194,Philadelphia Naval Yard (restricted access),2026-06-12 06:18:00,4.0,39.8876082,-75.1659143,True,False,False,S356254312,
nrwswa,Northern Rough-winged Swallow,Stelgidopteryx serripennis,L1069194,Philadelphia Naval Yard (restricted access),2026-06-12 06:18:00,5.0,39.8876082,-75.1659143,True,False,False,S356254312,
barswa,Barn Swallow,Hirundo rustica,L1069194,Philadelphia Naval Yard (restricted access),2026-06-12 06:18:00,4.0,39.8876082,-75.1659143,True,False,False,S356254312,
buggna,Blue-gray Gnatcatcher,Polioptila caerulea,L1069194,Philadelphia Naval Yard (restricted access),2026-06-12 06:18:00,2.0,39.8876082,-75.1659143,True,False,False,S356254312,
houwre,Northern House Wren,Troglodytes aedon,L1069194,Philadelphia Naval Yard (restricted access),2026-06-12 06:18:00,3.0,39.8876082,-75.1659143,True,False,False,S356254312,
carwre,Carolina Wren,Thryothorus ludovicianus,L1069194,Philadelphia Naval Yard (restricted access),2026-06-12 06:18:00,2.0,39.8876082,-75.1659143,True,False,False,S356254312,
grycat,Gray Catbird,Dumetella carolinensis,L1069194,Philadelphia Naval Yard (restricted access),2026-06-12 06:18:00,6.0,39.8876082,-75.1659143,True,False,False,S356254312,
normoc,Northern Mockingbird,Mimus polyglottos,L1069194,Philadelphia Naval Yard (restricted access),2026-06-12 06:18:00,7.0,39.8876082,-75.1659143,True,False,False,S356254312,
amerob,American Robin,Turdus migratorius,L1069194,Philadelphia Naval Yard (restricted access),2026-06-12 06:18:00,16.0,39.8876082,-75.1659143,True,False,False,S356254312,
cedwax,Cedar Waxwing,Bombycilla cedrorum,L1069194,Philadelphia Naval Yard (restricted access),2026-06-12 06:18:00,9.0,39.8876082,-75.1659143,True,False,False,S356254312,
amegfi,American Goldfinch,Spinus tristis,L1069194,Philadelphia Naval Yard (restricted access),2026-06-12 06:18:00,6.0,39.8876082,-75.1659143,True,False,False,S356254312,
chispa,Chipping Sparrow,Spizella passerina,L1069194,Philadelphia Naval Yard (restricted access),2026-06-12 06:18:00,6.0,39.8876082,-75.1659143,True,False,False,S356254312,
fiespa,Field Sparrow,Spizella pusilla,L1069194,Philadelphia Naval Yard (restricted access),2026-06-12 06:18:00,4.0,39.8876082,-75.1659143,True,False,False,S356254312,
sonspa,Song Sparrow,Melospiza melodia,L1069194,Philadelphia Naval Yard (restricted access),2026-06-12 06:18:00,2.0,39.8876082,-75.1659143,True,False,False,S356254312,
eastow,Eastern Towhee,Pipilo erythrophthalmus,L1069194,Philadelphia Naval Yard (restricted access),2026-06-12 06:18:00,2.0,39.8876082,-75.1659143,True,False,False,S356254312,
orcori,Orchard Oriole,Icterus spurius,L1069194,Philadelphia Naval Yard (restricted access),2026-06-12 06:18:00,2.0,39.8876082,-75.1659143,True,False,False,S356254312,
balori,Baltimore Oriole,Icterus galbula,L1069194,Philadelphia Naval Yard (restricted access),2026-06-12 06:18:00,4.0,39.8876082,-75.1659143,True,False,False,S356254312,
bnhcow,Brown-headed Cowbird,Molothrus ater,L1069194,Philadelphia Naval Yard (restricted access),2026-06-12 06:18:00,3.0,39.8876082,-75.1659143,True,False,False,S356254312,
comgra,Common Grackle,Quiscalus quiscula,L1069194,Philadelphia Naval Yard (restricted access),2026-06-12 06:18:00,1.0,39.8876082,-75.1659143,True,False,False,S356254312,
comyel,Common Yellowthroat,Geothlypis trichas,L1069194,Philadelphia Naval Yard (restricted access),2026-06-12 06:18:00,1.0,39.8876082,-75.1659143,True,False,False,S356254312,
yelwar1,Northern Yellow Warbler,Setophaga aestiva,L1069194,Philadelphia Naval Yard (restricted access),2026-06-12 06:18:00,2.0,39.8876082,-75.1659143,True,False,False,S356254312,
norcar,Northern Cardinal,Cardinalis cardinalis,L1069194,Philadelphia Naval Yard (restricted access),2026-06-12 06:18:00,4.0,39.8876082,-75.1659143,True,False,False,S356254312,
indbun,Indigo Bunting,Passerina cyanea,L1069194,Philadelphia Naval Yard (restricted access),2026-06-12 06:18:00,4.0,39.8876082,-75.1659143,True,False,False,S356254312,
cangoo,Canada Goose,Branta canadensis,L1069194,Philadelphia Naval Yard (restricted access),2026-06-15 06:06:00,114.0,39.8876082,-75.1659143,True,True,False,S357748117,
mallar3,Mallard,Anas platyrhynchos,L1069194,Philadelphia Naval Yard (restricted access),2026-06-15 06:06:00,1.0,39.8876082,-75.1659143,True,False,False,S357748117,
rocpig,Rock Pigeon,Columba livia,L1069194,Philadelphia Naval Yard (restricted access),2026-06-15 06:06:00,3.0,39.8876082,-75.1659143,True,False,False,S357748117,N
chiswi,Chimney Swift,Chaetura pelagica,L1069194,Philadelphia Naval Yard (restricted access),2026-06-15 06:06:00,2.0,39.8876082,-75.1659143,True,False,False,S357748117,
ribgul,Ring-billed Gull,Larus delawarensis,L1069194,Philadelphia Naval Yard (restricted access),2026-06-15 06:06:00,2.0,39.8876082,-75.1659143,True,False,False,S357748117,
doccor,Double-crested Cormorant,Nannopterum auritum,L1069194,Philadelphia Naval Yard (restricted access),2026-06-15 06:06:00,5.0,39.8876082,-75.1659143,True,False,False,S357748117,
turvul,Turkey Vulture,Cathartes aura,L1069194,Philadelphia Naval Yard (restricted access),2026-06-15 06:06:00,1.0,39.8876082,-75.1659143,True,False,False,S357748117,
osprey,Osprey,Pandion haliaetus,L1069194,Philadelphia Naval Yard (restricted access),2026-06-15 06:06:00,4.0,39.8876082,-75.1659143,True,False,False,S357748117,
baleag,Bald Eagle,Haliaeetus leucocephalus,L1069194,Philadelphia Naval Yard (restricted access),2026-06-15 06:06:00,2.0,39.8876082,-75.1659143,True,False,False,S357748117,
easkin,Eastern Kingbird,Tyrannus tyrannus,L1069194,Philadelphia Naval Yard (restricted access),2026-06-15 06:06:00,4.0,39.8876082,-75.1659143,True,False,False,S357748117,
nrwswa,Northern Rough-winged Swallow,Stelgidopteryx serripennis,L1069194,Philadelphia Naval Yard (restricted access),2026-06-15 06:06:00,1.0,39.8876082,-75.1659143,True,False,False,S357748117,
barswa,Barn Swallow,Hirundo rustica,L1069194,Philadelphia Naval Yard (restricted access),2026-06-15 06:06:00,3.0,39.8876082,-75.1659143,True,False,False,S357748117,
eursta,European Starling,Sturnus vulgaris,L1069194,Philadelphia Naval Yard (restricted access),2026-06-15 06:06:00,6.0,39.8876082,-75.1659143,True,False,False,S357748117,N
normoc,Northern Mockingbird,Mimus polyglottos,L1069194,Philadelphia Naval Yard (restricted access),2026-06-15 06:06:00,3.0,39.8876082,-75.1659143,True,False,False,S357748117,
amerob,American Robin,Turdus migratorius,L1069194,Philadelphia Naval Yard (restricted access),2026-06-15 06:06:00,7.0,39.8876082,-75.1659143,True,False,False,S357748117,
cedwax,Cedar Waxwing,Bombycilla cedrorum,L1069194,Philadelphia Naval Yard (restricted access),2026-06-15 06:06:00,5.0,39.8876082,-75.1659143,True,False,False,S357748117,
houspa,House Sparrow,Passer domesticus,L1069194,Philadelphia Naval Yard (restricted access),2026-06-15 06:06:00,7.0,39.8876082,-75.1659143,True,False,False,S357748117,N
houfin,House Finch,Haemorhous mexicanus,L1069194,Philadelphia Naval Yard (restricted access),2026-06-15 06:06:00,1.0,39.8876082,-75.1659143,True,False,False,S357748117,N
chispa,Chipping Sparrow,Spizella passerina,L1069194,Philadelphia Naval Yard (restricted access),2026-06-15 06:06:00,3.0,39.8876082,-75.1659143,True,False,False,S357748117,
orcori,Orchard Oriole,Icterus spurius,L1069194,Philadelphia Naval Yard (restricted access),2026-06-15 06:06:00,2.0,39.8876082,-75.1659143,True,False,False,S357748117,
balori,Baltimore Oriole,Icterus galbula,L1069194,Philadelphia Naval Yard (restricted access),2026-06-15 06:06:00,3.0,39.8876082,-75.1659143,True,False,False,S357748117,
comgra,Common Grackle,Quiscalus quiscula,L1069194,Philadelphia Naval Yard (restricted access),2026-06-15 06:06:00,3.0,39.8876082,-75.1659143,True,False,False,S357748117,
norcar,Northern Cardinal,Cardinalis cardinalis,L1069194,Philadelphia Naval Yard (restricted access),2026-06-15 06:06:00,2.0,39.8876082,-75.1659143,True,False,False,S357748117,
blugrb1,Blue Grosbeak,Passerina caerulea,L1069194,Philadelphia Naval Yard (restricted access),2026-06-15 06:06:00,1.0,39.8876082,-75.1659143,True,False,False,S357748117,
indbun,Indigo Bunting,Passerina cyanea,L1069194,Philadelphia Naval Yard (restricted access),2026-06-15 06:06:00,1.0,39.8876082,-75.1659143,True,False,False,S357748117,
cangoo,Canada Goose,Branta canadensis,L1069194,Philadelphia Naval Yard (restricted access),2026-06-16 06:10:00,92.0,39.8876082,-75.1659143,True,False,False,S358221669,
mallar3,Mallard,Anas platyrhynchos,L1069194,Philadelphia Naval Yard (restricted access),2026-06-16 06:10:00,3.0,39.8876082,-75.1659143,True,False,False,S358221669,
rocpig,Rock Pigeon,Columba livia,L1069194,Philadelphia Naval Yard (restricted access),2026-06-16 06:10:00,3.0,39.8876082,-75.1659143,True,False,False,S358221669,N
doccor,Double-crested Cormorant,Nannopterum auritum,L1069194,Philadelphia Naval Yard (restricted access),2026-06-16 06:10:00,11.0,39.8876082,-75.1659143,True,False,False,S358221669,
osprey,Osprey,Pandion haliaetus,L1069194,Philadelphia Naval Yard (restricted access),2026-06-16 06:10:00,6.0,39.8876082,-75.1659143,True,False,False,S358221669,
baleag,Bald Eagle,Haliaeetus leucocephalus,L1069194,Philadelphia Naval Yard (restricted access),2026-06-16 06:10:00,1.0,39.8876082,-75.1659143,True,False,False,S358221669,
dowwoo,Downy Woodpecker,Dryobates pubescens,L1069194,Philadelphia Naval Yard (restricted access),2026-06-16 06:10:00,1.0,39.8876082,-75.1659143,True,False,False,S358221669,
grcfly,Great Crested Flycatcher,Myiarchus crinitus,L1069194,Philadelphia Naval Yard (restricted access),2026-06-16 06:10:00,1.0,39.8876082,-75.1659143,True,False,False,S358221669,
easkin,Eastern Kingbird,Tyrannus tyrannus,L1069194,Philadelphia Naval Yard (restricted access),2026-06-16 06:10:00,3.0,39.8876082,-75.1659143,True,False,False,S358221669,
eawvir1,Eastern Warbling Vireo,Vireo gilvus,L1069194,Philadelphia Naval Yard (restricted access),2026-06-16 06:10:00,1.0,39.8876082,-75.1659143,True,False,False,S358221669,
reevir1,Red-eyed Vireo,Vireo olivaceus,L1069194,Philadelphia Naval Yard (restricted access),2026-06-16 06:10:00,1.0,39.8876082,-75.1659143,True,False,False,S358221669,
amecro,American Crow,Corvus brachyrhynchos,L1069194,Philadelphia Naval Yard (restricted access),2026-06-16 06:10:00,1.0,39.8876082,-75.1659143,True,False,False,S358221669,
carchi,Carolina Chickadee,Poecile carolinensis,L1069194,Philadelphia Naval Yard (restricted access),2026-06-16 06:10:00,2.0,39.8876082,-75.1659143,True,False,False,S358221669,
treswa,Tree Swallow,Tachycineta bicolor,L1069194,Philadelphia Naval Yard (restricted access),2026-06-16 06:10:00,2.0,39.8876082,-75.1659143,True,False,False,S358221669,
nrwswa,Northern Rough-winged Swallow,Stelgidopteryx serripennis,L1069194,Philadelphia Naval Yard (restricted access),2026-06-16 06:10:00,1.0,39.8876082,-75.1659143,True,False,False,S358221669,
barswa,Barn Swallow,Hirundo rustica,L1069194,Philadelphia Naval Yard (restricted access),2026-06-16 06:10:00,11.0,39.8876082,-75.1659143,True,False,False,S358221669,
buggna,Blue-gray Gnatcatcher,Polioptila caerulea,L1069194,Philadelphia Naval Yard (restricted access),2026-06-16 06:10:00,1.0,39.8876082,-75.1659143,True,False,False,S358221669,
carwre,Carolina Wren,Thryothorus ludovicianus,L1069194,Philadelphia Naval Yard (restricted access),2026-06-16 06:10:00,3.0,39.8876082,-75.1659143,True,False,False,S358221669,
eursta,European Starling,Sturnus vulgaris,L1069194,Philadelphia Naval Yard (restricted access),2026-06-16 06:10:00,11.0,39.8876082,-75.1659143,True,False,False,S358221669,N
grycat,Gray Catbird,Dumetella carolinensis,L1069194,Philadelphia Naval Yard (restricted access),2026-06-16 06:10:00,1.0,39.8876082,-75.1659143,True,False,False,S358221669,
normoc,Northern Mockingbird,Mimus polyglottos,L1069194,Philadelphia Naval Yard (restricted access),2026-06-16 06:10:00,6.0,39.8876082,-75.1659143,True,False,False,S358221669,
amerob,American Robin,Turdus migratorius,L1069194,Philadelphia Naval Yard (restricted access),2026-06-16 06:10:00,6.0,39.8876082,-75.1659143,True,False,False,S358221669,
cedwax,Cedar Waxwing,Bombycilla cedrorum,L1069194,Philadelphia Naval Yard (restricted access),2026-06-16 06:10:00,3.0,39.8876082,-75.1659143,True,False,False,S358221669,
houspa,House Sparrow,Passer domesticus,L1069194,Philadelphia Naval Yard (restricted access),2026-06-16 06:10:00,41.0,39.8876082,-75.1659143,True,False,False,S358221669,N
houfin,House Finch,Haemorhous mexicanus,L1069194,Philadelphia Naval Yard (restricted access),2026-06-16 06:10:00,4.0,39.8876082,-75.1659143,True,False,False,S358221669,N
amegfi,American Goldfinch,Spinus tristis,L1069194,Philadelphia Naval Yard (restricted access),2026-06-16 06:10:00,2.0,39.8876082,-75.1659143,True,False,False,S358221669,
chispa,Chipping Sparrow,Spizella passerina,L1069194,Philadelphia Naval Yard (restricted access),2026-06-16 06:10:00,3.0,39.8876082,-75.1659143,True,False,False,S358221669,
orcori,Orchard Oriole,Icterus spurius,L1069194,Philadelphia Naval Yard (restricted access),2026-06-16 06:10:00,2.0,39.8876082,-75.1659143,True,False,False,S358221669,
balori,Baltimore Oriole,Icterus galbula,L1069194,Philadelphia Naval Yard (restricted access),2026-06-16 06:10:00,4.0,39.8876082,-75.1659143,True,False,False,S358221669,
rewbla,Red-winged Blackbird,Agelaius phoeniceus,L1069194,Philadelphia Naval Yard (restricted access),2026-06-16 06:10:00,1.0,39.8876082,-75.1659143,True,False,False,S358221669,
bnhcow,Brown-headed Cowbird,Molothrus ater,L1069194,Philadelphia Naval Yard (restricted access),2026-06-16 06:10:00,2.0,39.8876082,-75.1659143,True,False,False,S358221669,
norcar,Northern Cardinal,Cardinalis cardinalis,L1069194,Philadelphia Naval Yard (restricted access),2026-06-16 06:10:00,5.0,39.8876082,-75.1659143,True,False,False,S358221669,
blugrb1,Blue Grosbeak,Passerina caerulea,L1069194,Philadelphia Naval Yard (restricted access),2026-06-16 06:10:00,1.0,39.8876082,-75.1659143,True,False,False,S358221669,
indbun,Indigo Bunting,Passerina cyanea,L1069194,Philadelphia Naval Yard (restricted access),2026-06-16 06:10:00,1.0,39.8876082,-75.1659143,True,False,False,S358221669,
grycat,Gray Catbird,Dumetella carolinensis,L1069194,Philadelphia Naval Yard (restricted access),2026-06-17 12:35:00,1.0,39.8876082,-75.1659143,True,False,False,S358764977,
cangoo,Canada Goose,Branta canadensis,L1069194,Philadelphia Naval Yard (restricted access),2026-06-17 06:18:00,122.0,39.8876082,-75.1659143,True,True,False,S358712916,
mallar3,Mallard,Anas platyrhynchos,L1069194,Philadelphia Naval Yard (restricted access),2026-06-17 06:18:00,5.0,39.8876082,-75.1659143,True,False,False,S358712916,
rocpig,Rock Pigeon,Columba livia,L1069194,Philadelphia Naval Yard (restricted access),2026-06-17 06:18:00,1.0,39.8876082,-75.1659143,True,False,False,S358712916,N
moudov,Mourning Dove,Zenaida macroura,L1069194,Philadelphia Naval Yard (restricted access),2026-06-17 06:18:00,1.0,39.8876082,-75.1659143,True,False,False,S358712916,
ribgul,Ring-billed Gull,Larus delawarensis,L1069194,Philadelphia Naval Yard (restricted access),2026-06-17 06:18:00,2.0,39.8876082,-75.1659143,True,False,False,S358712916,
caster1,Caspian Tern,Hydroprogne caspia,L1069194,Philadelphia Naval Yard (restricted access),2026-06-17 06:18:00,2.0,39.8876082,-75.1659143,True,False,False,S358712916,
comloo,Common Loon,Gavia immer,L1069194,Philadelphia Naval Yard (restricted access),2026-06-17 06:18:00,1.0,39.8876082,-75.1659143,True,True,False,S358712916,
doccor,Double-crested Cormorant,Nannopterum auritum,L1069194,Philadelphia Naval Yard (restricted access),2026-06-17 06:18:00,5.0,39.8876082,-75.1659143,True,False,False,S358712916,
osprey,Osprey,Pandion haliaetus,L1069194,Philadelphia Naval Yard (restricted access),2026-06-17 06:18:00,4.0,39.8876082,-75.1659143,True,False,False,S358712916,
baleag,Bald Eagle,Haliaeetus leucocephalus,L1069194,Philadelphia Naval Yard (restricted access),2026-06-17 06:18:00,1.0,39.8876082,-75.1659143,True,False,False,S358712916,
norfli,Northern Flicker,Colaptes auratus,L1069194,Philadelphia Naval Yard (restricted access),2026-06-17 06:18:00,1.0,39.8876082,-75.1659143,True,False,False,S358712916,
easkin,Eastern Kingbird,Tyrannus tyrannus,L1069194,Philadelphia Naval Yard (restricted access),2026-06-17 06:18:00,3.0,39.8876082,-75.1659143,True,False,False,S358712916,
reevir1,Red-eyed Vireo,Vireo olivaceus,L1069194,Philadelphia Naval Yard (restricted access),2026-06-17 06:18:00,1.0,39.8876082,-75.1659143,True,False,False,S358712916,
amecro,American Crow,Corvus brachyrhynchos,L1069194,Philadelphia Naval Yard (restricted access),2026-06-17 06:18:00,1.0,39.8876082,-75.1659143,True,False,False,S358712916,
treswa,Tree Swallow,Tachycineta bicolor,L1069194,Philadelphia Naval Yard (restricted access),2026-06-17 06:18:00,6.0,39.8876082,-75.1659143,True,False,False,S358712916,
nrwswa,Northern Rough-winged Swallow,Stelgidopteryx serripennis,L1069194,Philadelphia Naval Yard (restricted access),2026-06-17 06:18:00,3.0,39.8876082,-75.1659143,True,False,False,S358712916,
barswa,Barn Swallow,Hirundo rustica,L1069194,Philadelphia Naval Yard (restricted access),2026-06-17 06:18:00,7.0,39.8876082,-75.1659143,True,False,False,S358712916,
buggna,Blue-gray Gnatcatcher,Polioptila caerulea,L1069194,Philadelphia Naval Yard (restricted access),2026-06-17 06:18:00,1.0,39.8876082,-75.1659143,True,False,False,S358712916,
carwre,Carolina Wren,Thryothorus ludovicianus,L1069194,Philadelphia Naval Yard (restricted access),2026-06-17 06:18:00,1.0,39.8876082,-75.1659143,True,False,False,S358712916,
eursta,European Starling,Sturnus vulgaris,L1069194,Philadelphia Naval Yard (restricted access),2026-06-17 06:18:00,13.0,39.8876082,-75.1659143,True,False,False,S358712916,N
normoc,Northern Mockingbird,Mimus polyglottos,L1069194,Philadelphia Naval Yard (restricted access),2026-06-17 06:18:00,5.0,39.8876082,-75.1659143,True,False,False,S358712916,
amerob,American Robin,Turdus migratorius,L1069194,Philadelphia Naval Yard (restricted access),2026-06-17 06:18:00,6.0,39.8876082,-75.1659143,True,False,False,S358712916,
cedwax,Cedar Waxwing,Bombycilla cedrorum,L1069194,Philadelphia Naval Yard (restricted access),2026-06-17 06:18:00,5.0,39.8876082,-75.1659143,True,False,False,S358712916,
houspa,House Sparrow,Passer domesticus,L1069194,Philadelphia Naval Yard (restricted access),2026-06-17 06:18:00,33.0,39.8876082,-75.1659143,True,False,False,S358712916,N
houfin,House Finch,Haemorhous mexicanus,L1069194,Philadelphia Naval Yard (restricted access),2026-06-17 06:18:00,3.0,39.8876082,-75.1659143,True,False,False,S358712916,N
amegfi,American Goldfinch,Spinus tristis,L1069194,Philadelphia Naval Yard (restricted access),2026-06-17 06:18:00,4.0,39.8876082,-75.1659143,True,False,False,S358712916,
chispa,Chipping Sparrow,Spizella passerina,L1069194,Philadelphia Naval Yard (restricted access),2026-06-17 06:18:00,2.0,39.8876082,-75.1659143,True,False,False,S358712916,
sonspa,Song Sparrow,Melospiza melodia,L1069194,Philadelphia Naval Yard (restricted access),2026-06-17 06:18:00,1.0,39.8876082,-75.1659143,True,False,False,S358712916,
orcori,Orchard Oriole,Icterus spurius,L1069194,Philadelphia Naval Yard (restricted access),2026-06-17 06:18:00,2.0,39.8876082,-75.1659143,True,False,False,S358712916,
balori,Baltimore Oriole,Icterus galbula,L1069194,Philadelphia Naval Yard (restricted access),2026-06-17 06:18:00,3.0,39.8876082,-75.1659143,True,False,False,S358712916,
bnhcow,Brown-headed Cowbird,Molothrus ater,L1069194,Philadelphia Naval Yard (restricted access),2026-06-17 06:18:00,5.0,39.8876082,-75.1659143,True,False,False,S358712916,
norcar,Northern Cardinal,Cardinalis cardinalis,L1069194,Philadelphia Naval Yard (restricted access),2026-06-17 06:18:00,2.0,39.8876082,-75.1659143,True,False,False,S358712916,
blugrb1,Blue Grosbeak,Passerina caerulea,L1069194,Philadelphia Naval Yard (restricted access),2026-06-17 06:18:00,1.0,39.8876082,-75.1659143,True,False,False,S358712916,
indbun,Indigo Bunting,Passerina cyanea,L1069194,Philadelphia Naval Yard (restricted access),2026-06-17 06:18:00,1.0,39.8876082,-75.1659143,True,False,False,S358712916,
easkin,Eastern Kingbird,Tyrannus tyrannus,L1069194,Philadelphia Naval Yard (restricted access),2026-06-18 18:12:00,1.0,39.8876082,-75.1659143,True,False,False,S359323146,
amerob,American Robin,Turdus migratorius,L1069194,Philadelphia Naval Yard (restricted access),2026-06-18 17:29:00,1.0,39.8876082,-75.1659143,True,False,False,S359311893,
osprey,Osprey,Pandion haliaetus,L1069194,Philadelphia Naval Yard (restricted access),2026-06-18 10:55:00,1.0,39.8876082,-75.1659143,True,False,False,S359147948,
cangoo,Canada Goose,Branta canadensis,L1069194,Philadelphia Naval Yard (restricted access),2026-06-18 05:56:00,73.0,39.8876082,-75.1659143,True,False,False,S359144964,
mallar3,Mallard,Anas platyrhynchos,L1069194,Philadelphia Naval Yard (restricted access),2026-06-18 05:56:00,2.0,39.8876082,-75.1659143,True,False,False,S359144964,
rocpig,Rock Pigeon,Columba livia,L1069194,Philadelphia Naval Yard (restricted access),2026-06-18 05:56:00,4.0,39.8876082,-75.1659143,True,False,False,S359144964,N
chiswi,Chimney Swift,Chaetura pelagica,L1069194,Philadelphia Naval Yard (restricted access),2026-06-18 05:56:00,6.0,39.8876082,-75.1659143,True,False,False,S359144964,
ribgul,Ring-billed Gull,Larus delawarensis,L1069194,Philadelphia Naval Yard (restricted access),2026-06-18 05:56:00,3.0,39.8876082,-75.1659143,True,False,False,S359144964,
doccor,Double-crested Cormorant,Nannopterum auritum,L1069194,Philadelphia Naval Yard (restricted access),2026-06-18 05:56:00,15.0,39.8876082,-75.1659143,True,False,False,S359144964,
grbher3,Great Blue Heron,Ardea herodias,L1069194,Philadelphia Naval Yard (restricted access),2026-06-18 05:56:00,1.0,39.8876082,-75.1659143,True,False,False,S359144964,
turvul,Turkey Vulture,Cathartes aura,L1069194,Philadelphia Naval Yard (restricted access),2026-06-18 05:56:00,1.0,39.8876082,-75.1659143,True,False,False,S359144964,
baleag,Bald Eagle,Haliaeetus leucocephalus,L1069194,Philadelphia Naval Yard (restricted access),2026-06-18 05:56:00,3.0,39.8876082,-75.1659143,True,False,False,S359144964,
eawvir1,Eastern Warbling Vireo,Vireo gilvus,L1069194,Philadelphia Naval Yard (restricted access),2026-06-18 05:56:00,1.0,39.8876082,-75.1659143,True,False,False,S359144964,
reevir1,Red-eyed Vireo,Vireo olivaceus,L1069194,Philadelphia Naval Yard (restricted access),2026-06-18 05:56:00,1.0,39.8876082,-75.1659143,True,False,False,S359144964,
amecro,American Crow,Corvus brachyrhynchos,L1069194,Philadelphia Naval Yard (restricted access),2026-06-18 05:56:00,3.0,39.8876082,-75.1659143,True,False,False,S359144964,
fiscro,Fish Crow,Corvus ossifragus,L1069194,Philadelphia Naval Yard (restricted access),2026-06-18 05:56:00,1.0,39.8876082,-75.1659143,True,False,False,S359144964,
treswa,Tree Swallow,Tachycineta bicolor,L1069194,Philadelphia Naval Yard (restricted access),2026-06-18 05:56:00,5.0,39.8876082,-75.1659143,True,False,False,S359144964,
nrwswa,Northern Rough-winged Swallow,Stelgidopteryx serripennis,L1069194,Philadelphia Naval Yard (restricted access),2026-06-18 05:56:00,12.0,39.8876082,-75.1659143,True,False,False,S359144964,
barswa,Barn Swallow,Hirundo rustica,L1069194,Philadelphia Naval Yard (restricted access),2026-06-18 05:56:00,3.0,39.8876082,-75.1659143,True,False,False,S359144964,
buggna,Blue-gray Gnatcatcher,Polioptila caerulea,L1069194,Philadelphia Naval Yard (restricted access),2026-06-18 05:56:00,1.0,39.8876082,-75.1659143,True,False,False,S359144964,
carwre,Carolina Wren,Thryothorus ludovicianus,L1069194,Philadelphia Naval Yard (restricted access),2026-06-18 05:56:00,2.0,39.8876082,-75.1659143,True,False,False,S359144964,
eursta,European Starling,Sturnus vulgaris,L1069194,Philadelphia Naval Yard (restricted access),2026-06-18 05:56:00,4.0,39.8876082,-75.1659143,True,False,False,S359144964,N
grycat,Gray Catbird,Dumetella carolinensis,L1069194,Philadelphia Naval Yard (restricted access),2026-06-18 05:56:00,1.0,39.8876082,-75.1659143,True,False,False,S359144964,
normoc,Northern Mockingbird,Mimus polyglottos,L1069194,Philadelphia Naval Yard (restricted access),2026-06-18 05:56:00,7.0,39.8876082,-75.1659143,True,False,False,S359144964,
cedwax,Cedar Waxwing,Bombycilla cedrorum,L1069194,Philadelphia Naval Yard (restricted access),2026-06-18 05:56:00,7.0,39.8876082,-75.1659143,True,False,False,S359144964,
houspa,House Sparrow,Passer domesticus,L1069194,Philadelphia Naval Yard (restricted access),2026-06-18 05:56:00,22.0,39.8876082,-75.1659143,True,False,False,S359144964,N
houfin,House Finch,Haemorhous mexicanus,L1069194,Philadelphia Naval Yard (restricted access),2026-06-18 05:56:00,1.0,39.8876082,-75.1659143,True,False,False,S359144964,N
amegfi,American Goldfinch,Spinus tristis,L1069194,Philadelphia Naval Yard (restricted access),2026-06-18 05:56:00,2.0,39.8876082,-75.1659143,True,False,False,S359144964,
chispa,Chipping Sparrow,Spizella passerina,L1069194,Philadelphia Naval Yard (restricted access),2026-06-18 05:56:00,2.0,39.8876082,-75.1659143,True,False,False,S359144964,
orcori,Orchard Oriole,Icterus spurius,L1069194,Philadelphia Naval Yard (restricted access),2026-06-18 05:56:00,1.0,39.8876082,-75.1659143,True,False,False,S359144964,
balori,Baltimore Oriole,Icterus galbula,L1069194,Philadelphia Naval Yard (restricted access),2026-06-18 05:56:00,1.0,39.8876082,-75.1659143,True,False,False,S359144964,
bnhcow,Brown-headed Cowbird,Molothrus ater,L1069194,Philadelphia Naval Yard (restricted access),2026-06-18 05:56:00,2.0,39.8876082,-75.1659143,True,False,False,S359144964,
norcar,Northern Cardinal,Cardinalis cardinalis,L1069194,Philadelphia Naval Yard (restricted access),2026-06-18 05:56:00,2.0,39.8876082,-75.1659143,True,False,False,S359144964,
blugrb1,Blue Grosbeak,Passerina caerulea,L1069194,Philadelphia Naval Yard (restricted access),2026-06-18 05:56:00,1.0,39.8876082,-75.1659143,True,False,False,S359144964,
nrwswa,Northern Rough-winged Swallow,Stelgidopteryx serripennis,L1069194,Philadelphia Naval Yard (restricted access),2026-06-22 09:04:00,1.0,39.8876082,-75.1659143,True,False,False,S361591280,
cangoo,Canada Goose,Branta canadensis,L1069194,Philadelphia Naval Yard (restricted access),2026-06-22 06:41:00,218.0,39.8876082,-75.1659143,True,True,False,S361689395,
mallar3,Mallard,Anas platyrhynchos,L1069194,Philadelphia Naval Yard (restricted access),2026-06-22 06:41:00,2.0,39.8876082,-75.1659143,True,False,False,S361689395,
rocpig,Rock Pigeon,Columba livia,L1069194,Philadelphia Naval Yard (restricted access),2026-06-22 06:41:00,1.0,39.8876082,-75.1659143,True,False,False,S361689395,N
moudov,Mourning Dove,Zenaida macroura,L1069194,Philadelphia Naval Yard (restricted access),2026-06-22 06:41:00,2.0,39.8876082,-75.1659143,True,False,False,S361689395,
killde,Killdeer,Charadrius vociferus,L1069194,Philadelphia Naval Yard (restricted access),2026-06-22 06:41:00,1.0,39.8876082,-75.1659143,True,False,False,S361689395,
laugul,Laughing Gull,Leucophaeus atricilla,L1069194,Philadelphia Naval Yard (restricted access),2026-06-22 06:41:00,2.0,39.8876082,-75.1659143,True,False,False,S361689395,
ribgul,Ring-billed Gull,Larus delawarensis,L1069194,Philadelphia Naval Yard (restricted access),2026-06-22 06:41:00,1.0,39.8876082,-75.1659143,True,False,False,S361689395,
doccor,Double-crested Cormorant,Nannopterum auritum,L1069194,Philadelphia Naval Yard (restricted access),2026-06-22 06:41:00,6.0,39.8876082,-75.1659143,True,False,False,S361689395,
grbher3,Great Blue Heron,Ardea herodias,L1069194,Philadelphia Naval Yard (restricted access),2026-06-22 06:41:00,4.0,39.8876082,-75.1659143,True,False,False,S361689395,
osprey,Osprey,Pandion haliaetus,L1069194,Philadelphia Naval Yard (restricted access),2026-06-22 06:41:00,5.0,39.8876082,-75.1659143,True,False,False,S361689395,
amekes,American Kestrel,Falco sparverius,L1069194,Philadelphia Naval Yard (restricted access),2026-06-22 06:41:00,1.0,39.8876082,-75.1659143,True,False,False,S361689395,
eawpew,Eastern Wood-Pewee,Contopus virens,L1069194,Philadelphia Naval Yard (restricted access),2026-06-22 06:41:00,1.0,39.8876082,-75.1659143,True,False,False,S361689395,
easkin,Eastern Kingbird,Tyrannus tyrannus,L1069194,Philadelphia Naval Yard (restricted access),2026-06-22 06:41:00,2.0,39.8876082,-75.1659143,True,False,False,S361689395,
eawvir1,Eastern Warbling Vireo,Vireo gilvus,L1069194,Philadelphia Naval Yard (restricted access),2026-06-22 06:41:00,1.0,39.8876082,-75.1659143,True,False,False,S361689395,
reevir1,Red-eyed Vireo,Vireo olivaceus,L1069194,Philadelphia Naval Yard (restricted access),2026-06-22 06:41:00,1.0,39.8876082,-75.1659143,True,False,False,S361689395,
barswa,Barn Swallow,Hirundo rustica,L1069194,Philadelphia Naval Yard (restricted access),2026-06-22 06:41:00,2.0,39.8876082,-75.1659143,True,False,False,S361689395,
carwre,Carolina Wren,Thryothorus ludovicianus,L1069194,Philadelphia Naval Yard (restricted access),2026-06-22 06:41:00,1.0,39.8876082,-75.1659143,True,False,False,S361689395,
eursta,European Starling,Sturnus vulgaris,L1069194,Philadelphia Naval Yard (restricted access),2026-06-22 06:41:00,17.0,39.8876082,-75.1659143,True,False,False,S361689395,N
normoc,Northern Mockingbird,Mimus polyglottos,L1069194,Philadelphia Naval Yard (restricted access),2026-06-22 06:41:00,4.0,39.8876082,-75.1659143,True,False,False,S361689395,
amerob,American Robin,Turdus migratorius,L1069194,Philadelphia Naval Yard (restricted access),2026-06-22 06:41:00,4.0,39.8876082,-75.1659143,True,False,False,S361689395,
houspa,House Sparrow,Passer domesticus,L1069194,Philadelphia Naval Yard (restricted access),2026-06-22 06:41:00,11.0,39.8876082,-75.1659143,True,False,False,S361689395,N
houfin,House Finch,Haemorhous mexicanus,L1069194,Philadelphia Naval Yard (restricted access),2026-06-22 06:41:00,1.0,39.8876082,-75.1659143,True,False,False,S361689395,N
amegfi,American Goldfinch,Spinus tristis,L1069194,Philadelphia Naval Yard (restricted access),2026-06-22 06:41:00,2.0,39.8876082,-75.1659143,True,False,False,S361689395,
orcori,Orchard Oriole,Icterus spurius,L1069194,Philadelphia Naval Yard (restricted access),2026-06-22 06:41:00,1.0,39.8876082,-75.1659143,True,False,False,S361689395,
balori,Baltimore Oriole,Icterus galbula,L1069194,Philadelphia Naval Yard (restricted access),2026-06-22 06:41:00,2.0,39.8876082,-75.1659143,True,False,False,S361689395,
norcar,Northern Cardinal,Cardinalis cardinalis,L1069194,Philadelphia Naval Yard (restricted access),2026-06-22 06:41:00,1.0,39.8876082,-75.1659143,True,False,False,S361689395,
blugrb1,Blue Grosbeak,Passerina caerulea,L1069194,Philadelphia Naval Yard (restricted access),2026-06-22 06:41:00,1.0,39.8876082,-75.1659143,True,False,False,S361689395,
indbun,Indigo Bunting,Passerina cyanea,L1069194,Philadelphia Naval Yard (restricted access),2026-06-22 06:41:00,2.0,39.8876082,-75.1659143,True,False,False,S361689395,
cangoo,Canada Goose,Branta canadensis,L1069194,Philadelphia Naval Yard (restricted access),2026-06-23 10:11:00,13.0,39.8876082,-75.1659143,True,False,False,S362144408,
mallar3,Mallard,Anas platyrhynchos,L1069194,Philadelphia Naval Yard (restricted access),2026-06-23 10:11:00,1.0,39.8876082,-75.1659143,True,False,False,S362144408,
ribgul,Ring-billed Gull,Larus delawarensis,L1069194,Philadelphia Naval Yard (restricted access),2026-06-23 10:11:00,1.0,39.8876082,-75.1659143,True,False,False,S362144408,
doccor,Double-crested Cormorant,Nannopterum auritum,L1069194,Philadelphia Naval Yard (restricted access),2026-06-23 10:11:00,1.0,39.8876082,-75.1659143,True,False,False,S362144408,
osprey,Osprey,Pandion haliaetus,L1069194,Philadelphia Naval Yard (restricted access),2026-06-23 10:11:00,4.0,39.8876082,-75.1659143,True,False,False,S362144408,
baleag,Bald Eagle,Haliaeetus leucocephalus,L1069194,Philadelphia Naval Yard (restricted access),2026-06-23 10:11:00,2.0,39.8876082,-75.1659143,True,False,False,S362144408,
easkin,Eastern Kingbird,Tyrannus tyrannus,L1069194,Philadelphia Naval Yard (restricted access),2026-06-23 10:11:00,1.0,39.8876082,-75.1659143,True,False,False,S362144408,
treswa,Tree Swallow,Tachycineta bicolor,L1069194,Philadelphia Naval Yard (restricted access),2026-06-23 10:11:00,2.0,39.8876082,-75.1659143,True,False,False,S362144408,
nrwswa,Northern Rough-winged Swallow,Stelgidopteryx serripennis,L1069194,Philadelphia Naval Yard (restricted access),2026-06-23 10:11:00,1.0,39.8876082,-75.1659143,True,False,False,S362144408,
barswa,Barn Swallow,Hirundo rustica,L1069194,Philadelphia Naval Yard (restricted access),2026-06-23 10:11:00,3.0,39.8876082,-75.1659143,True,False,False,S362144408,
eursta,European Starling,Sturnus vulgaris,L1069194,Philadelphia Naval Yard (restricted access),2026-06-23 10:11:00,3.0,39.8876082,-75.1659143,True,False,False,S362144408,N
grycat,Gray Catbird,Dumetella carolinensis,L1069194,Philadelphia Naval Yard (restricted access),2026-06-23 10:11:00,1.0,39.8876082,-75.1659143,True,False,False,S362144408,
amerob,American Robin,Turdus migratorius,L1069194,Philadelphia Naval Yard (restricted access),2026-06-23 10:11:00,3.0,39.8876082,-75.1659143,True,False,False,S362144408,
houspa,House Sparrow,Passer domesticus,L1069194,Philadelphia Naval Yard (restricted access),2026-06-23 10:11:00,3.0,39.8876082,-75.1659143,True,False,False,S362144408,N
amegfi,American Goldfinch,Spinus tristis,L1069194,Philadelphia Naval Yard (restricted access),2026-06-23 10:11:00,2.0,39.8876082,-75.1659143,True,False,False,S362144408,
orcori,Orchard Oriole,Icterus spurius,L1069194,Philadelphia Naval Yard (restricted access),2026-06-23 10:11:00,1.0,39.8876082,-75.1659143,True,False,False,S362144408,
comgra,Common Grackle,Quiscalus quiscula,L1069194,Philadelphia Naval Yard (restricted access),2026-06-23 10:11:00,1.0,39.8876082,-75.1659143,True,False,False,S362144408,
moudov,Mourning Dove,Zenaida macroura,L1069194,Philadelphia Naval Yard (restricted access),2026-06-23 06:27:00,5.0,39.8876082,-75.1659143,True,False,False,S362305018,
chiswi,Chimney Swift,Chaetura pelagica,L1069194,Philadelphia Naval Yard (restricted access),2026-06-23 06:27:00,3.0,39.8876082,-75.1659143,True,False,False,S362305018,
killde,Killdeer,Charadrius vociferus,L1069194,Philadelphia Naval Yard (restricted access),2026-06-23 06:27:00,1.0,39.8876082,-75.1659143,True,False,False,S362305018,
laugul,Laughing Gull,Leucophaeus atricilla,L1069194,Philadelphia Naval Yard (restricted access),2026-06-23 06:27:00,1.0,39.8876082,-75.1659143,True,False,False,S362305018,
amhgul1,American Herring Gull,Larus smithsonianus,L1069194,Philadelphia Naval Yard (restricted access),2026-06-23 06:27:00,1.0,39.8876082,-75.1659143,True,False,False,S362305018,
grbher3,Great Blue Heron,Ardea herodias,L1069194,Philadelphia Naval Yard (restricted access),2026-06-23 06:27:00,1.0,39.8876082,-75.1659143,True,False,False,S362305018,
coohaw,Cooper's Hawk,Astur cooperii,L1069194,Philadelphia Naval Yard (restricted access),2026-06-23 06:27:00,1.0,39.8876082,-75.1659143,True,False,False,S362305018,
norfli,Northern Flicker,Colaptes auratus,L1069194,Philadelphia Naval Yard (restricted access),2026-06-23 06:27:00,1.0,39.8876082,-75.1659143,True,False,False,S362305018,
eawvir1,Eastern Warbling Vireo,Vireo gilvus,L1069194,Philadelphia Naval Yard (restricted access),2026-06-23 06:27:00,1.0,39.8876082,-75.1659143,True,False,False,S362305018,
reevir1,Red-eyed Vireo,Vireo olivaceus,L1069194,Philadelphia Naval Yard (restricted access),2026-06-23 06:27:00,2.0,39.8876082,-75.1659143,True,False,False,S362305018,
blujay,Blue Jay,Cyanocitta cristata,L1069194,Philadelphia Naval Yard (restricted access),2026-06-23 06:27:00,1.0,39.8876082,-75.1659143,True,False,False,S362305018,
amecro,American Crow,Corvus brachyrhynchos,L1069194,Philadelphia Naval Yard (restricted access),2026-06-23 06:27:00,1.0,39.8876082,-75.1659143,True,False,False,S362305018,
banswa,Bank Swallow,Riparia riparia,L1069194,Philadelphia Naval Yard (restricted access),2026-06-23 06:27:00,1.0,39.8876082,-75.1659143,True,False,False,S362305018,
carwre,Carolina Wren,Thryothorus ludovicianus,L1069194,Philadelphia Naval Yard (restricted access),2026-06-23 06:27:00,1.0,39.8876082,-75.1659143,True,False,False,S362305018,
normoc,Northern Mockingbird,Mimus polyglottos,L1069194,Philadelphia Naval Yard (restricted access),2026-06-23 06:27:00,4.0,39.8876082,-75.1659143,True,False,False,S362305018,
cedwax,Cedar Waxwing,Bombycilla cedrorum,L1069194,Philadelphia Naval Yard (restricted access),2026-06-23 06:27:00,4.0,39.8876082,-75.1659143,True,False,False,S362305018,
chispa,Chipping Sparrow,Spizella passerina,L1069194,Philadelphia Naval Yard (restricted access),2026-06-23 06:27:00,1.0,39.8876082,-75.1659143,True,False,False,S362305018,
sonspa,Song Sparrow,Melospiza melodia,L1069194,Philadelphia Naval Yard (restricted access),2026-06-23 06:27:00,1.0,39.8876082,-75.1659143,True,False,False,S362305018,
balori,Baltimore Oriole,Icterus galbula,L1069194,Philadelphia Naval Yard (restricted access),2026-06-23 06:27:00,4.0,39.8876082,-75.1659143,True,False,False,S362305018,
bnhcow,Brown-headed Cowbird,Molothrus ater,L1069194,Philadelphia Naval Yard (restricted access),2026-06-23 06:27:00,2.0,39.8876082,-75.1659143,True,False,False,S362305018,
norcar,Northern Cardinal,Cardinalis cardinalis,L1069194,Philadelphia Naval Yard (restricted access),2026-06-23 06:27:00,2.0,39.8876082,-75.1659143,True,False,False,S362305018,
blugrb1,Blue Grosbeak,Passerina caerulea,L1069194,Philadelphia Naval Yard (restricted access),2026-06-23 06:27:00,1.0,39.8876082,-75.1659143,True,False,False,S362305018,
indbun,Indigo Bunting,Passerina cyanea,L1069194,Philadelphia Naval Yard (restricted access),2026-06-23 06:27:00,2.0,39.8876082,-75.1659143,True,False,False,S362305018,
treswa,Tree Swallow,Tachycineta bicolor,L1069194,Philadelphia Naval Yard (restricted access),2026-06-24 16:14:00,1.0,39.8876082,-75.1659143,True,False,False,S362806102,
cangoo,Canada Goose,Branta canadensis,L1069194,Philadelphia Naval Yard (restricted access),2026-06-26 06:33:00,82.0,39.8876082,-75.1659143,True,False,False,S363585855,
mallar3,Mallard,Anas platyrhynchos,L1069194,Philadelphia Naval Yard (restricted access),2026-06-26 06:33:00,2.0,39.8876082,-75.1659143,True,False,False,S363585855,
rocpig,Rock Pigeon,Columba livia,L1069194,Philadelphia Naval Yard (restricted access),2026-06-26 06:33:00,3.0,39.8876082,-75.1659143,True,False,False,S363585855,N
moudov,Mourning Dove,Zenaida macroura,L1069194,Philadelphia Naval Yard (restricted access),2026-06-26 06:33:00,2.0,39.8876082,-75.1659143,True,False,False,S363585855,
killde,Killdeer,Charadrius vociferus,L1069194,Philadelphia Naval Yard (restricted access),2026-06-26 06:33:00,1.0,39.8876082,-75.1659143,True,False,False,S363585855,
laugul,Laughing Gull,Leucophaeus atricilla,L1069194,Philadelphia Naval Yard (restricted access),2026-06-26 06:33:00,1.0,39.8876082,-75.1659143,True,False,False,S363585855,
ribgul,Ring-billed Gull,Larus delawarensis,L1069194,Philadelphia Naval Yard (restricted access),2026-06-26 06:33:00,5.0,39.8876082,-75.1659143,True,False,False,S363585855,
caster1,Caspian Tern,Hydroprogne caspia,L1069194,Philadelphia Naval Yard (restricted access),2026-06-26 06:33:00,4.0,39.8876082,-75.1659143,True,True,False,S363585855,
doccor,Double-crested Cormorant,Nannopterum auritum,L1069194,Philadelphia Naval Yard (restricted access),2026-06-26 06:33:00,4.0,39.8876082,-75.1659143,True,False,False,S363585855,
osprey,Osprey,Pandion haliaetus,L1069194,Philadelphia Naval Yard (restricted access),2026-06-26 06:33:00,5.0,39.8876082,-75.1659143,True,False,False,S363585855,
baleag,Bald Eagle,Haliaeetus leucocephalus,L1069194,Philadelphia Naval Yard (restricted access),2026-06-26 06:33:00,2.0,39.8876082,-75.1659143,True,False,False,S363585855,
amekes,American Kestrel,Falco sparverius,L1069194,Philadelphia Naval Yard (restricted access),2026-06-26 06:33:00,1.0,39.8876082,-75.1659143,True,False,False,S363585855,
eawpew,Eastern Wood-Pewee,Contopus virens,L1069194,Philadelphia Naval Yard (restricted access),2026-06-26 06:33:00,1.0,39.8876082,-75.1659143,True,False,False,S363585855,
easkin,Eastern Kingbird,Tyrannus tyrannus,L1069194,Philadelphia Naval Yard (restricted access),2026-06-26 06:33:00,4.0,39.8876082,-75.1659143,True,False,False,S363585855,
eawvir1,Eastern Warbling Vireo,Vireo gilvus,L1069194,Philadelphia Naval Yard (restricted access),2026-06-26 06:33:00,2.0,39.8876082,-75.1659143,True,False,False,S363585855,
reevir1,Red-eyed Vireo,Vireo olivaceus,L1069194,Philadelphia Naval Yard (restricted access),2026-06-26 06:33:00,1.0,39.8876082,-75.1659143,True,False,False,S363585855,
treswa,Tree Swallow,Tachycineta bicolor,L1069194,Philadelphia Naval Yard (restricted access),2026-06-26 06:33:00,3.0,39.8876082,-75.1659143,True,False,False,S363585855,
nrwswa,Northern Rough-winged Swallow,Stelgidopteryx serripennis,L1069194,Philadelphia Naval Yard (restricted access),2026-06-26 06:33:00,3.0,39.8876082,-75.1659143,True,False,False,S363585855,
barswa,Barn Swallow,Hirundo rustica,L1069194,Philadelphia Naval Yard (restricted access),2026-06-26 06:33:00,11.0,39.8876082,-75.1659143,True,False,False,S363585855,
carwre,Carolina Wren,Thryothorus ludovicianus,L1069194,Philadelphia Naval Yard (restricted access),2026-06-26 06:33:00,1.0,39.8876082,-75.1659143,True,False,False,S363585855,
eursta,European Starling,Sturnus vulgaris,L1069194,Philadelphia Naval Yard (restricted access),2026-06-26 06:33:00,16.0,39.8876082,-75.1659143,True,False,False,S363585855,N
normoc,Northern Mockingbird,Mimus polyglottos,L1069194,Philadelphia Naval Yard (restricted access),2026-06-26 06:33:00,4.0,39.8876082,-75.1659143,True,False,False,S363585855,
amerob,American Robin,Turdus migratorius,L1069194,Philadelphia Naval Yard (restricted access),2026-06-26 06:33:00,3.0,39.8876082,-75.1659143,True,False,False,S363585855,
cedwax,Cedar Waxwing,Bombycilla cedrorum,L1069194,Philadelphia Naval Yard (restricted access),2026-06-26 06:33:00,2.0,39.8876082,-75.1659143,True,False,False,S363585855,
houspa,House Sparrow,Passer domesticus,L1069194,Philadelphia Naval Yard (restricted access),2026-06-26 06:33:00,6.0,39.8876082,-75.1659143,True,False,False,S363585855,N
houfin,House Finch,Haemorhous mexicanus,L1069194,Philadelphia Naval Yard (restricted access),2026-06-26 06:33:00,1.0,39.8876082,-75.1659143,True,False,False,S363585855,N
amegfi,American Goldfinch,Spinus tristis,L1069194,Philadelphia Naval Yard (restricted access),2026-06-26 06:33:00,1.0,39.8876082,-75.1659143,True,False,False,S363585855,
chispa,Chipping Sparrow,Spizella passerina,L1069194,Philadelphia Naval Yard (restricted access),2026-06-26 06:33:00,2.0,39.8876082,-75.1659143,True,False,False,S363585855,
orcori,Orchard Oriole,Icterus spurius,L1069194,Philadelphia Naval Yard (restricted access),2026-06-26 06:33:00,1.0,39.8876082,-75.1659143,True,False,False,S363585855,
balori,Baltimore Oriole,Icterus galbula,L1069194,Philadelphia Naval Yard (restricted access),2026-06-26 06:33:00,3.0,39.8876082,-75.1659143,True,False,False,S363585855,
rewbla,Red-winged Blackbird,Agelaius phoeniceus,L1069194,Philadelphia Naval Yard (restricted access),2026-06-26 06:33:00,1.0,39.8876082,-75.1659143,True,False,False,S363585855,
bnhcow,Brown-headed Cowbird,Molothrus ater,L1069194,Philadelphia Naval Yard (restricted access),2026-06-26 06:33:00,4.0,39.8876082,-75.1659143,True,False,False,S363585855,
norcar,Northern Cardinal,Cardinalis cardinalis,L1069194,Philadelphia Naval Yard (restricted access),2026-06-26 06:33:00,2.0,39.8876082,-75.1659143,True,False,False,S363585855,
indbun,Indigo Bunting,Passerina cyanea,L1069194,Philadelphia Naval Yard (restricted access),2026-06-26 06:33:00,1.0,39.8876082,-75.1659143,True,False,False,S363585855,
cangoo,Canada Goose,Branta canadensis,L1069194,Philadelphia Naval Yard (restricted access),2026-06-29 06:30:00,227.0,39.8876082,-75.1659143,True,True,False,S365360742,
wooduc,Wood Duck,Aix sponsa,L1069194,Philadelphia Naval Yard (restricted access),2026-06-29 06:30:00,1.0,39.8876082,-75.1659143,True,False,False,S365360742,
mallar3,Mallard,Anas platyrhynchos,L1069194,Philadelphia Naval Yard (restricted access),2026-06-29 06:30:00,2.0,39.8876082,-75.1659143,True,False,False,S365360742,
moudov,Mourning Dove,Zenaida macroura,L1069194,Philadelphia Naval Yard (restricted access),2026-06-29 06:30:00,3.0,39.8876082,-75.1659143,True,False,False,S365360742,
laugul,Laughing Gull,Leucophaeus atricilla,L1069194,Philadelphia Naval Yard (restricted access),2026-06-29 06:30:00,12.0,39.8876082,-75.1659143,True,False,False,S365360742,
ribgul,Ring-billed Gull,Larus delawarensis,L1069194,Philadelphia Naval Yard (restricted access),2026-06-29 06:30:00,8.0,39.8876082,-75.1659143,True,False,False,S365360742,
comloo,Common Loon,Gavia immer,L1069194,Philadelphia Naval Yard (restricted access),2026-06-29 06:30:00,1.0,39.8876082,-75.1659143,True,True,False,S365360742,
doccor,Double-crested Cormorant,Nannopterum auritum,L1069194,Philadelphia Naval Yard (restricted access),2026-06-29 06:30:00,10.0,39.8876082,-75.1659143,True,False,False,S365360742,
osprey,Osprey,Pandion haliaetus,L1069194,Philadelphia Naval Yard (restricted access),2026-06-29 06:30:00,6.0,39.8876082,-75.1659143,True,False,False,S365360742,
baleag,Bald Eagle,Haliaeetus leucocephalus,L1069194,Philadelphia Naval Yard (restricted access),2026-06-29 06:30:00,1.0,39.8876082,-75.1659143,True,False,False,S365360742,
dowwoo,Downy Woodpecker,Dryobates pubescens,L1069194,Philadelphia Naval Yard (restricted access),2026-06-29 06:30:00,1.0,39.8876082,-75.1659143,True,False,False,S365360742,
haiwoo,Hairy Woodpecker,Leuconotopicus villosus,L1069194,Philadelphia Naval Yard (restricted access),2026-06-29 06:30:00,1.0,39.8876082,-75.1659143,True,False,False,S365360742,
norfli,Northern Flicker,Colaptes auratus,L1069194,Philadelphia Naval Yard (restricted access),2026-06-29 06:30:00,1.0,39.8876082,-75.1659143,True,False,False,S365360742,
eawpew,Eastern Wood-Pewee,Contopus virens,L1069194,Philadelphia Naval Yard (restricted access),2026-06-29 06:30:00,1.0,39.8876082,-75.1659143,True,False,False,S365360742,
easkin,Eastern Kingbird,Tyrannus tyrannus,L1069194,Philadelphia Naval Yard (restricted access),2026-06-29 06:30:00,4.0,39.8876082,-75.1659143,True,False,False,S365360742,
eawvir1,Eastern Warbling Vireo,Vireo gilvus,L1069194,Philadelphia Naval Yard (restricted access),2026-06-29 06:30:00,1.0,39.8876082,-75.1659143,True,False,False,S365360742,
reevir1,Red-eyed Vireo,Vireo olivaceus,L1069194,Philadelphia Naval Yard (restricted access),2026-06-29 06:30:00,1.0,39.8876082,-75.1659143,True,False,False,S365360742,
amecro,American Crow,Corvus brachyrhynchos,L1069194,Philadelphia Naval Yard (restricted access),2026-06-29 06:30:00,1.0,39.8876082,-75.1659143,True,False,False,S365360742,
fiscro,Fish Crow,Corvus ossifragus,L1069194,Philadelphia Naval Yard (restricted access),2026-06-29 06:30:00,2.0,39.8876082,-75.1659143,True,False,False,S365360742,
banswa,Bank Swallow,Riparia riparia,L1069194,Philadelphia Naval Yard (restricted access),2026-06-29 06:30:00,1.0,39.8876082,-75.1659143,True,False,False,S365360742,
treswa,Tree Swallow,Tachycineta bicolor,L1069194,Philadelphia Naval Yard (restricted access),2026-06-29 06:30:00,2.0,39.8876082,-75.1659143,True,False,False,S365360742,
nrwswa,Northern Rough-winged Swallow,Stelgidopteryx serripennis,L1069194,Philadelphia Naval Yard (restricted access),2026-06-29 06:30:00,5.0,39.8876082,-75.1659143,True,False,False,S365360742,
barswa,Barn Swallow,Hirundo rustica,L1069194,Philadelphia Naval Yard (restricted access),2026-06-29 06:30:00,8.0,39.8876082,-75.1659143,True,False,False,S365360742,
carwre,Carolina Wren,Thryothorus ludovicianus,L1069194,Philadelphia Naval Yard (restricted access),2026-06-29 06:30:00,2.0,39.8876082,-75.1659143,True,False,False,S365360742,
eursta,European Starling,Sturnus vulgaris,L1069194,Philadelphia Naval Yard (restricted access),2026-06-29 06:30:00,33.0,39.8876082,-75.1659143,True,False,False,S365360742,N
grycat,Gray Catbird,Dumetella carolinensis,L1069194,Philadelphia Naval Yard (restricted access),2026-06-29 06:30:00,1.0,39.8876082,-75.1659143,True,False,False,S365360742,
normoc,Northern Mockingbird,Mimus polyglottos,L1069194,Philadelphia Naval Yard (restricted access),2026-06-29 06:30:00,4.0,39.8876082,-75.1659143,True,False,False,S365360742,
amerob,American Robin,Turdus migratorius,L1069194,Philadelphia Naval Yard (restricted access),2026-06-29 06:30:00,5.0,39.8876082,-75.1659143,True,False,False,S365360742,
cedwax,Cedar Waxwing,Bombycilla cedrorum,L1069194,Philadelphia Naval Yard (restricted access),2026-06-29 06:30:00,2.0,39.8876082,-75.1659143,True,False,False,S365360742,
houspa,House Sparrow,Passer domesticus,L1069194,Philadelphia Naval Yard (restricted access),2026-06-29 06:30:00,24.0,39.8876082,-75.1659143,True,False,False,S365360742,N
houfin,House Finch,Haemorhous mexicanus,L1069194,Philadelphia Naval Yard (restricted access),2026-06-29 06:30:00,6.0,39.8876082,-75.1659143,True,False,False,S365360742,N
amegfi,American Goldfinch,Spinus tristis,L1069194,Philadelphia Naval Yard (restricted access),2026-06-29 06:30:00,2.0,39.8876082,-75.1659143,True,False,False,S365360742,
chispa,Chipping Sparrow,Spizella passerina,L1069194,Philadelphia Naval Yard (restricted access),2026-06-29 06:30:00,1.0,39.8876082,-75.1659143,True,False,False,S365360742,
orcori,Orchard Oriole,Icterus spurius,L1069194,Philadelphia Naval Yard (restricted access),2026-06-29 06:30:00,2.0,39.8876082,-75.1659143,True,False,False,S365360742,
balori,Baltimore Oriole,Icterus galbula,L1069194,Philadelphia Naval Yard (restricted access),2026-06-29 06:30:00,1.0,39.8876082,-75.1659143,True,False,False,S365360742,
rewbla,Red-winged Blackbird,Agelaius phoeniceus,L1069194,Philadelphia Naval Yard (restricted access),2026-06-29 06:30:00,1.0,39.8876082,-75.1659143,True,False,False,S365360742,
bnhcow,Brown-headed Cowbird,Molothrus ater,L1069194,Philadelphia Naval Yard (restricted access),2026-06-29 06:30:00,2.0,39.8876082,-75.1659143,True,False,False,S365360742,
comgra,Common Grackle,Quiscalus quiscula,L1069194,Philadelphia Naval Yard (restricted access),2026-06-29 06:30:00,3.0,39.8876082,-75.1659143,True,False,False,S365360742,
norcar,Northern Cardinal,Cardinalis cardinalis,L1069194,Philadelphia Naval Yard (restricted access),2026-06-29 06:30:00,2.0,39.8876082,-75.1659143,True,False,False,S365360742,
blugrb1,Blue Grosbeak,Passerina caerulea,L1069194,Philadelphia Naval Yard (restricted access),2026-06-29 06:30:00,1.0,39.8876082,-75.1659143,True,False,False,S365360742,
indbun,Indigo Bunting,Passerina cyanea,L1069194,Philadelphia Naval Yard (restricted access),2026-06-29 06:30:00,1.0,39.8876082,-75.1659143,True,False,False,S365360742,
mallar3,Mallard,Anas platyrhynchos,L1069194,Philadelphia Naval Yard (restricted access),2026-06-30 06:29:00,3.0,39.8876082,-75.1659143,True,False,False,S365833572,
rocpig,Rock Pigeon,Columba livia,L1069194,Philadelphia Naval Yard (restricted access),2026-06-30 06:29:00,2.0,39.8876082,-75.1659143,True,False,False,S365833572,N
moudov,Mourning Dove,Zenaida macroura,L1069194,Philadelphia Naval Yard (restricted access),2026-06-30 06:29:00,3.0,39.8876082,-75.1659143,True,False,False,S365833572,
laugul,Laughing Gull,Leucophaeus atricilla,L1069194,Philadelphia Naval Yard (restricted access),2026-06-30 06:29:00,1.0,39.8876082,-75.1659143,True,False,False,S365833572,
ribgul,Ring-billed Gull,Larus delawarensis,L1069194,Philadelphia Naval Yard (restricted access),2026-06-30 06:29:00,6.0,39.8876082,-75.1659143,True,False,False,S365833572,
doccor,Double-crested Cormorant,Nannopterum auritum,L1069194,Philadelphia Naval Yard (restricted access),2026-06-30 06:29:00,3.0,39.8876082,-75.1659143,True,False,False,S365833572,
grbher3,Great Blue Heron,Ardea herodias,L1069194,Philadelphia Naval Yard (restricted access),2026-06-30 06:29:00,1.0,39.8876082,-75.1659143,True,False,False,S365833572,
osprey,Osprey,Pandion haliaetus,L1069194,Philadelphia Naval Yard (restricted access),2026-06-30 06:29:00,6.0,39.8876082,-75.1659143,True,False,False,S365833572,
baleag,Bald Eagle,Haliaeetus leucocephalus,L1069194,Philadelphia Naval Yard (restricted access),2026-06-30 06:29:00,1.0,39.8876082,-75.1659143,True,False,False,S365833572,
dowwoo,Downy Woodpecker,Dryobates pubescens,L1069194,Philadelphia Naval Yard (restricted access),2026-06-30 06:29:00,1.0,39.8876082,-75.1659143,True,False,False,S365833572,
haiwoo,Hairy Woodpecker,Leuconotopicus villosus,L1069194,Philadelphia Naval Yard (restricted access),2026-06-30 06:29:00,1.0,39.8876082,-75.1659143,True,False,False,S365833572,
norfli,Northern Flicker,Colaptes auratus,L1069194,Philadelphia Naval Yard (restricted access),2026-06-30 06:29:00,1.0,39.8876082,-75.1659143,True,False,False,S365833572,
eawpew,Eastern Wood-Pewee,Contopus virens,L1069194,Philadelphia Naval Yard (restricted access),2026-06-30 06:29:00,1.0,39.8876082,-75.1659143,True,False,False,S365833572,
easkin,Eastern Kingbird,Tyrannus tyrannus,L1069194,Philadelphia Naval Yard (restricted access),2026-06-30 06:29:00,2.0,39.8876082,-75.1659143,True,False,False,S365833572,
eawvir1,Eastern Warbling Vireo,Vireo gilvus,L1069194,Philadelphia Naval Yard (restricted access),2026-06-30 06:29:00,1.0,39.8876082,-75.1659143,True,False,False,S365833572,
reevir1,Red-eyed Vireo,Vireo olivaceus,L1069194,Philadelphia Naval Yard (restricted access),2026-06-30 06:29:00,1.0,39.8876082,-75.1659143,True,False,False,S365833572,
blujay,Blue Jay,Cyanocitta cristata,L1069194,Philadelphia Naval Yard (restricted access),2026-06-30 06:29:00,1.0,39.8876082,-75.1659143,True,False,False,S365833572,
amecro,American Crow,Corvus brachyrhynchos,L1069194,Philadelphia Naval Yard (restricted access),2026-06-30 06:29:00,1.0,39.8876082,-75.1659143,True,False,False,S365833572,
fiscro,Fish Crow,Corvus ossifragus,L1069194,Philadelphia Naval Yard (restricted access),2026-06-30 06:29:00,1.0,39.8876082,-75.1659143,True,False,False,S365833572,
comrav,Common Raven,Corvus corax,L1069194,Philadelphia Naval Yard (restricted access),2026-06-30 06:29:00,2.0,39.8876082,-75.1659143,True,False,False,S365833572,
treswa,Tree Swallow,Tachycineta bicolor,L1069194,Philadelphia Naval Yard (restricted access),2026-06-30 06:29:00,1.0,39.8876082,-75.1659143,True,False,False,S365833572,
purmar,Purple Martin,Progne subis,L1069194,Philadelphia Naval Yard (restricted access),2026-06-30 06:29:00,1.0,39.8876082,-75.1659143,True,False,False,S365833572,
barswa,Barn Swallow,Hirundo rustica,L1069194,Philadelphia Naval Yard (restricted access),2026-06-30 06:29:00,3.0,39.8876082,-75.1659143,True,False,False,S365833572,
carwre,Carolina Wren,Thryothorus ludovicianus,L1069194,Philadelphia Naval Yard (restricted access),2026-06-30 06:29:00,1.0,39.8876082,-75.1659143,True,False,False,S365833572,
eursta,European Starling,Sturnus vulgaris,L1069194,Philadelphia Naval Yard (restricted access),2026-06-30 06:29:00,26.0,39.8876082,-75.1659143,True,False,False,S365833572,N
normoc,Northern Mockingbird,Mimus polyglottos,L1069194,Philadelphia Naval Yard (restricted access),2026-06-30 06:29:00,3.0,39.8876082,-75.1659143,True,False,False,S365833572,
amerob,American Robin,Turdus migratorius,L1069194,Philadelphia Naval Yard (restricted access),2026-06-30 06:29:00,4.0,39.8876082,-75.1659143,True,False,False,S365833572,
cedwax,Cedar Waxwing,Bombycilla cedrorum,L1069194,Philadelphia Naval Yard (restricted access),2026-06-30 06:29:00,1.0,39.8876082,-75.1659143,True,False,False,S365833572,
houspa,House Sparrow,Passer domesticus,L1069194,Philadelphia Naval Yard (restricted access),2026-06-30 06:29:00,22.0,39.8876082,-75.1659143,True,False,False,S365833572,N
houfin,House Finch,Haemorhous mexicanus,L1069194,Philadelphia Naval Yard (restricted access),2026-06-30 06:29:00,1.0,39.8876082,-75.1659143,True,False,False,S365833572,N
amegfi,American Goldfinch,Spinus tristis,L1069194,Philadelphia Naval Yard (restricted access),2026-06-30 06:29:00,5.0,39.8876082,-75.1659143,True,False,False,S365833572,
chispa,Chipping Sparrow,Spizella passerina,L1069194,Philadelphia Naval Yard (restricted access),2026-06-30 06:29:00,2.0,39.8876082,-75.1659143,True,False,False,S365833572,
sonspa,Song Sparrow,Melospiza melodia,L1069194,Philadelphia Naval Yard (restricted access),2026-06-30 06:29:00,1.0,39.8876082,-75.1659143,True,False,False,S365833572,
orcori,Orchard Oriole,Icterus spurius,L1069194,Philadelphia Naval Yard (restricted access),2026-06-30 06:29:00,1.0,39.8876082,-75.1659143,True,False,False,S365833572,
balori,Baltimore Oriole,Icterus galbula,L1069194,Philadelphia Naval Yard (restricted access),2026-06-30 06:29:00,3.0,39.8876082,-75.1659143,True,False,False,S365833572,
bnhcow,Brown-headed Cowbird,Molothrus ater,L1069194,Philadelphia Naval Yard (restricted access),2026-06-30 06:29:00,1.0,39.8876082,-75.1659143,True,False,False,S365833572,
comgra,Common Grackle,Quiscalus quiscula,L1069194,Philadelphia Naval Yard (restricted access),2026-06-30 06:29:00,1.0,39.8876082,-75.1659143,True,False,False,S365833572,
norcar,Northern Cardinal,Cardinalis cardinalis,L1069194,Philadelphia Naval Yard (restricted access),2026-06-30 06:29:00,2.0,39.8876082,-75.1659143,True,False,False,S365833572,
indbun,Indigo Bunting,Passerina cyanea,L1069194,Philadelphia Naval Yard (restricted access),2026-06-30 06:29:00,1.0,39.8876082,-75.1659143,True,False,False,S365833572,
easowl1,Eastern Screech-Owl,Megascops asio,L1145863,Wissahickon Valley Park--Houston Meadow,2026-06-08 20:59:00,2.0,40.0694018,-75.228796,True,False,False,S354806482,
rocpig,Rock Pigeon,Columba livia,L1145863,Wissahickon Valley Park--Houston Meadow,2026-06-08 17:15:00,3.0,40.0694018,-75.228796,True,False,False,S357887859,N
turvul,Turkey Vulture,Cathartes aura,L1145863,Wissahickon Valley Park--Houston Meadow,2026-06-08 17:15:00,3.0,40.0694018,-75.228796,True,False,False,S357887859,
rethaw,Red-tailed Hawk,Buteo jamaicensis,L1145863,Wissahickon Valley Park--Houston Meadow,2026-06-08 17:15:00,1.0,40.0694018,-75.228796,True,False,False,S357887859,
eawpew,Eastern Wood-Pewee,Contopus virens,L1145863,Wissahickon Valley Park--Houston Meadow,2026-06-08 17:15:00,1.0,40.0694018,-75.228796,True,False,False,S357887859,
eawvir1,Eastern Warbling Vireo,Vireo gilvus,L1145863,Wissahickon Valley Park--Houston Meadow,2026-06-08 17:15:00,3.0,40.0694018,-75.228796,True,False,False,S357887859,
amerob,American Robin,Turdus migratorius,L1145863,Wissahickon Valley Park--Houston Meadow,2026-06-08 17:15:00,9.0,40.0694018,-75.228796,True,False,False,S357887859,
houspa,House Sparrow,Passer domesticus,L1145863,Wissahickon Valley Park--Houston Meadow,2026-06-08 17:15:00,8.0,40.0694018,-75.228796,True,False,False,S357887859,N
chispa,Chipping Sparrow,Spizella passerina,L1145863,Wissahickon Valley Park--Houston Meadow,2026-06-08 17:15:00,3.0,40.0694018,-75.228796,True,False,False,S357887859,
sonspa,Song Sparrow,Melospiza melodia,L1145863,Wissahickon Valley Park--Houston Meadow,2026-06-08 17:15:00,3.0,40.0694018,-75.228796,True,False,False,S357887859,
eastow,Eastern Towhee,Pipilo erythrophthalmus,L1145863,Wissahickon Valley Park--Houston Meadow,2026-06-08 17:15:00,1.0,40.0694018,-75.228796,True,False,False,S357887859,
bnhcow,Brown-headed Cowbird,Molothrus ater,L1145863,Wissahickon Valley Park--Houston Meadow,2026-06-08 17:15:00,3.0,40.0694018,-75.228796,True,False,False,S357887859,
yelwar1,Northern Yellow Warbler,Setophaga aestiva,L1145863,Wissahickon Valley Park--Houston Meadow,2026-06-08 17:15:00,2.0,40.0694018,-75.228796,True,False,False,S357887859,
pinwar,Pine Warbler,Setophaga pinus,L1145863,Wissahickon Valley Park--Houston Meadow,2026-06-08 17:15:00,1.0,40.0694018,-75.228796,True,False,False,S357887859,
whevir,White-eyed Vireo,Vireo griseus,L1145863,Wissahickon Valley Park--Houston Meadow,2026-06-08 07:12:00,1.0,40.0694018,-75.228796,True,True,False,S354595566,
norpar,Northern Parula,Setophaga americana,L1145863,Wissahickon Valley Park--Houston Meadow,2026-06-09 07:22:00,1.0,40.0694018,-75.228796,True,False,False,S355081599,
houwre,Northern House Wren,Troglodytes aedon,L1145863,Wissahickon Valley Park--Houston Meadow,2026-06-19 19:02:00,1.0,40.0694018,-75.228796,True,False,False,S359848439,
grycat,Gray Catbird,Dumetella carolinensis,L1145863,Wissahickon Valley Park--Houston Meadow,2026-06-19 19:02:00,,40.0694018,-75.228796,True,False,False,S359848439,
amerob,American Robin,Turdus migratorius,L1145863,Wissahickon Valley Park--Houston Meadow,2026-06-19 19:02:00,,40.0694018,-75.228796,True,False,False,S359848439,
eastow,Eastern Towhee,Pipilo erythrophthalmus,L1145863,Wissahickon Valley Park--Houston Meadow,2026-06-19 19:02:00,1.0,40.0694018,-75.228796,True,False,False,S359848439,
orcori,Orchard Oriole,Icterus spurius,L1145863,Wissahickon Valley Park--Houston Meadow,2026-06-20 17:48:00,3.0,40.0694018,-75.228796,True,False,False,S360500442,
moudov,Mourning Dove,Zenaida macroura,L1145863,Wissahickon Valley Park--Houston Meadow,2026-06-21 10:18:00,1.0,40.0694018,-75.228796,True,False,False,S361353704,
turvul,Turkey Vulture,Cathartes aura,L1145863,Wissahickon Valley Park--Houston Meadow,2026-06-21 10:18:00,1.0,40.0694018,-75.228796,True,False,False,S361353704,
rebwoo,Red-bellied Woodpecker,Melanerpes carolinus,L1145863,Wissahickon Valley Park--Houston Meadow,2026-06-21 10:18:00,1.0,40.0694018,-75.228796,True,False,False,S361353704,
dowwoo,Downy Woodpecker,Dryobates pubescens,L1145863,Wissahickon Valley Park--Houston Meadow,2026-06-21 10:18:00,1.0,40.0694018,-75.228796,True,False,False,S361353704,
norfli,Northern Flicker,Colaptes auratus,L1145863,Wissahickon Valley Park--Houston Meadow,2026-06-21 10:18:00,1.0,40.0694018,-75.228796,True,False,False,S361353704,
eawpew,Eastern Wood-Pewee,Contopus virens,L1145863,Wissahickon Valley Park--Houston Meadow,2026-06-21 10:18:00,1.0,40.0694018,-75.228796,True,False,False,S361353704,
grcfly,Great Crested Flycatcher,Myiarchus crinitus,L1145863,Wissahickon Valley Park--Houston Meadow,2026-06-21 10:18:00,1.0,40.0694018,-75.228796,True,False,False,S361353704,
whevir,White-eyed Vireo,Vireo griseus,L1145863,Wissahickon Valley Park--Houston Meadow,2026-06-21 10:18:00,1.0,40.0694018,-75.228796,True,True,False,S361353704,
blujay,Blue Jay,Cyanocitta cristata,L1145863,Wissahickon Valley Park--Houston Meadow,2026-06-21 10:18:00,2.0,40.0694018,-75.228796,True,False,False,S361353704,
fiscro,Fish Crow,Corvus ossifragus,L1145863,Wissahickon Valley Park--Houston Meadow,2026-06-21 10:18:00,1.0,40.0694018,-75.228796,True,False,False,S361353704,
treswa,Tree Swallow,Tachycineta bicolor,L1145863,Wissahickon Valley Park--Houston Meadow,2026-06-21 10:18:00,5.0,40.0694018,-75.228796,True,False,False,S361353704,
whbnut,White-breasted Nuthatch,Sitta carolinensis,L1145863,Wissahickon Valley Park--Houston Meadow,2026-06-21 10:18:00,2.0,40.0694018,-75.228796,True,False,False,S361353704,
houwre,Northern House Wren,Troglodytes aedon,L1145863,Wissahickon Valley Park--Houston Meadow,2026-06-21 10:18:00,6.0,40.0694018,-75.228796,True,False,False,S361353704,
carwre,Carolina Wren,Thryothorus ludovicianus,L1145863,Wissahickon Valley Park--Houston Meadow,2026-06-21 10:18:00,1.0,40.0694018,-75.228796,True,False,False,S361353704,
eursta,European Starling,Sturnus vulgaris,L1145863,Wissahickon Valley Park--Houston Meadow,2026-06-21 10:18:00,1.0,40.0694018,-75.228796,True,False,False,S361353704,N
grycat,Gray Catbird,Dumetella carolinensis,L1145863,Wissahickon Valley Park--Houston Meadow,2026-06-21 10:18:00,8.0,40.0694018,-75.228796,True,False,False,S361353704,
woothr,Wood Thrush,Hylocichla mustelina,L1145863,Wissahickon Valley Park--Houston Meadow,2026-06-21 10:18:00,2.0,40.0694018,-75.228796,True,False,False,S361353704,
amerob,American Robin,Turdus migratorius,L1145863,Wissahickon Valley Park--Houston Meadow,2026-06-21 10:18:00,4.0,40.0694018,-75.228796,True,False,False,S361353704,
houspa,House Sparrow,Passer domesticus,L1145863,Wissahickon Valley Park--Houston Meadow,2026-06-21 10:18:00,1.0,40.0694018,-75.228796,True,False,False,S361353704,N
amegfi,American Goldfinch,Spinus tristis,L1145863,Wissahickon Valley Park--Houston Meadow,2026-06-21 10:18:00,2.0,40.0694018,-75.228796,True,False,False,S361353704,
fiespa,Field Sparrow,Spizella pusilla,L1145863,Wissahickon Valley Park--Houston Meadow,2026-06-21 10:18:00,1.0,40.0694018,-75.228796,True,False,False,S361353704,
sonspa,Song Sparrow,Melospiza melodia,L1145863,Wissahickon Valley Park--Houston Meadow,2026-06-21 10:18:00,1.0,40.0694018,-75.228796,True,False,False,S361353704,
eastow,Eastern Towhee,Pipilo erythrophthalmus,L1145863,Wissahickon Valley Park--Houston Meadow,2026-06-21 10:18:00,1.0,40.0694018,-75.228796,True,False,False,S361353704,
orcori,Orchard Oriole,Icterus spurius,L1145863,Wissahickon Valley Park--Houston Meadow,2026-06-21 10:18:00,1.0,40.0694018,-75.228796,True,False,False,S361353704,
comyel,Common Yellowthroat,Geothlypis trichas,L1145863,Wissahickon Valley Park--Houston Meadow,2026-06-21 10:18:00,7.0,40.0694018,-75.228796,True,False,False,S361353704,
norcar,Northern Cardinal,Cardinalis cardinalis,L1145863,Wissahickon Valley Park--Houston Meadow,2026-06-21 10:18:00,3.0,40.0694018,-75.228796,True,False,False,S361353704,
indbun,Indigo Bunting,Passerina cyanea,L1145863,Wissahickon Valley Park--Houston Meadow,2026-06-21 10:18:00,2.0,40.0694018,-75.228796,True,False,False,S361353704,
moudov,Mourning Dove,Zenaida macroura,L1145863,Wissahickon Valley Park--Houston Meadow,2026-06-23 11:59:00,1.0,40.0694018,-75.228796,True,False,False,S362218798,
norfli,Northern Flicker,Colaptes auratus,L1145863,Wissahickon Valley Park--Houston Meadow,2026-06-23 11:59:00,1.0,40.0694018,-75.228796,True,False,False,S362218798,
grycat,Gray Catbird,Dumetella carolinensis,L1145863,Wissahickon Valley Park--Houston Meadow,2026-06-23 11:59:00,3.0,40.0694018,-75.228796,True,False,False,S362218798,
veery,Veery,Catharus fuscescens,L1145863,Wissahickon Valley Park--Houston Meadow,2026-06-23 11:59:00,1.0,40.0694018,-75.228796,True,False,False,S362218798,
amerob,American Robin,Turdus migratorius,L1145863,Wissahickon Valley Park--Houston Meadow,2026-06-23 11:59:00,4.0,40.0694018,-75.228796,True,False,False,S362218798,
amegfi,American Goldfinch,Spinus tristis,L1145863,Wissahickon Valley Park--Houston Meadow,2026-06-23 11:59:00,3.0,40.0694018,-75.228796,True,False,False,S362218798,
fiespa,Field Sparrow,Spizella pusilla,L1145863,Wissahickon Valley Park--Houston Meadow,2026-06-23 11:59:00,1.0,40.0694018,-75.228796,True,False,False,S362218798,
yebcuc,Yellow-billed Cuckoo,Coccyzus americanus,L1145863,Wissahickon Valley Park--Houston Meadow,2026-06-24 07:14:00,1.0,40.0694018,-75.228796,True,False,False,S362804674,
whevir,White-eyed Vireo,Vireo griseus,L1145863,Wissahickon Valley Park--Houston Meadow,2026-06-24 07:14:00,1.0,40.0694018,-75.228796,True,True,False,S362804674,
turvul,Turkey Vulture,Cathartes aura,L1145863,Wissahickon Valley Park--Houston Meadow,2026-06-25 10:27:00,1.0,40.0694018,-75.228796,True,False,False,S363156526,
rebwoo,Red-bellied Woodpecker,Melanerpes carolinus,L1145863,Wissahickon Valley Park--Houston Meadow,2026-06-25 10:27:00,1.0,40.0694018,-75.228796,True,False,False,S363156526,
dowwoo,Downy Woodpecker,Dryobates pubescens,L1145863,Wissahickon Valley Park--Houston Meadow,2026-06-25 10:27:00,1.0,40.0694018,-75.228796,True,False,False,S363156526,
norfli,Northern Flicker,Colaptes auratus,L1145863,Wissahickon Valley Park--Houston Meadow,2026-06-25 10:27:00,1.0,40.0694018,-75.228796,True,False,False,S363156526,
eawpew,Eastern Wood-Pewee,Contopus virens,L1145863,Wissahickon Valley Park--Houston Meadow,2026-06-25 10:27:00,1.0,40.0694018,-75.228796,True,False,False,S363156526,
grcfly,Great Crested Flycatcher,Myiarchus crinitus,L1145863,Wissahickon Valley Park--Houston Meadow,2026-06-25 10:27:00,1.0,40.0694018,-75.228796,True,False,False,S363156526,
blujay,Blue Jay,Cyanocitta cristata,L1145863,Wissahickon Valley Park--Houston Meadow,2026-06-25 10:27:00,3.0,40.0694018,-75.228796,True,False,False,S363156526,
amecro,American Crow,Corvus brachyrhynchos,L1145863,Wissahickon Valley Park--Houston Meadow,2026-06-25 10:27:00,1.0,40.0694018,-75.228796,True,False,False,S363156526,
whbnut,White-breasted Nuthatch,Sitta carolinensis,L1145863,Wissahickon Valley Park--Houston Meadow,2026-06-25 10:27:00,1.0,40.0694018,-75.228796,True,False,False,S363156526,
houwre,Northern House Wren,Troglodytes aedon,L1145863,Wissahickon Valley Park--Houston Meadow,2026-06-25 10:27:00,2.0,40.0694018,-75.228796,True,False,False,S363156526,
carwre,Carolina Wren,Thryothorus ludovicianus,L1145863,Wissahickon Valley Park--Houston Meadow,2026-06-25 10:27:00,1.0,40.0694018,-75.228796,True,False,False,S363156526,
grycat,Gray Catbird,Dumetella carolinensis,L1145863,Wissahickon Valley Park--Houston Meadow,2026-06-25 10:27:00,3.0,40.0694018,-75.228796,True,False,False,S363156526,
woothr,Wood Thrush,Hylocichla mustelina,L1145863,Wissahickon Valley Park--Houston Meadow,2026-06-25 10:27:00,3.0,40.0694018,-75.228796,True,False,False,S363156526,
amerob,American Robin,Turdus migratorius,L1145863,Wissahickon Valley Park--Houston Meadow,2026-06-25 10:27:00,2.0,40.0694018,-75.228796,True,False,False,S363156526,
cedwax,Cedar Waxwing,Bombycilla cedrorum,L1145863,Wissahickon Valley Park--Houston Meadow,2026-06-25 10:27:00,5.0,40.0694018,-75.228796,True,False,False,S363156526,
amegfi,American Goldfinch,Spinus tristis,L1145863,Wissahickon Valley Park--Houston Meadow,2026-06-25 10:27:00,4.0,40.0694018,-75.228796,True,False,False,S363156526,
fiespa,Field Sparrow,Spizella pusilla,L1145863,Wissahickon Valley Park--Houston Meadow,2026-06-25 10:27:00,1.0,40.0694018,-75.228796,True,False,False,S363156526,
sonspa,Song Sparrow,Melospiza melodia,L1145863,Wissahickon Valley Park--Houston Meadow,2026-06-25 10:27:00,1.0,40.0694018,-75.228796,True,False,False,S363156526,
balori,Baltimore Oriole,Icterus galbula,L1145863,Wissahickon Valley Park--Houston Meadow,2026-06-25 10:27:00,2.0,40.0694018,-75.228796,True,False,False,S363156526,
rewbla,Red-winged Blackbird,Agelaius phoeniceus,L1145863,Wissahickon Valley Park--Houston Meadow,2026-06-25 10:27:00,1.0,40.0694018,-75.228796,True,False,False,S363156526,
comyel,Common Yellowthroat,Geothlypis trichas,L1145863,Wissahickon Valley Park--Houston Meadow,2026-06-25 10:27:00,4.0,40.0694018,-75.228796,True,False,False,S363156526,
yelwar1,Northern Yellow Warbler,Setophaga aestiva,L1145863,Wissahickon Valley Park--Houston Meadow,2026-06-25 10:27:00,1.0,40.0694018,-75.228796,True,False,False,S363156526,
norcar,Northern Cardinal,Cardinalis cardinalis,L1145863,Wissahickon Valley Park--Houston Meadow,2026-06-25 10:27:00,2.0,40.0694018,-75.228796,True,False,False,S363156526,
moudov,Mourning Dove,Zenaida macroura,L1145863,Wissahickon Valley Park--Houston Meadow,2026-06-26 14:45:00,2.0,40.0694018,-75.228796,True,False,False,S365045360,
chiswi,Chimney Swift,Chaetura pelagica,L1145863,Wissahickon Valley Park--Houston Meadow,2026-06-26 14:45:00,1.0,40.0694018,-75.228796,True,False,False,S365045360,
rebwoo,Red-bellied Woodpecker,Melanerpes carolinus,L1145863,Wissahickon Valley Park--Houston Meadow,2026-06-26 14:45:00,2.0,40.0694018,-75.228796,True,False,False,S365045360,
dowwoo,Downy Woodpecker,Dryobates pubescens,L1145863,Wissahickon Valley Park--Houston Meadow,2026-06-26 14:45:00,4.0,40.0694018,-75.228796,True,False,False,S365045360,
haiwoo,Hairy Woodpecker,Leuconotopicus villosus,L1145863,Wissahickon Valley Park--Houston Meadow,2026-06-26 14:45:00,3.0,40.0694018,-75.228796,True,False,False,S365045360,
norfli,Northern Flicker,Colaptes auratus,L1145863,Wissahickon Valley Park--Houston Meadow,2026-06-26 14:45:00,1.0,40.0694018,-75.228796,True,False,False,S365045360,
acafly,Acadian Flycatcher,Empidonax virescens,L1145863,Wissahickon Valley Park--Houston Meadow,2026-06-26 14:45:00,2.0,40.0694018,-75.228796,True,False,False,S365045360,
grcfly,Great Crested Flycatcher,Myiarchus crinitus,L1145863,Wissahickon Valley Park--Houston Meadow,2026-06-26 14:45:00,1.0,40.0694018,-75.228796,True,False,False,S365045360,
reevir1,Red-eyed Vireo,Vireo olivaceus,L1145863,Wissahickon Valley Park--Houston Meadow,2026-06-26 14:45:00,1.0,40.0694018,-75.228796,True,False,False,S365045360,
blujay,Blue Jay,Cyanocitta cristata,L1145863,Wissahickon Valley Park--Houston Meadow,2026-06-26 14:45:00,2.0,40.0694018,-75.228796,True,False,False,S365045360,
carchi,Carolina Chickadee,Poecile carolinensis,L1145863,Wissahickon Valley Park--Houston Meadow,2026-06-26 14:45:00,5.0,40.0694018,-75.228796,True,False,False,S365045360,
tuftit,Tufted Titmouse,Baeolophus bicolor,L1145863,Wissahickon Valley Park--Houston Meadow,2026-06-26 14:45:00,4.0,40.0694018,-75.228796,True,False,False,S365045360,
treswa,Tree Swallow,Tachycineta bicolor,L1145863,Wissahickon Valley Park--Houston Meadow,2026-06-26 14:45:00,4.0,40.0694018,-75.228796,True,False,False,S365045360,
whbnut,White-breasted Nuthatch,Sitta carolinensis,L1145863,Wissahickon Valley Park--Houston Meadow,2026-06-26 14:45:00,3.0,40.0694018,-75.228796,True,False,False,S365045360,
houwre,Northern House Wren,Troglodytes aedon,L1145863,Wissahickon Valley Park--Houston Meadow,2026-06-26 14:45:00,4.0,40.0694018,-75.228796,True,False,False,S365045360,
carwre,Carolina Wren,Thryothorus ludovicianus,L1145863,Wissahickon Valley Park--Houston Meadow,2026-06-26 14:45:00,1.0,40.0694018,-75.228796,True,False,False,S365045360,
grycat,Gray Catbird,Dumetella carolinensis,L1145863,Wissahickon Valley Park--Houston Meadow,2026-06-26 14:45:00,8.0,40.0694018,-75.228796,True,False,False,S365045360,
veery,Veery,Catharus fuscescens,L1145863,Wissahickon Valley Park--Houston Meadow,2026-06-26 14:45:00,6.0,40.0694018,-75.228796,True,False,False,S365045360,
woothr,Wood Thrush,Hylocichla mustelina,L1145863,Wissahickon Valley Park--Houston Meadow,2026-06-26 14:45:00,5.0,40.0694018,-75.228796,True,False,False,S365045360,
amerob,American Robin,Turdus migratorius,L1145863,Wissahickon Valley Park--Houston Meadow,2026-06-26 14:45:00,11.0,40.0694018,-75.228796,True,False,False,S365045360,
cedwax,Cedar Waxwing,Bombycilla cedrorum,L1145863,Wissahickon Valley Park--Houston Meadow,2026-06-26 14:45:00,2.0,40.0694018,-75.228796,True,False,False,S365045360,
amegfi,American Goldfinch,Spinus tristis,L1145863,Wissahickon Valley Park--Houston Meadow,2026-06-26 14:45:00,6.0,40.0694018,-75.228796,True,False,False,S365045360,
fiespa,Field Sparrow,Spizella pusilla,L1145863,Wissahickon Valley Park--Houston Meadow,2026-06-26 14:45:00,1.0,40.0694018,-75.228796,True,False,False,S365045360,
eastow,Eastern Towhee,Pipilo erythrophthalmus,L1145863,Wissahickon Valley Park--Houston Meadow,2026-06-26 14:45:00,2.0,40.0694018,-75.228796,True,False,False,S365045360,
comyel,Common Yellowthroat,Geothlypis trichas,L1145863,Wissahickon Valley Park--Houston Meadow,2026-06-26 14:45:00,4.0,40.0694018,-75.228796,True,False,False,S365045360,
norcar,Northern Cardinal,Cardinalis cardinalis,L1145863,Wissahickon Valley Park--Houston Meadow,2026-06-26 14:45:00,3.0,40.0694018,-75.228796,True,False,False,S365045360,
moudov,Mourning Dove,Zenaida macroura,L3041917,Dixon Meadow Preserve,2026-06-01 17:14:00,2.0,40.1003152,-75.2402115,True,False,False,S351056783,
norfli,Northern Flicker,Colaptes auratus,L3041917,Dixon Meadow Preserve,2026-06-01 17:14:00,1.0,40.1003152,-75.2402115,True,False,False,S351056783,
eawpew,Eastern Wood-Pewee,Contopus virens,L3041917,Dixon Meadow Preserve,2026-06-01 17:14:00,1.0,40.1003152,-75.2402115,True,False,False,S351056783,
wilfly,Willow Flycatcher,Empidonax traillii,L3041917,Dixon Meadow Preserve,2026-06-01 17:14:00,6.0,40.1003152,-75.2402115,True,False,False,S351056783,
treswa,Tree Swallow,Tachycineta bicolor,L3041917,Dixon Meadow Preserve,2026-06-01 17:14:00,5.0,40.1003152,-75.2402115,True,False,False,S351056783,
barswa,Barn Swallow,Hirundo rustica,L3041917,Dixon Meadow Preserve,2026-06-01 17:14:00,3.0,40.1003152,-75.2402115,True,False,False,S351056783,
normoc,Northern Mockingbird,Mimus polyglottos,L3041917,Dixon Meadow Preserve,2026-06-01 17:14:00,4.0,40.1003152,-75.2402115,True,False,False,S351056783,
easblu,Eastern Bluebird,Sialia sialis,L3041917,Dixon Meadow Preserve,2026-06-01 17:14:00,1.0,40.1003152,-75.2402115,True,False,False,S351056783,
amerob,American Robin,Turdus migratorius,L3041917,Dixon Meadow Preserve,2026-06-01 17:14:00,2.0,40.1003152,-75.2402115,True,False,False,S351056783,
cedwax,Cedar Waxwing,Bombycilla cedrorum,L3041917,Dixon Meadow Preserve,2026-06-01 17:14:00,2.0,40.1003152,-75.2402115,True,False,False,S351056783,
houspa,House Sparrow,Passer domesticus,L3041917,Dixon Meadow Preserve,2026-06-01 17:14:00,2.0,40.1003152,-75.2402115,True,False,False,S351056783,N
houfin,House Finch,Haemorhous mexicanus,L3041917,Dixon Meadow Preserve,2026-06-01 17:14:00,3.0,40.1003152,-75.2402115,True,False,False,S351056783,N
amegfi,American Goldfinch,Spinus tristis,L3041917,Dixon Meadow Preserve,2026-06-01 17:14:00,1.0,40.1003152,-75.2402115,True,False,False,S351056783,
chispa,Chipping Sparrow,Spizella passerina,L3041917,Dixon Meadow Preserve,2026-06-01 17:14:00,2.0,40.1003152,-75.2402115,True,False,False,S351056783,
sonspa,Song Sparrow,Melospiza melodia,L3041917,Dixon Meadow Preserve,2026-06-01 17:14:00,1.0,40.1003152,-75.2402115,True,False,False,S351056783,
rewbla,Red-winged Blackbird,Agelaius phoeniceus,L3041917,Dixon Meadow Preserve,2026-06-01 17:14:00,30.0,40.1003152,-75.2402115,True,False,False,S351056783,
killde,Killdeer,Charadrius vociferus,L3041917,Dixon Meadow Preserve,2026-06-01 14:17:00,1.0,40.1003152,-75.2402115,True,False,False,S350971535,
easkin,Eastern Kingbird,Tyrannus tyrannus,L3041917,Dixon Meadow Preserve,2026-06-01 14:17:00,1.0,40.1003152,-75.2402115,True,False,False,S350971535,
eawvir1,Eastern Warbling Vireo,Vireo gilvus,L3041917,Dixon Meadow Preserve,2026-06-01 14:17:00,5.0,40.1003152,-75.2402115,True,False,False,S350971535,
tuftit,Tufted Titmouse,Baeolophus bicolor,L3041917,Dixon Meadow Preserve,2026-06-01 14:17:00,1.0,40.1003152,-75.2402115,True,False,False,S350971535,
nrwswa,Northern Rough-winged Swallow,Stelgidopteryx serripennis,L3041917,Dixon Meadow Preserve,2026-06-01 14:17:00,1.0,40.1003152,-75.2402115,True,False,False,S350971535,
carwre,Carolina Wren,Thryothorus ludovicianus,L3041917,Dixon Meadow Preserve,2026-06-01 14:17:00,1.0,40.1003152,-75.2402115,True,False,False,S350971535,
cangoo,Canada Goose,Branta canadensis,L3041917,Dixon Meadow Preserve,2026-06-01 08:47:00,1.0,40.1003152,-75.2402115,True,False,False,S350823588,
baleag,Bald Eagle,Haliaeetus leucocephalus,L3041917,Dixon Meadow Preserve,2026-06-01 08:47:00,1.0,40.1003152,-75.2402115,True,False,False,S350823588,
rethaw,Red-tailed Hawk,Buteo jamaicensis,L3041917,Dixon Meadow Preserve,2026-06-01 08:47:00,1.0,40.1003152,-75.2402115,True,False,False,S350823588,
rebwoo,Red-bellied Woodpecker,Melanerpes carolinus,L3041917,Dixon Meadow Preserve,2026-06-01 08:47:00,1.0,40.1003152,-75.2402115,True,False,False,S350823588,
eursta,European Starling,Sturnus vulgaris,L3041917,Dixon Meadow Preserve,2026-06-01 08:47:00,40.0,40.1003152,-75.2402115,True,False,False,S350823588,N
cangoo,Canada Goose,Branta canadensis,L3041917,Dixon Meadow Preserve,2026-06-02 08:17:00,3.0,40.1003152,-75.2402115,True,False,False,S351339201,
moudov,Mourning Dove,Zenaida macroura,L3041917,Dixon Meadow Preserve,2026-06-02 08:17:00,5.0,40.1003152,-75.2402115,True,False,False,S351339201,
chiswi,Chimney Swift,Chaetura pelagica,L3041917,Dixon Meadow Preserve,2026-06-02 08:17:00,5.0,40.1003152,-75.2402115,True,False,False,S351339201,
turvul,Turkey Vulture,Cathartes aura,L3041917,Dixon Meadow Preserve,2026-06-02 08:17:00,2.0,40.1003152,-75.2402115,True,False,False,S351339201,
rethaw,Red-tailed Hawk,Buteo jamaicensis,L3041917,Dixon Meadow Preserve,2026-06-02 08:17:00,1.0,40.1003152,-75.2402115,True,False,False,S351339201,
rebwoo,Red-bellied Woodpecker,Melanerpes carolinus,L3041917,Dixon Meadow Preserve,2026-06-02 08:17:00,1.0,40.1003152,-75.2402115,True,False,False,S351339201,
amekes,American Kestrel,Falco sparverius,L3041917,Dixon Meadow Preserve,2026-06-02 08:17:00,1.0,40.1003152,-75.2402115,True,False,False,S351339201,
wilfly,Willow Flycatcher,Empidonax traillii,L3041917,Dixon Meadow Preserve,2026-06-02 08:17:00,2.0,40.1003152,-75.2402115,True,False,False,S351339201,
easkin,Eastern Kingbird,Tyrannus tyrannus,L3041917,Dixon Meadow Preserve,2026-06-02 08:17:00,2.0,40.1003152,-75.2402115,True,False,False,S351339201,
amecro,American Crow,Corvus brachyrhynchos,L3041917,Dixon Meadow Preserve,2026-06-02 08:17:00,5.0,40.1003152,-75.2402115,True,False,False,S351339201,
treswa,Tree Swallow,Tachycineta bicolor,L3041917,Dixon Meadow Preserve,2026-06-02 08:17:00,25.0,40.1003152,-75.2402115,True,False,False,S351339201,
nrwswa,Northern Rough-winged Swallow,Stelgidopteryx serripennis,L3041917,Dixon Meadow Preserve,2026-06-02 08:17:00,2.0,40.1003152,-75.2402115,True,False,False,S351339201,
eursta,European Starling,Sturnus vulgaris,L3041917,Dixon Meadow Preserve,2026-06-02 08:17:00,30.0,40.1003152,-75.2402115,True,False,False,S351339201,N
grycat,Gray Catbird,Dumetella carolinensis,L3041917,Dixon Meadow Preserve,2026-06-02 08:17:00,1.0,40.1003152,-75.2402115,True,False,False,S351339201,
normoc,Northern Mockingbird,Mimus polyglottos,L3041917,Dixon Meadow Preserve,2026-06-02 08:17:00,2.0,40.1003152,-75.2402115,True,False,False,S351339201,
easblu,Eastern Bluebird,Sialia sialis,L3041917,Dixon Meadow Preserve,2026-06-02 08:17:00,1.0,40.1003152,-75.2402115,True,False,False,S351339201,
amerob,American Robin,Turdus migratorius,L3041917,Dixon Meadow Preserve,2026-06-02 08:17:00,10.0,40.1003152,-75.2402115,True,False,False,S351339201,
houfin,House Finch,Haemorhous mexicanus,L3041917,Dixon Meadow Preserve,2026-06-02 08:17:00,5.0,40.1003152,-75.2402115,True,False,False,S351339201,N
amegfi,American Goldfinch,Spinus tristis,L3041917,Dixon Meadow Preserve,2026-06-02 08:17:00,10.0,40.1003152,-75.2402115,True,False,False,S351339201,
sonspa,Song Sparrow,Melospiza melodia,L3041917,Dixon Meadow Preserve,2026-06-02 08:17:00,15.0,40.1003152,-75.2402115,True,False,False,S351339201,
orcori,Orchard Oriole,Icterus spurius,L3041917,Dixon Meadow Preserve,2026-06-02 08:17:00,1.0,40.1003152,-75.2402115,True,False,False,S351339201,
balori,Baltimore Oriole,Icterus galbula,L3041917,Dixon Meadow Preserve,2026-06-02 08:17:00,4.0,40.1003152,-75.2402115,True,False,False,S351339201,
rewbla,Red-winged Blackbird,Agelaius phoeniceus,L3041917,Dixon Meadow Preserve,2026-06-02 08:17:00,40.0,40.1003152,-75.2402115,True,False,False,S351339201,
wilfly,Willow Flycatcher,Empidonax traillii,L3041917,Dixon Meadow Preserve,2026-06-03 05:03:00,1.0,40.1003152,-75.2402115,True,False,False,S351686797,
chispa,Chipping Sparrow,Spizella passerina,L3041917,Dixon Meadow Preserve,2026-06-03 05:03:00,1.0,40.1003152,-75.2402115,True,False,False,S351686797,
sonspa,Song Sparrow,Melospiza melodia,L3041917,Dixon Meadow Preserve,2026-06-03 05:03:00,2.0,40.1003152,-75.2402115,True,False,False,S351686797,
rewbla,Red-winged Blackbird,Agelaius phoeniceus,L3041917,Dixon Meadow Preserve,2026-06-03 05:03:00,6.0,40.1003152,-75.2402115,True,False,False,S351686797,
moudov,Mourning Dove,Zenaida macroura,L3041917,Dixon Meadow Preserve,2026-06-04 09:20:00,5.0,40.1003152,-75.2402115,True,False,False,S352282581,
baleag,Bald Eagle,Haliaeetus leucocephalus,L3041917,Dixon Meadow Preserve,2026-06-04 09:20:00,1.0,40.1003152,-75.2402115,True,False,False,S352282581,
rethaw,Red-tailed Hawk,Buteo jamaicensis,L3041917,Dixon Meadow Preserve,2026-06-04 09:20:00,1.0,40.1003152,-75.2402115,True,False,False,S352282581,
amekes,American Kestrel,Falco sparverius,L3041917,Dixon Meadow Preserve,2026-06-04 09:20:00,1.0,40.1003152,-75.2402115,True,False,False,S352282581,
wilfly,Willow Flycatcher,Empidonax traillii,L3041917,Dixon Meadow Preserve,2026-06-04 09:20:00,2.0,40.1003152,-75.2402115,True,False,False,S352282581,
easkin,Eastern Kingbird,Tyrannus tyrannus,L3041917,Dixon Meadow Preserve,2026-06-04 09:20:00,1.0,40.1003152,-75.2402115,True,False,False,S352282581,
barswa,Barn Swallow,Hirundo rustica,L3041917,Dixon Meadow Preserve,2026-06-04 09:20:00,3.0,40.1003152,-75.2402115,True,False,False,S352282581,
eursta,European Starling,Sturnus vulgaris,L3041917,Dixon Meadow Preserve,2026-06-04 09:20:00,10.0,40.1003152,-75.2402115,True,False,False,S352282581,N
normoc,Northern Mockingbird,Mimus polyglottos,L3041917,Dixon Meadow Preserve,2026-06-04 09:20:00,4.0,40.1003152,-75.2402115,True,False,False,S352282581,
easblu,Eastern Bluebird,Sialia sialis,L3041917,Dixon Meadow Preserve,2026-06-04 09:20:00,1.0,40.1003152,-75.2402115,True,False,False,S352282581,
amerob,American Robin,Turdus migratorius,L3041917,Dixon Meadow Preserve,2026-06-04 09:20:00,10.0,40.1003152,-75.2402115,True,False,False,S352282581,
houspa,House Sparrow,Passer domesticus,L3041917,Dixon Meadow Preserve,2026-06-04 09:20:00,1.0,40.1003152,-75.2402115,True,False,False,S352282581,N
houfin,House Finch,Haemorhous mexicanus,L3041917,Dixon Meadow Preserve,2026-06-04 09:20:00,5.0,40.1003152,-75.2402115,True,False,False,S352282581,N
amegfi,American Goldfinch,Spinus tristis,L3041917,Dixon Meadow Preserve,2026-06-04 09:20:00,3.0,40.1003152,-75.2402115,True,False,False,S352282581,
sonspa,Song Sparrow,Melospiza melodia,L3041917,Dixon Meadow Preserve,2026-06-04 09:20:00,6.0,40.1003152,-75.2402115,True,False,False,S352282581,
rewbla,Red-winged Blackbird,Agelaius phoeniceus,L3041917,Dixon Meadow Preserve,2026-06-04 09:20:00,30.0,40.1003152,-75.2402115,True,False,False,S352282581,
coohaw,Cooper's Hawk,Astur cooperii,L3041917,Dixon Meadow Preserve,2026-06-04 06:00:00,1.0,40.1003152,-75.2402115,True,False,False,S352198414,
amecro,American Crow,Corvus brachyrhynchos,L3041917,Dixon Meadow Preserve,2026-06-04 06:00:00,3.0,40.1003152,-75.2402115,True,False,False,S352198414,
treswa,Tree Swallow,Tachycineta bicolor,L3041917,Dixon Meadow Preserve,2026-06-04 06:00:00,11.0,40.1003152,-75.2402115,True,False,False,S352198414,
cedwax,Cedar Waxwing,Bombycilla cedrorum,L3041917,Dixon Meadow Preserve,2026-06-04 06:00:00,2.0,40.1003152,-75.2402115,True,False,False,S352198414,
moudov,Mourning Dove,Zenaida macroura,L3041917,Dixon Meadow Preserve,2026-06-05 19:41:00,2.0,40.1003152,-75.2402115,True,False,False,S353028027,
amekes,American Kestrel,Falco sparverius,L3041917,Dixon Meadow Preserve,2026-06-05 19:41:00,2.0,40.1003152,-75.2402115,True,False,False,S353028027,
wilfly,Willow Flycatcher,Empidonax traillii,L3041917,Dixon Meadow Preserve,2026-06-05 19:41:00,1.0,40.1003152,-75.2402115,True,False,False,S353028027,
treswa,Tree Swallow,Tachycineta bicolor,L3041917,Dixon Meadow Preserve,2026-06-05 19:41:00,10.0,40.1003152,-75.2402115,True,False,False,S353028027,
barswa,Barn Swallow,Hirundo rustica,L3041917,Dixon Meadow Preserve,2026-06-05 19:41:00,1.0,40.1003152,-75.2402115,True,False,False,S353028027,
eursta,European Starling,Sturnus vulgaris,L3041917,Dixon Meadow Preserve,2026-06-05 19:41:00,6.0,40.1003152,-75.2402115,True,False,False,S353028027,N
normoc,Northern Mockingbird,Mimus polyglottos,L3041917,Dixon Meadow Preserve,2026-06-05 19:41:00,1.0,40.1003152,-75.2402115,True,False,False,S353028027,
easblu,Eastern Bluebird,Sialia sialis,L3041917,Dixon Meadow Preserve,2026-06-05 19:41:00,2.0,40.1003152,-75.2402115,True,False,False,S353028027,
amerob,American Robin,Turdus migratorius,L3041917,Dixon Meadow Preserve,2026-06-05 19:41:00,4.0,40.1003152,-75.2402115,True,False,False,S353028027,
sonspa,Song Sparrow,Melospiza melodia,L3041917,Dixon Meadow Preserve,2026-06-05 19:41:00,3.0,40.1003152,-75.2402115,True,False,False,S353028027,
rewbla,Red-winged Blackbird,Agelaius phoeniceus,L3041917,Dixon Meadow Preserve,2026-06-05 19:41:00,18.0,40.1003152,-75.2402115,True,False,False,S353028027,
comyel,Common Yellowthroat,Geothlypis trichas,L3041917,Dixon Meadow Preserve,2026-06-05 19:41:00,2.0,40.1003152,-75.2402115,True,False,False,S353028027,
rocpig,Rock Pigeon,Columba livia,L3041917,Dixon Meadow Preserve,2026-06-05 17:22:00,4.0,40.1003152,-75.2402115,True,False,False,S352958395,N
turvul,Turkey Vulture,Cathartes aura,L3041917,Dixon Meadow Preserve,2026-06-05 17:22:00,1.0,40.1003152,-75.2402115,True,False,False,S352958395,
grycat,Gray Catbird,Dumetella carolinensis,L3041917,Dixon Meadow Preserve,2026-06-05 17:22:00,1.0,40.1003152,-75.2402115,True,False,False,S352958395,
houspa,House Sparrow,Passer domesticus,L3041917,Dixon Meadow Preserve,2026-06-05 17:22:00,1.0,40.1003152,-75.2402115,True,False,False,S352958395,N
houfin,House Finch,Haemorhous mexicanus,L3041917,Dixon Meadow Preserve,2026-06-05 17:22:00,3.0,40.1003152,-75.2402115,True,False,False,S352958395,N
amegfi,American Goldfinch,Spinus tristis,L3041917,Dixon Meadow Preserve,2026-06-05 17:22:00,3.0,40.1003152,-75.2402115,True,False,False,S352958395,
rethaw,Red-tailed Hawk,Buteo jamaicensis,L3041917,Dixon Meadow Preserve,2026-06-05 16:37:00,1.0,40.1003152,-75.2402115,True,False,False,S352957290,
norfli,Northern Flicker,Colaptes auratus,L3041917,Dixon Meadow Preserve,2026-06-05 16:37:00,1.0,40.1003152,-75.2402115,True,False,False,S352957290,
easkin,Eastern Kingbird,Tyrannus tyrannus,L3041917,Dixon Meadow Preserve,2026-06-05 16:37:00,1.0,40.1003152,-75.2402115,True,False,False,S352957290,
amecro,American Crow,Corvus brachyrhynchos,L3041917,Dixon Meadow Preserve,2026-06-05 16:37:00,3.0,40.1003152,-75.2402115,True,False,False,S352957290,
cangoo,Canada Goose,Branta canadensis,L3041917,Dixon Meadow Preserve,2026-06-06 07:21:00,1.0,40.1003152,-75.2402115,True,False,False,S353213527,
moudov,Mourning Dove,Zenaida macroura,L3041917,Dixon Meadow Preserve,2026-06-06 07:21:00,2.0,40.1003152,-75.2402115,True,False,False,S353213527,
grbher3,Great Blue Heron,Ardea herodias,L3041917,Dixon Meadow Preserve,2026-06-06 07:21:00,1.0,40.1003152,-75.2402115,True,False,False,S353213527,
norfli,Northern Flicker,Colaptes auratus,L3041917,Dixon Meadow Preserve,2026-06-06 07:21:00,1.0,40.1003152,-75.2402115,True,False,False,S353213527,
amekes,American Kestrel,Falco sparverius,L3041917,Dixon Meadow Preserve,2026-06-06 07:21:00,1.0,40.1003152,-75.2402115,True,False,False,S353213527,
wilfly,Willow Flycatcher,Empidonax traillii,L3041917,Dixon Meadow Preserve,2026-06-06 07:21:00,3.0,40.1003152,-75.2402115,True,False,False,S353213527,
treswa,Tree Swallow,Tachycineta bicolor,L3041917,Dixon Meadow Preserve,2026-06-06 07:21:00,5.0,40.1003152,-75.2402115,True,False,False,S353213527,
barswa,Barn Swallow,Hirundo rustica,L3041917,Dixon Meadow Preserve,2026-06-06 07:21:00,2.0,40.1003152,-75.2402115,True,False,False,S353213527,
normoc,Northern Mockingbird,Mimus polyglottos,L3041917,Dixon Meadow Preserve,2026-06-06 07:21:00,4.0,40.1003152,-75.2402115,True,False,False,S353213527,
easblu,Eastern Bluebird,Sialia sialis,L3041917,Dixon Meadow Preserve,2026-06-06 07:21:00,2.0,40.1003152,-75.2402115,True,False,False,S353213527,
amerob,American Robin,Turdus migratorius,L3041917,Dixon Meadow Preserve,2026-06-06 07:21:00,4.0,40.1003152,-75.2402115,True,False,False,S353213527,
houspa,House Sparrow,Passer domesticus,L3041917,Dixon Meadow Preserve,2026-06-06 07:21:00,1.0,40.1003152,-75.2402115,True,False,False,S353213527,N
houfin,House Finch,Haemorhous mexicanus,L3041917,Dixon Meadow Preserve,2026-06-06 07:21:00,3.0,40.1003152,-75.2402115,True,False,False,S353213527,N
amegfi,American Goldfinch,Spinus tristis,L3041917,Dixon Meadow Preserve,2026-06-06 07:21:00,8.0,40.1003152,-75.2402115,True,False,False,S353213527,
sonspa,Song Sparrow,Melospiza melodia,L3041917,Dixon Meadow Preserve,2026-06-06 07:21:00,3.0,40.1003152,-75.2402115,True,False,False,S353213527,
orcori,Orchard Oriole,Icterus spurius,L3041917,Dixon Meadow Preserve,2026-06-06 07:21:00,1.0,40.1003152,-75.2402115,True,False,False,S353213527,
rewbla,Red-winged Blackbird,Agelaius phoeniceus,L3041917,Dixon Meadow Preserve,2026-06-06 07:21:00,12.0,40.1003152,-75.2402115,True,False,False,S353213527,
moudov,Mourning Dove,Zenaida macroura,L3041917,Dixon Meadow Preserve,2026-06-07 09:24:00,2.0,40.1003152,-75.2402115,True,False,False,S353914595,
killde,Killdeer,Charadrius vociferus,L3041917,Dixon Meadow Preserve,2026-06-07 09:24:00,1.0,40.1003152,-75.2402115,True,False,False,S353914595,
rebwoo,Red-bellied Woodpecker,Melanerpes carolinus,L3041917,Dixon Meadow Preserve,2026-06-07 09:24:00,1.0,40.1003152,-75.2402115,True,False,False,S353914595,
norfli,Northern Flicker,Colaptes auratus,L3041917,Dixon Meadow Preserve,2026-06-07 09:24:00,3.0,40.1003152,-75.2402115,True,False,False,S353914595,
amekes,American Kestrel,Falco sparverius,L3041917,Dixon Meadow Preserve,2026-06-07 09:24:00,1.0,40.1003152,-75.2402115,True,False,False,S353914595,
wilfly,Willow Flycatcher,Empidonax traillii,L3041917,Dixon Meadow Preserve,2026-06-07 09:24:00,2.0,40.1003152,-75.2402115,True,False,False,S353914595,
grcfly,Great Crested Flycatcher,Myiarchus crinitus,L3041917,Dixon Meadow Preserve,2026-06-07 09:24:00,1.0,40.1003152,-75.2402115,True,False,False,S353914595,
eawvir1,Eastern Warbling Vireo,Vireo gilvus,L3041917,Dixon Meadow Preserve,2026-06-07 09:24:00,1.0,40.1003152,-75.2402115,True,False,False,S353914595,
reevir1,Red-eyed Vireo,Vireo olivaceus,L3041917,Dixon Meadow Preserve,2026-06-07 09:24:00,1.0,40.1003152,-75.2402115,True,False,False,S353914595,
treswa,Tree Swallow,Tachycineta bicolor,L3041917,Dixon Meadow Preserve,2026-06-07 09:24:00,6.0,40.1003152,-75.2402115,True,False,False,S353914595,
buggna,Blue-gray Gnatcatcher,Polioptila caerulea,L3041917,Dixon Meadow Preserve,2026-06-07 09:24:00,1.0,40.1003152,-75.2402115,True,False,False,S353914595,
carwre,Carolina Wren,Thryothorus ludovicianus,L3041917,Dixon Meadow Preserve,2026-06-07 09:24:00,2.0,40.1003152,-75.2402115,True,False,False,S353914595,
eursta,European Starling,Sturnus vulgaris,L3041917,Dixon Meadow Preserve,2026-06-07 09:24:00,3.0,40.1003152,-75.2402115,True,False,False,S353914595,N
brnthr,Brown Thrasher,Toxostoma rufum,L3041917,Dixon Meadow Preserve,2026-06-07 09:24:00,1.0,40.1003152,-75.2402115,True,False,False,S353914595,
normoc,Northern Mockingbird,Mimus polyglottos,L3041917,Dixon Meadow Preserve,2026-06-07 09:24:00,5.0,40.1003152,-75.2402115,True,False,False,S353914595,
easblu,Eastern Bluebird,Sialia sialis,L3041917,Dixon Meadow Preserve,2026-06-07 09:24:00,1.0,40.1003152,-75.2402115,True,False,False,S353914595,
amerob,American Robin,Turdus migratorius,L3041917,Dixon Meadow Preserve,2026-06-07 09:24:00,4.0,40.1003152,-75.2402115,True,False,False,S353914595,
houspa,House Sparrow,Passer domesticus,L3041917,Dixon Meadow Preserve,2026-06-07 09:24:00,4.0,40.1003152,-75.2402115,True,False,False,S353914595,N
houfin,House Finch,Haemorhous mexicanus,L3041917,Dixon Meadow Preserve,2026-06-07 09:24:00,2.0,40.1003152,-75.2402115,True,False,False,S353914595,N
amegfi,American Goldfinch,Spinus tristis,L3041917,Dixon Meadow Preserve,2026-06-07 09:24:00,3.0,40.1003152,-75.2402115,True,False,False,S353914595,
fiespa,Field Sparrow,Spizella pusilla,L3041917,Dixon Meadow Preserve,2026-06-07 09:24:00,1.0,40.1003152,-75.2402115,True,False,False,S353914595,
sonspa,Song Sparrow,Melospiza melodia,L3041917,Dixon Meadow Preserve,2026-06-07 09:24:00,6.0,40.1003152,-75.2402115,True,False,False,S353914595,
rewbla,Red-winged Blackbird,Agelaius phoeniceus,L3041917,Dixon Meadow Preserve,2026-06-07 09:24:00,7.0,40.1003152,-75.2402115,True,False,False,S353914595,
comyel,Common Yellowthroat,Geothlypis trichas,L3041917,Dixon Meadow Preserve,2026-06-07 09:24:00,1.0,40.1003152,-75.2402115,True,False,False,S353914595,
norcar,Northern Cardinal,Cardinalis cardinalis,L3041917,Dixon Meadow Preserve,2026-06-07 09:24:00,2.0,40.1003152,-75.2402115,True,False,False,S353914595,
chiswi,Chimney Swift,Chaetura pelagica,L3041917,Dixon Meadow Preserve,2026-06-07 08:36:00,3.0,40.1003152,-75.2402115,True,False,False,S353985875,
grbher3,Great Blue Heron,Ardea herodias,L3041917,Dixon Meadow Preserve,2026-06-07 08:36:00,1.0,40.1003152,-75.2402115,True,False,False,S353985875,
turvul,Turkey Vulture,Cathartes aura,L3041917,Dixon Meadow Preserve,2026-06-07 08:36:00,3.0,40.1003152,-75.2402115,True,False,False,S353985875,
osprey,Osprey,Pandion haliaetus,L3041917,Dixon Meadow Preserve,2026-06-07 08:36:00,1.0,40.1003152,-75.2402115,True,False,False,S353985875,
rethaw,Red-tailed Hawk,Buteo jamaicensis,L3041917,Dixon Meadow Preserve,2026-06-07 08:36:00,1.0,40.1003152,-75.2402115,True,False,False,S353985875,
acafly,Acadian Flycatcher,Empidonax virescens,L3041917,Dixon Meadow Preserve,2026-06-07 08:36:00,1.0,40.1003152,-75.2402115,True,False,False,S353985875,
easpho,Eastern Phoebe,Sayornis phoebe,L3041917,Dixon Meadow Preserve,2026-06-07 08:36:00,1.0,40.1003152,-75.2402115,True,False,False,S353985875,
easkin,Eastern Kingbird,Tyrannus tyrannus,L3041917,Dixon Meadow Preserve,2026-06-07 08:36:00,2.0,40.1003152,-75.2402115,True,False,False,S353985875,
cedwax,Cedar Waxwing,Bombycilla cedrorum,L3041917,Dixon Meadow Preserve,2026-06-07 08:36:00,4.0,40.1003152,-75.2402115,True,False,False,S353985875,
bnhcow,Brown-headed Cowbird,Molothrus ater,L3041917,Dixon Meadow Preserve,2026-06-07 08:36:00,1.0,40.1003152,-75.2402115,True,False,False,S353985875,
cangoo,Canada Goose,Branta canadensis,L3041917,Dixon Meadow Preserve,2026-06-08 16:18:00,2.0,40.1003152,-75.2402115,True,False,False,S354713470,
mallar3,Mallard,Anas platyrhynchos,L3041917,Dixon Meadow Preserve,2026-06-08 16:18:00,2.0,40.1003152,-75.2402115,True,False,False,S354713470,
rocpig,Rock Pigeon,Columba livia,L3041917,Dixon Meadow Preserve,2026-06-08 16:18:00,1.0,40.1003152,-75.2402115,True,False,False,S354713470,N
moudov,Mourning Dove,Zenaida macroura,L3041917,Dixon Meadow Preserve,2026-06-08 16:18:00,4.0,40.1003152,-75.2402115,True,False,False,S354713470,
turvul,Turkey Vulture,Cathartes aura,L3041917,Dixon Meadow Preserve,2026-06-08 16:18:00,8.0,40.1003152,-75.2402115,True,False,False,S354713470,
baleag,Bald Eagle,Haliaeetus leucocephalus,L3041917,Dixon Meadow Preserve,2026-06-08 16:18:00,1.0,40.1003152,-75.2402115,True,False,False,S354713470,
amekes,American Kestrel,Falco sparverius,L3041917,Dixon Meadow Preserve,2026-06-08 16:18:00,2.0,40.1003152,-75.2402115,True,False,False,S354713470,
wilfly,Willow Flycatcher,Empidonax traillii,L3041917,Dixon Meadow Preserve,2026-06-08 16:18:00,1.0,40.1003152,-75.2402115,True,False,False,S354713470,
amecro,American Crow,Corvus brachyrhynchos,L3041917,Dixon Meadow Preserve,2026-06-08 16:18:00,1.0,40.1003152,-75.2402115,True,False,False,S354713470,
treswa,Tree Swallow,Tachycineta bicolor,L3041917,Dixon Meadow Preserve,2026-06-08 16:18:00,25.0,40.1003152,-75.2402115,True,False,False,S354713470,
barswa,Barn Swallow,Hirundo rustica,L3041917,Dixon Meadow Preserve,2026-06-08 16:18:00,2.0,40.1003152,-75.2402115,True,False,False,S354713470,
eursta,European Starling,Sturnus vulgaris,L3041917,Dixon Meadow Preserve,2026-06-08 16:18:00,6.0,40.1003152,-75.2402115,True,False,False,S354713470,N
normoc,Northern Mockingbird,Mimus polyglottos,L3041917,Dixon Meadow Preserve,2026-06-08 16:18:00,1.0,40.1003152,-75.2402115,True,False,False,S354713470,
easblu,Eastern Bluebird,Sialia sialis,L3041917,Dixon Meadow Preserve,2026-06-08 16:18:00,1.0,40.1003152,-75.2402115,True,False,False,S354713470,
amerob,American Robin,Turdus migratorius,L3041917,Dixon Meadow Preserve,2026-06-08 16:18:00,10.0,40.1003152,-75.2402115,True,False,False,S354713470,
houspa,House Sparrow,Passer domesticus,L3041917,Dixon Meadow Preserve,2026-06-08 16:18:00,6.0,40.1003152,-75.2402115,True,False,False,S354713470,N
houfin,House Finch,Haemorhous mexicanus,L3041917,Dixon Meadow Preserve,2026-06-08 16:18:00,10.0,40.1003152,-75.2402115,True,False,False,S354713470,N
amegfi,American Goldfinch,Spinus tristis,L3041917,Dixon Meadow Preserve,2026-06-08 16:18:00,5.0,40.1003152,-75.2402115,True,False,False,S354713470,
sonspa,Song Sparrow,Melospiza melodia,L3041917,Dixon Meadow Preserve,2026-06-08 16:18:00,6.0,40.1003152,-75.2402115,True,False,False,S354713470,
rewbla,Red-winged Blackbird,Agelaius phoeniceus,L3041917,Dixon Meadow Preserve,2026-06-08 16:18:00,30.0,40.1003152,-75.2402115,True,False,False,S354713470,
bnhcow,Brown-headed Cowbird,Molothrus ater,L3041917,Dixon Meadow Preserve,2026-06-08 16:18:00,1.0,40.1003152,-75.2402115,True,False,False,S354713470,
comyel,Common Yellowthroat,Geothlypis trichas,L3041917,Dixon Meadow Preserve,2026-06-08 16:18:00,1.0,40.1003152,-75.2402115,True,False,False,S354713470,
coohaw,Cooper's Hawk,Astur cooperii,L3041917,Dixon Meadow Preserve,2026-06-08 10:45:00,1.0,40.1003152,-75.2402115,True,False,False,S355788484,
rebwoo,Red-bellied Woodpecker,Melanerpes carolinus,L3041917,Dixon Meadow Preserve,2026-06-08 10:45:00,2.0,40.1003152,-75.2402115,True,False,False,S355788484,
grycat,Gray Catbird,Dumetella carolinensis,L3041917,Dixon Meadow Preserve,2026-06-08 10:45:00,2.0,40.1003152,-75.2402115,True,False,False,S355788484,
cedwax,Cedar Waxwing,Bombycilla cedrorum,L3041917,Dixon Meadow Preserve,2026-06-08 10:45:00,2.0,40.1003152,-75.2402115,True,False,False,S355788484,
moudov,Mourning Dove,Zenaida macroura,L3041917,Dixon Meadow Preserve,2026-06-09 19:29:00,,40.1003152,-75.2402115,True,False,False,S355182852,
wilfly,Willow Flycatcher,Empidonax traillii,L3041917,Dixon Meadow Preserve,2026-06-09 19:29:00,2.0,40.1003152,-75.2402115,True,False,False,S355182852,
treswa,Tree Swallow,Tachycineta bicolor,L3041917,Dixon Meadow Preserve,2026-06-09 19:29:00,,40.1003152,-75.2402115,True,False,False,S355182852,
normoc,Northern Mockingbird,Mimus polyglottos,L3041917,Dixon Meadow Preserve,2026-06-09 19:29:00,,40.1003152,-75.2402115,True,False,False,S355182852,
amerob,American Robin,Turdus migratorius,L3041917,Dixon Meadow Preserve,2026-06-09 19:29:00,,40.1003152,-75.2402115,True,False,False,S355182852,
amegfi,American Goldfinch,Spinus tristis,L3041917,Dixon Meadow Preserve,2026-06-09 19:29:00,,40.1003152,-75.2402115,True,False,False,S355182852,
sonspa,Song Sparrow,Melospiza melodia,L3041917,Dixon Meadow Preserve,2026-06-09 19:29:00,,40.1003152,-75.2402115,True,False,False,S355182852,
rewbla,Red-winged Blackbird,Agelaius phoeniceus,L3041917,Dixon Meadow Preserve,2026-06-09 19:29:00,,40.1003152,-75.2402115,True,False,False,S355182852,
turvul,Turkey Vulture,Cathartes aura,L3041917,Dixon Meadow Preserve,2026-06-09 07:55:00,2.0,40.1003152,-75.2402115,True,False,False,S354959131,
osprey,Osprey,Pandion haliaetus,L3041917,Dixon Meadow Preserve,2026-06-09 07:55:00,1.0,40.1003152,-75.2402115,True,False,False,S354959131,
baleag,Bald Eagle,Haliaeetus leucocephalus,L3041917,Dixon Meadow Preserve,2026-06-09 07:55:00,1.0,40.1003152,-75.2402115,True,False,False,S354959131,
rethaw,Red-tailed Hawk,Buteo jamaicensis,L3041917,Dixon Meadow Preserve,2026-06-09 07:55:00,1.0,40.1003152,-75.2402115,True,False,False,S354959131,
norfli,Northern Flicker,Colaptes auratus,L3041917,Dixon Meadow Preserve,2026-06-09 07:55:00,1.0,40.1003152,-75.2402115,True,False,False,S354959131,
amekes,American Kestrel,Falco sparverius,L3041917,Dixon Meadow Preserve,2026-06-09 07:55:00,1.0,40.1003152,-75.2402115,True,False,False,S354959131,
easkin,Eastern Kingbird,Tyrannus tyrannus,L3041917,Dixon Meadow Preserve,2026-06-09 07:55:00,2.0,40.1003152,-75.2402115,True,False,False,S354959131,
blujay,Blue Jay,Cyanocitta cristata,L3041917,Dixon Meadow Preserve,2026-06-09 07:55:00,1.0,40.1003152,-75.2402115,True,False,False,S354959131,
amecro,American Crow,Corvus brachyrhynchos,L3041917,Dixon Meadow Preserve,2026-06-09 07:55:00,3.0,40.1003152,-75.2402115,True,False,False,S354959131,
nrwswa,Northern Rough-winged Swallow,Stelgidopteryx serripennis,L3041917,Dixon Meadow Preserve,2026-06-09 07:55:00,2.0,40.1003152,-75.2402115,True,False,False,S354959131,
barswa,Barn Swallow,Hirundo rustica,L3041917,Dixon Meadow Preserve,2026-06-09 07:55:00,1.0,40.1003152,-75.2402115,True,False,False,S354959131,
carwre,Carolina Wren,Thryothorus ludovicianus,L3041917,Dixon Meadow Preserve,2026-06-09 07:55:00,1.0,40.1003152,-75.2402115,True,False,False,S354959131,
eursta,European Starling,Sturnus vulgaris,L3041917,Dixon Meadow Preserve,2026-06-09 07:55:00,10.0,40.1003152,-75.2402115,True,False,False,S354959131,N
easblu,Eastern Bluebird,Sialia sialis,L3041917,Dixon Meadow Preserve,2026-06-09 07:55:00,1.0,40.1003152,-75.2402115,True,False,False,S354959131,
cedwax,Cedar Waxwing,Bombycilla cedrorum,L3041917,Dixon Meadow Preserve,2026-06-09 07:55:00,2.0,40.1003152,-75.2402115,True,False,False,S354959131,
houfin,House Finch,Haemorhous mexicanus,L3041917,Dixon Meadow Preserve,2026-06-09 07:55:00,5.0,40.1003152,-75.2402115,True,False,False,S354959131,N
bnhcow,Brown-headed Cowbird,Molothrus ater,L3041917,Dixon Meadow Preserve,2026-06-09 07:55:00,3.0,40.1003152,-75.2402115,True,False,False,S354959131,
comyel,Common Yellowthroat,Geothlypis trichas,L3041917,Dixon Meadow Preserve,2026-06-09 07:55:00,2.0,40.1003152,-75.2402115,True,False,False,S354959131,
norcar,Northern Cardinal,Cardinalis cardinalis,L3041917,Dixon Meadow Preserve,2026-06-09 07:55:00,1.0,40.1003152,-75.2402115,True,False,False,S354959131,
moudov,Mourning Dove,Zenaida macroura,L3041917,Dixon Meadow Preserve,2026-06-10 09:25:00,15.0,40.1003152,-75.2402115,True,False,False,S355397538,
turvul,Turkey Vulture,Cathartes aura,L3041917,Dixon Meadow Preserve,2026-06-10 09:25:00,2.0,40.1003152,-75.2402115,True,False,False,S355397538,
rethaw,Red-tailed Hawk,Buteo jamaicensis,L3041917,Dixon Meadow Preserve,2026-06-10 09:25:00,1.0,40.1003152,-75.2402115,True,False,False,S355397538,
amekes,American Kestrel,Falco sparverius,L3041917,Dixon Meadow Preserve,2026-06-10 09:25:00,1.0,40.1003152,-75.2402115,True,False,False,S355397538,
wilfly,Willow Flycatcher,Empidonax traillii,L3041917,Dixon Meadow Preserve,2026-06-10 09:25:00,2.0,40.1003152,-75.2402115,True,False,False,S355397538,
treswa,Tree Swallow,Tachycineta bicolor,L3041917,Dixon Meadow Preserve,2026-06-10 09:25:00,20.0,40.1003152,-75.2402115,True,False,False,S355397538,
eursta,European Starling,Sturnus vulgaris,L3041917,Dixon Meadow Preserve,2026-06-10 09:25:00,5.0,40.1003152,-75.2402115,True,False,False,S355397538,N
normoc,Northern Mockingbird,Mimus polyglottos,L3041917,Dixon Meadow Preserve,2026-06-10 09:25:00,2.0,40.1003152,-75.2402115,True,False,False,S355397538,
easblu,Eastern Bluebird,Sialia sialis,L3041917,Dixon Meadow Preserve,2026-06-10 09:25:00,1.0,40.1003152,-75.2402115,True,False,False,S355397538,
amerob,American Robin,Turdus migratorius,L3041917,Dixon Meadow Preserve,2026-06-10 09:25:00,5.0,40.1003152,-75.2402115,True,False,False,S355397538,
houspa,House Sparrow,Passer domesticus,L3041917,Dixon Meadow Preserve,2026-06-10 09:25:00,1.0,40.1003152,-75.2402115,True,False,False,S355397538,N
houfin,House Finch,Haemorhous mexicanus,L3041917,Dixon Meadow Preserve,2026-06-10 09:25:00,2.0,40.1003152,-75.2402115,True,False,False,S355397538,N
amegfi,American Goldfinch,Spinus tristis,L3041917,Dixon Meadow Preserve,2026-06-10 09:25:00,5.0,40.1003152,-75.2402115,True,False,False,S355397538,
sonspa,Song Sparrow,Melospiza melodia,L3041917,Dixon Meadow Preserve,2026-06-10 09:25:00,10.0,40.1003152,-75.2402115,True,False,False,S355397538,
rewbla,Red-winged Blackbird,Agelaius phoeniceus,L3041917,Dixon Meadow Preserve,2026-06-10 09:25:00,25.0,40.1003152,-75.2402115,True,False,False,S355397538,
bnhcow,Brown-headed Cowbird,Molothrus ater,L3041917,Dixon Meadow Preserve,2026-06-10 09:25:00,1.0,40.1003152,-75.2402115,True,False,False,S355397538,
comyel,Common Yellowthroat,Geothlypis trichas,L3041917,Dixon Meadow Preserve,2026-06-10 09:25:00,1.0,40.1003152,-75.2402115,True,False,False,S355397538,
wooduc,Wood Duck,Aix sponsa,L3041917,Dixon Meadow Preserve,2026-06-11 08:40:00,1.0,40.1003152,-75.2402115,True,False,False,S355795441,
mallar3,Mallard,Anas platyrhynchos,L3041917,Dixon Meadow Preserve,2026-06-11 08:40:00,1.0,40.1003152,-75.2402115,True,False,False,S355795441,
moudov,Mourning Dove,Zenaida macroura,L3041917,Dixon Meadow Preserve,2026-06-11 08:40:00,8.0,40.1003152,-75.2402115,True,False,False,S355795441,
chiswi,Chimney Swift,Chaetura pelagica,L3041917,Dixon Meadow Preserve,2026-06-11 08:40:00,1.0,40.1003152,-75.2402115,True,False,False,S355795441,
turvul,Turkey Vulture,Cathartes aura,L3041917,Dixon Meadow Preserve,2026-06-11 08:40:00,2.0,40.1003152,-75.2402115,True,False,False,S355795441,
dowwoo,Downy Woodpecker,Dryobates pubescens,L3041917,Dixon Meadow Preserve,2026-06-11 08:40:00,1.0,40.1003152,-75.2402115,True,False,False,S355795441,
norfli,Northern Flicker,Colaptes auratus,L3041917,Dixon Meadow Preserve,2026-06-11 08:40:00,1.0,40.1003152,-75.2402115,True,False,False,S355795441,
wilfly,Willow Flycatcher,Empidonax traillii,L3041917,Dixon Meadow Preserve,2026-06-11 08:40:00,2.0,40.1003152,-75.2402115,True,False,False,S355795441,
easkin,Eastern Kingbird,Tyrannus tyrannus,L3041917,Dixon Meadow Preserve,2026-06-11 08:40:00,1.0,40.1003152,-75.2402115,True,False,False,S355795441,
amecro,American Crow,Corvus brachyrhynchos,L3041917,Dixon Meadow Preserve,2026-06-11 08:40:00,8.0,40.1003152,-75.2402115,True,False,False,S355795441,
treswa,Tree Swallow,Tachycineta bicolor,L3041917,Dixon Meadow Preserve,2026-06-11 08:40:00,35.0,40.1003152,-75.2402115,True,False,False,S355795441,
barswa,Barn Swallow,Hirundo rustica,L3041917,Dixon Meadow Preserve,2026-06-11 08:40:00,2.0,40.1003152,-75.2402115,True,False,False,S355795441,
eursta,European Starling,Sturnus vulgaris,L3041917,Dixon Meadow Preserve,2026-06-11 08:40:00,10.0,40.1003152,-75.2402115,True,False,False,S355795441,N
normoc,Northern Mockingbird,Mimus polyglottos,L3041917,Dixon Meadow Preserve,2026-06-11 08:40:00,4.0,40.1003152,-75.2402115,True,False,False,S355795441,
easblu,Eastern Bluebird,Sialia sialis,L3041917,Dixon Meadow Preserve,2026-06-11 08:40:00,2.0,40.1003152,-75.2402115,True,False,False,S355795441,
amerob,American Robin,Turdus migratorius,L3041917,Dixon Meadow Preserve,2026-06-11 08:40:00,10.0,40.1003152,-75.2402115,True,False,False,S355795441,
cedwax,Cedar Waxwing,Bombycilla cedrorum,L3041917,Dixon Meadow Preserve,2026-06-11 08:40:00,1.0,40.1003152,-75.2402115,True,False,False,S355795441,
houspa,House Sparrow,Passer domesticus,L3041917,Dixon Meadow Preserve,2026-06-11 08:40:00,1.0,40.1003152,-75.2402115,True,False,False,S355795441,N
houfin,House Finch,Haemorhous mexicanus,L3041917,Dixon Meadow Preserve,2026-06-11 08:40:00,5.0,40.1003152,-75.2402115,True,False,False,S355795441,N
amegfi,American Goldfinch,Spinus tristis,L3041917,Dixon Meadow Preserve,2026-06-11 08:40:00,15.0,40.1003152,-75.2402115,True,False,False,S355795441,
sonspa,Song Sparrow,Melospiza melodia,L3041917,Dixon Meadow Preserve,2026-06-11 08:40:00,10.0,40.1003152,-75.2402115,True,False,False,S355795441,
rewbla,Red-winged Blackbird,Agelaius phoeniceus,L3041917,Dixon Meadow Preserve,2026-06-11 08:40:00,45.0,40.1003152,-75.2402115,True,False,False,S355795441,
bnhcow,Brown-headed Cowbird,Molothrus ater,L3041917,Dixon Meadow Preserve,2026-06-11 08:40:00,1.0,40.1003152,-75.2402115,True,False,False,S355795441,
comgra,Common Grackle,Quiscalus quiscula,L3041917,Dixon Meadow Preserve,2026-06-11 08:40:00,1.0,40.1003152,-75.2402115,True,False,False,S355795441,
comyel,Common Yellowthroat,Geothlypis trichas,L3041917,Dixon Meadow Preserve,2026-06-11 08:40:00,2.0,40.1003152,-75.2402115,True,False,False,S355795441,
scatan,Scarlet Tanager,Piranga olivacea,L3041917,Dixon Meadow Preserve,2026-06-11 08:40:00,1.0,40.1003152,-75.2402115,True,False,False,S355795441,
rocpig,Rock Pigeon,Columba livia,L3041917,Dixon Meadow Preserve,2026-06-11 07:15:00,6.0,40.1003152,-75.2402115,True,False,False,S364873859,N
killde,Killdeer,Charadrius vociferus,L3041917,Dixon Meadow Preserve,2026-06-11 07:15:00,1.0,40.1003152,-75.2402115,True,False,False,S364873859,
reshaw,Red-shouldered Hawk,Buteo lineatus,L3041917,Dixon Meadow Preserve,2026-06-11 07:15:00,1.0,40.1003152,-75.2402115,True,False,False,S364873859,
haiwoo,Hairy Woodpecker,Leuconotopicus villosus,L3041917,Dixon Meadow Preserve,2026-06-11 07:15:00,1.0,40.1003152,-75.2402115,True,False,False,S364873859,
amekes,American Kestrel,Falco sparverius,L3041917,Dixon Meadow Preserve,2026-06-11 07:15:00,2.0,40.1003152,-75.2402115,True,False,False,S364873859,
easpho,Eastern Phoebe,Sayornis phoebe,L3041917,Dixon Meadow Preserve,2026-06-11 07:15:00,1.0,40.1003152,-75.2402115,True,False,False,S364873859,
eawvir1,Eastern Warbling Vireo,Vireo gilvus,L3041917,Dixon Meadow Preserve,2026-06-11 07:15:00,2.0,40.1003152,-75.2402115,True,False,False,S364873859,
reevir1,Red-eyed Vireo,Vireo olivaceus,L3041917,Dixon Meadow Preserve,2026-06-11 07:15:00,2.0,40.1003152,-75.2402115,True,False,False,S364873859,
blujay,Blue Jay,Cyanocitta cristata,L3041917,Dixon Meadow Preserve,2026-06-11 07:15:00,2.0,40.1003152,-75.2402115,True,False,False,S364873859,
fiscro,Fish Crow,Corvus ossifragus,L3041917,Dixon Meadow Preserve,2026-06-11 07:15:00,1.0,40.1003152,-75.2402115,True,False,False,S364873859,
purmar,Purple Martin,Progne subis,L3041917,Dixon Meadow Preserve,2026-06-11 07:15:00,1.0,40.1003152,-75.2402115,True,False,False,S364873859,
whbnut,White-breasted Nuthatch,Sitta carolinensis,L3041917,Dixon Meadow Preserve,2026-06-11 07:15:00,1.0,40.1003152,-75.2402115,True,False,False,S364873859,
houwre,Northern House Wren,Troglodytes aedon,L3041917,Dixon Meadow Preserve,2026-06-11 07:15:00,1.0,40.1003152,-75.2402115,True,False,False,S364873859,
carwre,Carolina Wren,Thryothorus ludovicianus,L3041917,Dixon Meadow Preserve,2026-06-11 07:15:00,2.0,40.1003152,-75.2402115,True,False,False,S364873859,
grycat,Gray Catbird,Dumetella carolinensis,L3041917,Dixon Meadow Preserve,2026-06-11 07:15:00,1.0,40.1003152,-75.2402115,True,False,False,S364873859,
woothr,Wood Thrush,Hylocichla mustelina,L3041917,Dixon Meadow Preserve,2026-06-11 07:15:00,1.0,40.1003152,-75.2402115,True,False,False,S364873859,
fiespa,Field Sparrow,Spizella pusilla,L3041917,Dixon Meadow Preserve,2026-06-11 07:15:00,2.0,40.1003152,-75.2402115,True,False,False,S364873859,
boboli,Bobolink,Dolichonyx oryzivorus,L3041917,Dixon Meadow Preserve,2026-06-11 07:15:00,1.0,40.1003152,-75.2402115,True,False,False,S364873859,
orcori,Orchard Oriole,Icterus spurius,L3041917,Dixon Meadow Preserve,2026-06-11 07:15:00,2.0,40.1003152,-75.2402115,True,False,False,S364873859,
balori,Baltimore Oriole,Icterus galbula,L3041917,Dixon Meadow Preserve,2026-06-11 07:15:00,2.0,40.1003152,-75.2402115,True,False,False,S364873859,
yelwar1,Northern Yellow Warbler,Setophaga aestiva,L3041917,Dixon Meadow Preserve,2026-06-11 07:15:00,1.0,40.1003152,-75.2402115,True,False,False,S364873859,
norcar,Northern Cardinal,Cardinalis cardinalis,L3041917,Dixon Meadow Preserve,2026-06-11 07:15:00,,40.1003152,-75.2402115,True,False,False,S364873859,
blugrb1,Blue Grosbeak,Passerina caerulea,L3041917,Dixon Meadow Preserve,2026-06-11 07:15:00,1.0,40.1003152,-75.2402115,True,True,False,S364873859,
indbun,Indigo Bunting,Passerina cyanea,L3041917,Dixon Meadow Preserve,2026-06-11 07:15:00,1.0,40.1003152,-75.2402115,True,False,False,S364873859,
wooduc,Wood Duck,Aix sponsa,L3041917,Dixon Meadow Preserve,2026-06-12 07:36:00,1.0,40.1003152,-75.2402115,True,False,False,S356163312,
mallar3,Mallard,Anas platyrhynchos,L3041917,Dixon Meadow Preserve,2026-06-12 07:36:00,2.0,40.1003152,-75.2402115,True,False,False,S356163312,
moudov,Mourning Dove,Zenaida macroura,L3041917,Dixon Meadow Preserve,2026-06-12 07:36:00,10.0,40.1003152,-75.2402115,True,False,False,S356163312,
chiswi,Chimney Swift,Chaetura pelagica,L3041917,Dixon Meadow Preserve,2026-06-12 07:36:00,15.0,40.1003152,-75.2402115,True,False,False,S356163312,
turvul,Turkey Vulture,Cathartes aura,L3041917,Dixon Meadow Preserve,2026-06-12 07:36:00,3.0,40.1003152,-75.2402115,True,False,False,S356163312,
rebwoo,Red-bellied Woodpecker,Melanerpes carolinus,L3041917,Dixon Meadow Preserve,2026-06-12 07:36:00,1.0,40.1003152,-75.2402115,True,False,False,S356163312,
norfli,Northern Flicker,Colaptes auratus,L3041917,Dixon Meadow Preserve,2026-06-12 07:36:00,1.0,40.1003152,-75.2402115,True,False,False,S356163312,
wilfly,Willow Flycatcher,Empidonax traillii,L3041917,Dixon Meadow Preserve,2026-06-12 07:36:00,4.0,40.1003152,-75.2402115,True,False,False,S356163312,
easkin,Eastern Kingbird,Tyrannus tyrannus,L3041917,Dixon Meadow Preserve,2026-06-12 07:36:00,2.0,40.1003152,-75.2402115,True,False,False,S356163312,
blujay,Blue Jay,Cyanocitta cristata,L3041917,Dixon Meadow Preserve,2026-06-12 07:36:00,2.0,40.1003152,-75.2402115,True,False,False,S356163312,
tuftit,Tufted Titmouse,Baeolophus bicolor,L3041917,Dixon Meadow Preserve,2026-06-12 07:36:00,2.0,40.1003152,-75.2402115,True,False,False,S356163312,
treswa,Tree Swallow,Tachycineta bicolor,L3041917,Dixon Meadow Preserve,2026-06-12 07:36:00,18.0,40.1003152,-75.2402115,True,False,False,S356163312,
barswa,Barn Swallow,Hirundo rustica,L3041917,Dixon Meadow Preserve,2026-06-12 07:36:00,4.0,40.1003152,-75.2402115,True,False,False,S356163312,
houwre,Northern House Wren,Troglodytes aedon,L3041917,Dixon Meadow Preserve,2026-06-12 07:36:00,1.0,40.1003152,-75.2402115,True,False,False,S356163312,
carwre,Carolina Wren,Thryothorus ludovicianus,L3041917,Dixon Meadow Preserve,2026-06-12 07:36:00,2.0,40.1003152,-75.2402115,True,False,False,S356163312,
eursta,European Starling,Sturnus vulgaris,L3041917,Dixon Meadow Preserve,2026-06-12 07:36:00,4.0,40.1003152,-75.2402115,True,False,False,S356163312,N
normoc,Northern Mockingbird,Mimus polyglottos,L3041917,Dixon Meadow Preserve,2026-06-12 07:36:00,5.0,40.1003152,-75.2402115,True,False,False,S356163312,
easblu,Eastern Bluebird,Sialia sialis,L3041917,Dixon Meadow Preserve,2026-06-12 07:36:00,3.0,40.1003152,-75.2402115,True,False,False,S356163312,
amerob,American Robin,Turdus migratorius,L3041917,Dixon Meadow Preserve,2026-06-12 07:36:00,6.0,40.1003152,-75.2402115,True,False,False,S356163312,
houspa,House Sparrow,Passer domesticus,L3041917,Dixon Meadow Preserve,2026-06-12 07:36:00,4.0,40.1003152,-75.2402115,True,False,False,S356163312,N
houfin,House Finch,Haemorhous mexicanus,L3041917,Dixon Meadow Preserve,2026-06-12 07:36:00,5.0,40.1003152,-75.2402115,True,False,False,S356163312,N
sonspa,Song Sparrow,Melospiza melodia,L3041917,Dixon Meadow Preserve,2026-06-12 07:36:00,11.0,40.1003152,-75.2402115,True,False,False,S356163312,
boboli,Bobolink,Dolichonyx oryzivorus,L3041917,Dixon Meadow Preserve,2026-06-12 07:36:00,1.0,40.1003152,-75.2402115,True,False,False,S356163312,
easmea,Eastern Meadowlark,Sturnella magna,L3041917,Dixon Meadow Preserve,2026-06-12 07:36:00,2.0,40.1003152,-75.2402115,True,False,False,S356163312,
bnhcow,Brown-headed Cowbird,Molothrus ater,L3041917,Dixon Meadow Preserve,2026-06-12 07:36:00,3.0,40.1003152,-75.2402115,True,False,False,S356163312,
comyel,Common Yellowthroat,Geothlypis trichas,L3041917,Dixon Meadow Preserve,2026-06-12 07:36:00,1.0,40.1003152,-75.2402115,True,False,False,S356163312,
yelwar1,Northern Yellow Warbler,Setophaga aestiva,L3041917,Dixon Meadow Preserve,2026-06-12 07:36:00,1.0,40.1003152,-75.2402115,True,False,False,S356163312,
norcar,Northern Cardinal,Cardinalis cardinalis,L3041917,Dixon Meadow Preserve,2026-06-12 07:36:00,2.0,40.1003152,-75.2402115,True,False,False,S356163312,
indbun,Indigo Bunting,Passerina cyanea,L3041917,Dixon Meadow Preserve,2026-06-12 07:36:00,1.0,40.1003152,-75.2402115,True,False,False,S356163312,
amekes,American Kestrel,Falco sparverius,L3041917,Dixon Meadow Preserve,2026-06-12 07:27:00,1.0,40.1003152,-75.2402115,True,False,False,S356134013,
cedwax,Cedar Waxwing,Bombycilla cedrorum,L3041917,Dixon Meadow Preserve,2026-06-12 07:27:00,4.0,40.1003152,-75.2402115,True,False,False,S356134013,
amegfi,American Goldfinch,Spinus tristis,L3041917,Dixon Meadow Preserve,2026-06-12 07:27:00,2.0,40.1003152,-75.2402115,True,False,False,S356134013,
orcori,Orchard Oriole,Icterus spurius,L3041917,Dixon Meadow Preserve,2026-06-12 07:27:00,2.0,40.1003152,-75.2402115,True,False,False,S356134013,
rewbla,Red-winged Blackbird,Agelaius phoeniceus,L3041917,Dixon Meadow Preserve,2026-06-12 07:27:00,4.0,40.1003152,-75.2402115,True,False,False,S356134013,
mallar3,Mallard,Anas platyrhynchos,L3041917,Dixon Meadow Preserve,2026-06-13 08:53:00,1.0,40.1003152,-75.2402115,True,False,False,S356694558,
moudov,Mourning Dove,Zenaida macroura,L3041917,Dixon Meadow Preserve,2026-06-13 08:53:00,15.0,40.1003152,-75.2402115,True,False,False,S356694558,
turvul,Turkey Vulture,Cathartes aura,L3041917,Dixon Meadow Preserve,2026-06-13 08:53:00,4.0,40.1003152,-75.2402115,True,False,False,S356694558,
baleag,Bald Eagle,Haliaeetus leucocephalus,L3041917,Dixon Meadow Preserve,2026-06-13 08:53:00,1.0,40.1003152,-75.2402115,True,False,False,S356694558,
rethaw,Red-tailed Hawk,Buteo jamaicensis,L3041917,Dixon Meadow Preserve,2026-06-13 08:53:00,1.0,40.1003152,-75.2402115,True,False,False,S356694558,
rebwoo,Red-bellied Woodpecker,Melanerpes carolinus,L3041917,Dixon Meadow Preserve,2026-06-13 08:53:00,1.0,40.1003152,-75.2402115,True,False,False,S356694558,
norfli,Northern Flicker,Colaptes auratus,L3041917,Dixon Meadow Preserve,2026-06-13 08:53:00,2.0,40.1003152,-75.2402115,True,False,False,S356694558,
amekes,American Kestrel,Falco sparverius,L3041917,Dixon Meadow Preserve,2026-06-13 08:53:00,1.0,40.1003152,-75.2402115,True,False,False,S356694558,
wilfly,Willow Flycatcher,Empidonax traillii,L3041917,Dixon Meadow Preserve,2026-06-13 08:53:00,2.0,40.1003152,-75.2402115,True,False,False,S356694558,
easkin,Eastern Kingbird,Tyrannus tyrannus,L3041917,Dixon Meadow Preserve,2026-06-13 08:53:00,1.0,40.1003152,-75.2402115,True,False,False,S356694558,
blujay,Blue Jay,Cyanocitta cristata,L3041917,Dixon Meadow Preserve,2026-06-13 08:53:00,1.0,40.1003152,-75.2402115,True,False,False,S356694558,
treswa,Tree Swallow,Tachycineta bicolor,L3041917,Dixon Meadow Preserve,2026-06-13 08:53:00,25.0,40.1003152,-75.2402115,True,False,False,S356694558,
nrwswa,Northern Rough-winged Swallow,Stelgidopteryx serripennis,L3041917,Dixon Meadow Preserve,2026-06-13 08:53:00,1.0,40.1003152,-75.2402115,True,False,False,S356694558,
barswa,Barn Swallow,Hirundo rustica,L3041917,Dixon Meadow Preserve,2026-06-13 08:53:00,2.0,40.1003152,-75.2402115,True,False,False,S356694558,
carwre,Carolina Wren,Thryothorus ludovicianus,L3041917,Dixon Meadow Preserve,2026-06-13 08:53:00,1.0,40.1003152,-75.2402115,True,False,False,S356694558,
eursta,European Starling,Sturnus vulgaris,L3041917,Dixon Meadow Preserve,2026-06-13 08:53:00,10.0,40.1003152,-75.2402115,True,False,False,S356694558,N
normoc,Northern Mockingbird,Mimus polyglottos,L3041917,Dixon Meadow Preserve,2026-06-13 08:53:00,4.0,40.1003152,-75.2402115,True,False,False,S356694558,
amerob,American Robin,Turdus migratorius,L3041917,Dixon Meadow Preserve,2026-06-13 08:53:00,20.0,40.1003152,-75.2402115,True,False,False,S356694558,
houspa,House Sparrow,Passer domesticus,L3041917,Dixon Meadow Preserve,2026-06-13 08:53:00,1.0,40.1003152,-75.2402115,True,False,False,S356694558,N
houfin,House Finch,Haemorhous mexicanus,L3041917,Dixon Meadow Preserve,2026-06-13 08:53:00,15.0,40.1003152,-75.2402115,True,False,False,S356694558,N
amegfi,American Goldfinch,Spinus tristis,L3041917,Dixon Meadow Preserve,2026-06-13 08:53:00,8.0,40.1003152,-75.2402115,True,False,False,S356694558,
sonspa,Song Sparrow,Melospiza melodia,L3041917,Dixon Meadow Preserve,2026-06-13 08:53:00,5.0,40.1003152,-75.2402115,True,False,False,S356694558,
rewbla,Red-winged Blackbird,Agelaius phoeniceus,L3041917,Dixon Meadow Preserve,2026-06-13 08:53:00,35.0,40.1003152,-75.2402115,True,False,False,S356694558,
bnhcow,Brown-headed Cowbird,Molothrus ater,L3041917,Dixon Meadow Preserve,2026-06-13 08:53:00,1.0,40.1003152,-75.2402115,True,False,False,S356694558,
comyel,Common Yellowthroat,Geothlypis trichas,L3041917,Dixon Meadow Preserve,2026-06-13 08:53:00,1.0,40.1003152,-75.2402115,True,False,False,S356694558,
yelwar1,Northern Yellow Warbler,Setophaga aestiva,L3041917,Dixon Meadow Preserve,2026-06-13 08:53:00,2.0,40.1003152,-75.2402115,True,False,False,S356694558,
indbun,Indigo Bunting,Passerina cyanea,L3041917,Dixon Meadow Preserve,2026-06-13 08:53:00,1.0,40.1003152,-75.2402115,True,False,False,S356694558,
amecro,American Crow,Corvus brachyrhynchos,L3041917,Dixon Meadow Preserve,2026-06-13 08:02:00,3.0,40.1003152,-75.2402115,True,False,False,S356622908,
easblu,Eastern Bluebird,Sialia sialis,L3041917,Dixon Meadow Preserve,2026-06-13 08:02:00,2.0,40.1003152,-75.2402115,True,False,False,S356622908,
chispa,Chipping Sparrow,Spizella passerina,L3041917,Dixon Meadow Preserve,2026-06-13 08:02:00,2.0,40.1003152,-75.2402115,True,False,False,S356622908,
wooduc,Wood Duck,Aix sponsa,L3041917,Dixon Meadow Preserve,2026-06-13 07:12:00,1.0,40.1003152,-75.2402115,True,False,False,S356594400,
chiswi,Chimney Swift,Chaetura pelagica,L3041917,Dixon Meadow Preserve,2026-06-13 07:12:00,2.0,40.1003152,-75.2402115,True,False,False,S356594400,
fiscro,Fish Crow,Corvus ossifragus,L3041917,Dixon Meadow Preserve,2026-06-13 07:12:00,4.0,40.1003152,-75.2402115,True,False,False,S356594400,
purmar,Purple Martin,Progne subis,L3041917,Dixon Meadow Preserve,2026-06-13 07:12:00,1.0,40.1003152,-75.2402115,True,False,False,S356594400,
cedwax,Cedar Waxwing,Bombycilla cedrorum,L3041917,Dixon Meadow Preserve,2026-06-13 07:12:00,1.0,40.1003152,-75.2402115,True,False,False,S356594400,
moudov,Mourning Dove,Zenaida macroura,L3041917,Dixon Meadow Preserve,2026-06-14 10:15:00,5.0,40.1003152,-75.2402115,True,False,False,S357328257,
chiswi,Chimney Swift,Chaetura pelagica,L3041917,Dixon Meadow Preserve,2026-06-14 10:15:00,8.0,40.1003152,-75.2402115,True,False,False,S357328257,
turvul,Turkey Vulture,Cathartes aura,L3041917,Dixon Meadow Preserve,2026-06-14 10:15:00,3.0,40.1003152,-75.2402115,True,False,False,S357328257,
rethaw,Red-tailed Hawk,Buteo jamaicensis,L3041917,Dixon Meadow Preserve,2026-06-14 10:15:00,2.0,40.1003152,-75.2402115,True,False,False,S357328257,
rebwoo,Red-bellied Woodpecker,Melanerpes carolinus,L3041917,Dixon Meadow Preserve,2026-06-14 10:15:00,1.0,40.1003152,-75.2402115,True,False,False,S357328257,
norfli,Northern Flicker,Colaptes auratus,L3041917,Dixon Meadow Preserve,2026-06-14 10:15:00,1.0,40.1003152,-75.2402115,True,False,False,S357328257,
wilfly,Willow Flycatcher,Empidonax traillii,L3041917,Dixon Meadow Preserve,2026-06-14 10:15:00,2.0,40.1003152,-75.2402115,True,False,False,S357328257,
treswa,Tree Swallow,Tachycineta bicolor,L3041917,Dixon Meadow Preserve,2026-06-14 10:15:00,25.0,40.1003152,-75.2402115,True,False,False,S357328257,
barswa,Barn Swallow,Hirundo rustica,L3041917,Dixon Meadow Preserve,2026-06-14 10:15:00,5.0,40.1003152,-75.2402115,True,False,False,S357328257,
normoc,Northern Mockingbird,Mimus polyglottos,L3041917,Dixon Meadow Preserve,2026-06-14 10:15:00,2.0,40.1003152,-75.2402115,True,False,False,S357328257,
easblu,Eastern Bluebird,Sialia sialis,L3041917,Dixon Meadow Preserve,2026-06-14 10:15:00,1.0,40.1003152,-75.2402115,True,False,False,S357328257,
amerob,American Robin,Turdus migratorius,L3041917,Dixon Meadow Preserve,2026-06-14 10:15:00,10.0,40.1003152,-75.2402115,True,False,False,S357328257,
houspa,House Sparrow,Passer domesticus,L3041917,Dixon Meadow Preserve,2026-06-14 10:15:00,1.0,40.1003152,-75.2402115,True,False,False,S357328257,N
houfin,House Finch,Haemorhous mexicanus,L3041917,Dixon Meadow Preserve,2026-06-14 10:15:00,5.0,40.1003152,-75.2402115,True,False,False,S357328257,N
amegfi,American Goldfinch,Spinus tristis,L3041917,Dixon Meadow Preserve,2026-06-14 10:15:00,2.0,40.1003152,-75.2402115,True,False,False,S357328257,
sonspa,Song Sparrow,Melospiza melodia,L3041917,Dixon Meadow Preserve,2026-06-14 10:15:00,10.0,40.1003152,-75.2402115,True,False,False,S357328257,
rewbla,Red-winged Blackbird,Agelaius phoeniceus,L3041917,Dixon Meadow Preserve,2026-06-14 10:15:00,35.0,40.1003152,-75.2402115,True,False,False,S357328257,
bnhcow,Brown-headed Cowbird,Molothrus ater,L3041917,Dixon Meadow Preserve,2026-06-14 10:15:00,2.0,40.1003152,-75.2402115,True,False,False,S357328257,
rocpig,Rock Pigeon,Columba livia,L3041917,Dixon Meadow Preserve,2026-06-14 07:59:00,5.0,40.1003152,-75.2402115,True,False,False,S357237003,N
amekes,American Kestrel,Falco sparverius,L3041917,Dixon Meadow Preserve,2026-06-14 07:59:00,1.0,40.1003152,-75.2402115,True,False,False,S357237003,
eursta,European Starling,Sturnus vulgaris,L3041917,Dixon Meadow Preserve,2026-06-14 07:59:00,15.0,40.1003152,-75.2402115,True,False,False,S357237003,N
chispa,Chipping Sparrow,Spizella passerina,L3041917,Dixon Meadow Preserve,2026-06-14 07:59:00,2.0,40.1003152,-75.2402115,True,False,False,S357237003,
comgra,Common Grackle,Quiscalus quiscula,L3041917,Dixon Meadow Preserve,2026-06-14 07:59:00,2.0,40.1003152,-75.2402115,True,False,False,S357237003,
moudov,Mourning Dove,Zenaida macroura,L3041917,Dixon Meadow Preserve,2026-06-15 19:51:00,1.0,40.1003152,-75.2402115,True,False,False,S358041615,
wilfly,Willow Flycatcher,Empidonax traillii,L3041917,Dixon Meadow Preserve,2026-06-15 19:51:00,2.0,40.1003152,-75.2402115,True,False,False,S358041615,
treswa,Tree Swallow,Tachycineta bicolor,L3041917,Dixon Meadow Preserve,2026-06-15 19:51:00,,40.1003152,-75.2402115,True,False,False,S358041615,
barswa,Barn Swallow,Hirundo rustica,L3041917,Dixon Meadow Preserve,2026-06-15 19:51:00,1.0,40.1003152,-75.2402115,True,False,False,S358041615,
amerob,American Robin,Turdus migratorius,L3041917,Dixon Meadow Preserve,2026-06-15 19:51:00,3.0,40.1003152,-75.2402115,True,False,False,S358041615,
houfin,House Finch,Haemorhous mexicanus,L3041917,Dixon Meadow Preserve,2026-06-15 19:51:00,1.0,40.1003152,-75.2402115,True,False,False,S358041615,N
rewbla,Red-winged Blackbird,Agelaius phoeniceus,L3041917,Dixon Meadow Preserve,2026-06-15 19:51:00,,40.1003152,-75.2402115,True,False,False,S358041615,
mallar3,Mallard,Anas platyrhynchos,L3041917,Dixon Meadow Preserve,2026-06-15 11:24:00,2.0,40.1003152,-75.2402115,True,False,False,S357855556,
chiswi,Chimney Swift,Chaetura pelagica,L3041917,Dixon Meadow Preserve,2026-06-15 11:24:00,20.0,40.1003152,-75.2402115,True,False,False,S357855556,
turvul,Turkey Vulture,Cathartes aura,L3041917,Dixon Meadow Preserve,2026-06-15 11:24:00,6.0,40.1003152,-75.2402115,True,False,False,S357855556,
rethaw,Red-tailed Hawk,Buteo jamaicensis,L3041917,Dixon Meadow Preserve,2026-06-15 11:24:00,2.0,40.1003152,-75.2402115,True,False,False,S357855556,
norfli,Northern Flicker,Colaptes auratus,L3041917,Dixon Meadow Preserve,2026-06-15 11:24:00,1.0,40.1003152,-75.2402115,True,False,False,S357855556,
amekes,American Kestrel,Falco sparverius,L3041917,Dixon Meadow Preserve,2026-06-15 11:24:00,1.0,40.1003152,-75.2402115,True,False,False,S357855556,
blujay,Blue Jay,Cyanocitta cristata,L3041917,Dixon Meadow Preserve,2026-06-15 11:24:00,1.0,40.1003152,-75.2402115,True,False,False,S357855556,
eursta,European Starling,Sturnus vulgaris,L3041917,Dixon Meadow Preserve,2026-06-15 11:24:00,6.0,40.1003152,-75.2402115,True,False,False,S357855556,N
normoc,Northern Mockingbird,Mimus polyglottos,L3041917,Dixon Meadow Preserve,2026-06-15 11:24:00,2.0,40.1003152,-75.2402115,True,False,False,S357855556,
houspa,House Sparrow,Passer domesticus,L3041917,Dixon Meadow Preserve,2026-06-15 11:24:00,1.0,40.1003152,-75.2402115,True,False,False,S357855556,N
amegfi,American Goldfinch,Spinus tristis,L3041917,Dixon Meadow Preserve,2026-06-15 11:24:00,2.0,40.1003152,-75.2402115,True,False,False,S357855556,
sonspa,Song Sparrow,Melospiza melodia,L3041917,Dixon Meadow Preserve,2026-06-15 11:24:00,5.0,40.1003152,-75.2402115,True,False,False,S357855556,
bnhcow,Brown-headed Cowbird,Molothrus ater,L3041917,Dixon Meadow Preserve,2026-06-15 11:24:00,1.0,40.1003152,-75.2402115,True,False,False,S357855556,
easkin,Eastern Kingbird,Tyrannus tyrannus,L3041917,Dixon Meadow Preserve,2026-06-15 06:12:00,1.0,40.1003152,-75.2402115,True,False,False,S357733655,
eawvir1,Eastern Warbling Vireo,Vireo gilvus,L3041917,Dixon Meadow Preserve,2026-06-15 06:12:00,1.0,40.1003152,-75.2402115,True,False,False,S357733655,
amecro,American Crow,Corvus brachyrhynchos,L3041917,Dixon Meadow Preserve,2026-06-15 06:12:00,2.0,40.1003152,-75.2402115,True,False,False,S357733655,
nrwswa,Northern Rough-winged Swallow,Stelgidopteryx serripennis,L3041917,Dixon Meadow Preserve,2026-06-15 06:12:00,2.0,40.1003152,-75.2402115,True,False,False,S357733655,
houwre,Northern House Wren,Troglodytes aedon,L3041917,Dixon Meadow Preserve,2026-06-15 06:12:00,1.0,40.1003152,-75.2402115,True,False,False,S357733655,
balori,Baltimore Oriole,Icterus galbula,L3041917,Dixon Meadow Preserve,2026-06-15 06:12:00,1.0,40.1003152,-75.2402115,True,False,False,S357733655,
comgra,Common Grackle,Quiscalus quiscula,L3041917,Dixon Meadow Preserve,2026-06-15 06:12:00,7.0,40.1003152,-75.2402115,True,False,False,S357733655,
yelwar1,Northern Yellow Warbler,Setophaga aestiva,L3041917,Dixon Meadow Preserve,2026-06-15 06:12:00,1.0,40.1003152,-75.2402115,True,False,False,S357733655,
norcar,Northern Cardinal,Cardinalis cardinalis,L3041917,Dixon Meadow Preserve,2026-06-15 06:12:00,2.0,40.1003152,-75.2402115,True,False,False,S357733655,
mallar3,Mallard,Anas platyrhynchos,L3041917,Dixon Meadow Preserve,2026-06-16 09:01:00,1.0,40.1003152,-75.2402115,True,False,False,S358287995,
moudov,Mourning Dove,Zenaida macroura,L3041917,Dixon Meadow Preserve,2026-06-16 09:01:00,3.0,40.1003152,-75.2402115,True,False,False,S358287995,
grbher3,Great Blue Heron,Ardea herodias,L3041917,Dixon Meadow Preserve,2026-06-16 09:01:00,1.0,40.1003152,-75.2402115,True,False,False,S358287995,
turvul,Turkey Vulture,Cathartes aura,L3041917,Dixon Meadow Preserve,2026-06-16 09:01:00,1.0,40.1003152,-75.2402115,True,False,False,S358287995,
rethaw,Red-tailed Hawk,Buteo jamaicensis,L3041917,Dixon Meadow Preserve,2026-06-16 09:01:00,1.0,40.1003152,-75.2402115,True,False,False,S358287995,
amekes,American Kestrel,Falco sparverius,L3041917,Dixon Meadow Preserve,2026-06-16 09:01:00,2.0,40.1003152,-75.2402115,True,False,False,S358287995,
wilfly,Willow Flycatcher,Empidonax traillii,L3041917,Dixon Meadow Preserve,2026-06-16 09:01:00,2.0,40.1003152,-75.2402115,True,False,False,S358287995,
fiscro,Fish Crow,Corvus ossifragus,L3041917,Dixon Meadow Preserve,2026-06-16 09:01:00,2.0,40.1003152,-75.2402115,True,False,False,S358287995,
comrav,Common Raven,Corvus corax,L3041917,Dixon Meadow Preserve,2026-06-16 09:01:00,1.0,40.1003152,-75.2402115,True,False,False,S358287995,
treswa,Tree Swallow,Tachycineta bicolor,L3041917,Dixon Meadow Preserve,2026-06-16 09:01:00,7.0,40.1003152,-75.2402115,True,False,False,S358287995,
eursta,European Starling,Sturnus vulgaris,L3041917,Dixon Meadow Preserve,2026-06-16 09:01:00,2.0,40.1003152,-75.2402115,True,False,False,S358287995,N
normoc,Northern Mockingbird,Mimus polyglottos,L3041917,Dixon Meadow Preserve,2026-06-16 09:01:00,2.0,40.1003152,-75.2402115,True,False,False,S358287995,
amerob,American Robin,Turdus migratorius,L3041917,Dixon Meadow Preserve,2026-06-16 09:01:00,4.0,40.1003152,-75.2402115,True,False,False,S358287995,
houspa,House Sparrow,Passer domesticus,L3041917,Dixon Meadow Preserve,2026-06-16 09:01:00,2.0,40.1003152,-75.2402115,True,False,False,S358287995,N
houfin,House Finch,Haemorhous mexicanus,L3041917,Dixon Meadow Preserve,2026-06-16 09:01:00,2.0,40.1003152,-75.2402115,True,False,False,S358287995,N
amegfi,American Goldfinch,Spinus tristis,L3041917,Dixon Meadow Preserve,2026-06-16 09:01:00,2.0,40.1003152,-75.2402115,True,False,False,S358287995,
sonspa,Song Sparrow,Melospiza melodia,L3041917,Dixon Meadow Preserve,2026-06-16 09:01:00,2.0,40.1003152,-75.2402115,True,False,False,S358287995,
orcori,Orchard Oriole,Icterus spurius,L3041917,Dixon Meadow Preserve,2026-06-16 09:01:00,1.0,40.1003152,-75.2402115,True,False,False,S358287995,
rewbla,Red-winged Blackbird,Agelaius phoeniceus,L3041917,Dixon Meadow Preserve,2026-06-16 09:01:00,10.0,40.1003152,-75.2402115,True,False,False,S358287995,
chiswi,Chimney Swift,Chaetura pelagica,L3041917,Dixon Meadow Preserve,2026-06-16 08:53:00,20.0,40.1003152,-75.2402115,True,False,False,S358264885,
blujay,Blue Jay,Cyanocitta cristata,L3041917,Dixon Meadow Preserve,2026-06-16 08:53:00,1.0,40.1003152,-75.2402115,True,False,False,S358264885,
amecro,American Crow,Corvus brachyrhynchos,L3041917,Dixon Meadow Preserve,2026-06-16 08:53:00,2.0,40.1003152,-75.2402115,True,False,False,S358264885,
blujay,Blue Jay,Cyanocitta cristata,L3041917,Dixon Meadow Preserve,2026-06-17 19:32:00,1.0,40.1003152,-75.2402115,True,False,False,S358940553,
normoc,Northern Mockingbird,Mimus polyglottos,L3041917,Dixon Meadow Preserve,2026-06-17 19:32:00,1.0,40.1003152,-75.2402115,True,False,False,S358940553,
easblu,Eastern Bluebird,Sialia sialis,L3041917,Dixon Meadow Preserve,2026-06-17 19:32:00,1.0,40.1003152,-75.2402115,True,False,False,S358940553,
rewbla,Red-winged Blackbird,Agelaius phoeniceus,L3041917,Dixon Meadow Preserve,2026-06-17 19:32:00,8.0,40.1003152,-75.2402115,True,False,False,S358940553,
mallar3,Mallard,Anas platyrhynchos,L3041917,Dixon Meadow Preserve,2026-06-18 05:41:00,2.0,40.1003152,-75.2402115,True,False,False,S359460476,
moudov,Mourning Dove,Zenaida macroura,L3041917,Dixon Meadow Preserve,2026-06-18 05:41:00,5.0,40.1003152,-75.2402115,True,False,False,S359460476,
coohaw,Cooper's Hawk,Astur cooperii,L3041917,Dixon Meadow Preserve,2026-06-18 05:41:00,1.0,40.1003152,-75.2402115,True,False,False,S359460476,
norfli,Northern Flicker,Colaptes auratus,L3041917,Dixon Meadow Preserve,2026-06-18 05:41:00,3.0,40.1003152,-75.2402115,True,False,False,S359460476,
amekes,American Kestrel,Falco sparverius,L3041917,Dixon Meadow Preserve,2026-06-18 05:41:00,2.0,40.1003152,-75.2402115,True,False,False,S359460476,
wilfly,Willow Flycatcher,Empidonax traillii,L3041917,Dixon Meadow Preserve,2026-06-18 05:41:00,2.0,40.1003152,-75.2402115,True,False,False,S359460476,
eawvir1,Eastern Warbling Vireo,Vireo gilvus,L3041917,Dixon Meadow Preserve,2026-06-18 05:41:00,1.0,40.1003152,-75.2402115,True,False,False,S359460476,
treswa,Tree Swallow,Tachycineta bicolor,L3041917,Dixon Meadow Preserve,2026-06-18 05:41:00,8.0,40.1003152,-75.2402115,True,False,False,S359460476,
barswa,Barn Swallow,Hirundo rustica,L3041917,Dixon Meadow Preserve,2026-06-18 05:41:00,1.0,40.1003152,-75.2402115,True,False,False,S359460476,
eursta,European Starling,Sturnus vulgaris,L3041917,Dixon Meadow Preserve,2026-06-18 05:41:00,3.0,40.1003152,-75.2402115,True,False,False,S359460476,N
normoc,Northern Mockingbird,Mimus polyglottos,L3041917,Dixon Meadow Preserve,2026-06-18 05:41:00,3.0,40.1003152,-75.2402115,True,False,False,S359460476,
easblu,Eastern Bluebird,Sialia sialis,L3041917,Dixon Meadow Preserve,2026-06-18 05:41:00,1.0,40.1003152,-75.2402115,True,False,False,S359460476,
amerob,American Robin,Turdus migratorius,L3041917,Dixon Meadow Preserve,2026-06-18 05:41:00,4.0,40.1003152,-75.2402115,True,False,False,S359460476,
houspa,House Sparrow,Passer domesticus,L3041917,Dixon Meadow Preserve,2026-06-18 05:41:00,1.0,40.1003152,-75.2402115,True,False,False,S359460476,N
houfin,House Finch,Haemorhous mexicanus,L3041917,Dixon Meadow Preserve,2026-06-18 05:41:00,9.0,40.1003152,-75.2402115,True,False,False,S359460476,N
amegfi,American Goldfinch,Spinus tristis,L3041917,Dixon Meadow Preserve,2026-06-18 05:41:00,2.0,40.1003152,-75.2402115,True,False,False,S359460476,
chispa,Chipping Sparrow,Spizella passerina,L3041917,Dixon Meadow Preserve,2026-06-18 05:41:00,2.0,40.1003152,-75.2402115,True,False,False,S359460476,
sonspa,Song Sparrow,Melospiza melodia,L3041917,Dixon Meadow Preserve,2026-06-18 05:41:00,10.0,40.1003152,-75.2402115,True,False,False,S359460476,
orcori,Orchard Oriole,Icterus spurius,L3041917,Dixon Meadow Preserve,2026-06-18 05:41:00,1.0,40.1003152,-75.2402115,True,False,False,S359460476,
rewbla,Red-winged Blackbird,Agelaius phoeniceus,L3041917,Dixon Meadow Preserve,2026-06-18 05:41:00,21.0,40.1003152,-75.2402115,True,False,False,S359460476,
bnhcow,Brown-headed Cowbird,Molothrus ater,L3041917,Dixon Meadow Preserve,2026-06-18 05:41:00,3.0,40.1003152,-75.2402115,True,False,False,S359460476,
comyel,Common Yellowthroat,Geothlypis trichas,L3041917,Dixon Meadow Preserve,2026-06-18 05:41:00,1.0,40.1003152,-75.2402115,True,False,False,S359460476,
norcar,Northern Cardinal,Cardinalis cardinalis,L3041917,Dixon Meadow Preserve,2026-06-18 05:41:00,1.0,40.1003152,-75.2402115,True,False,False,S359460476,
moudov,Mourning Dove,Zenaida macroura,L3041917,Dixon Meadow Preserve,2026-06-19 13:18:00,3.0,40.1003152,-75.2402115,True,False,False,S359737599,
chiswi,Chimney Swift,Chaetura pelagica,L3041917,Dixon Meadow Preserve,2026-06-19 13:18:00,2.0,40.1003152,-75.2402115,True,False,False,S359737599,
turvul,Turkey Vulture,Cathartes aura,L3041917,Dixon Meadow Preserve,2026-06-19 13:18:00,2.0,40.1003152,-75.2402115,True,False,False,S359737599,
norfli,Northern Flicker,Colaptes auratus,L3041917,Dixon Meadow Preserve,2026-06-19 13:18:00,1.0,40.1003152,-75.2402115,True,False,False,S359737599,
wilfly,Willow Flycatcher,Empidonax traillii,L3041917,Dixon Meadow Preserve,2026-06-19 13:18:00,1.0,40.1003152,-75.2402115,True,False,False,S359737599,
treswa,Tree Swallow,Tachycineta bicolor,L3041917,Dixon Meadow Preserve,2026-06-19 13:18:00,5.0,40.1003152,-75.2402115,True,False,False,S359737599,
normoc,Northern Mockingbird,Mimus polyglottos,L3041917,Dixon Meadow Preserve,2026-06-19 13:18:00,2.0,40.1003152,-75.2402115,True,False,False,S359737599,
houfin,House Finch,Haemorhous mexicanus,L3041917,Dixon Meadow Preserve,2026-06-19 13:18:00,3.0,40.1003152,-75.2402115,True,False,False,S359737599,N
amegfi,American Goldfinch,Spinus tristis,L3041917,Dixon Meadow Preserve,2026-06-19 13:18:00,1.0,40.1003152,-75.2402115,True,False,False,S359737599,
sonspa,Song Sparrow,Melospiza melodia,L3041917,Dixon Meadow Preserve,2026-06-19 13:18:00,3.0,40.1003152,-75.2402115,True,False,False,S359737599,
rewbla,Red-winged Blackbird,Agelaius phoeniceus,L3041917,Dixon Meadow Preserve,2026-06-19 13:18:00,4.0,40.1003152,-75.2402115,True,False,False,S359737599,
bnhcow,Brown-headed Cowbird,Molothrus ater,L3041917,Dixon Meadow Preserve,2026-06-19 13:18:00,3.0,40.1003152,-75.2402115,True,False,False,S359737599,
rebwoo,Red-bellied Woodpecker,Melanerpes carolinus,L3041917,Dixon Meadow Preserve,2026-06-19 10:40:00,1.0,40.1003152,-75.2402115,True,False,False,S359653001,
amekes,American Kestrel,Falco sparverius,L3041917,Dixon Meadow Preserve,2026-06-19 10:40:00,1.0,40.1003152,-75.2402115,True,False,False,S359653001,
blujay,Blue Jay,Cyanocitta cristata,L3041917,Dixon Meadow Preserve,2026-06-19 10:40:00,1.0,40.1003152,-75.2402115,True,False,False,S359653001,
nrwswa,Northern Rough-winged Swallow,Stelgidopteryx serripennis,L3041917,Dixon Meadow Preserve,2026-06-19 10:40:00,2.0,40.1003152,-75.2402115,True,False,False,S359653001,
barswa,Barn Swallow,Hirundo rustica,L3041917,Dixon Meadow Preserve,2026-06-19 10:40:00,6.0,40.1003152,-75.2402115,True,False,False,S359653001,
eursta,European Starling,Sturnus vulgaris,L3041917,Dixon Meadow Preserve,2026-06-19 10:40:00,10.0,40.1003152,-75.2402115,True,False,False,S359653001,N
amerob,American Robin,Turdus migratorius,L3041917,Dixon Meadow Preserve,2026-06-19 10:40:00,10.0,40.1003152,-75.2402115,True,False,False,S359653001,
orcori,Orchard Oriole,Icterus spurius,L3041917,Dixon Meadow Preserve,2026-06-19 10:40:00,1.0,40.1003152,-75.2402115,True,False,False,S359653001,
carwre,Carolina Wren,Thryothorus ludovicianus,L3041917,Dixon Meadow Preserve,2026-06-19 05:51:00,1.0,40.1003152,-75.2402115,True,False,False,S360030918,
houspa,House Sparrow,Passer domesticus,L3041917,Dixon Meadow Preserve,2026-06-19 05:51:00,1.0,40.1003152,-75.2402115,True,False,False,S360030918,N
comyel,Common Yellowthroat,Geothlypis trichas,L3041917,Dixon Meadow Preserve,2026-06-19 05:51:00,1.0,40.1003152,-75.2402115,True,False,False,S360030918,
norcar,Northern Cardinal,Cardinalis cardinalis,L3041917,Dixon Meadow Preserve,2026-06-19 05:51:00,2.0,40.1003152,-75.2402115,True,False,False,S360030918,
wooduc,Wood Duck,Aix sponsa,L3041917,Dixon Meadow Preserve,2026-06-20 06:01:00,1.0,40.1003152,-75.2402115,True,False,False,S360108394,
moudov,Mourning Dove,Zenaida macroura,L3041917,Dixon Meadow Preserve,2026-06-20 06:01:00,7.0,40.1003152,-75.2402115,True,False,False,S360108394,
chiswi,Chimney Swift,Chaetura pelagica,L3041917,Dixon Meadow Preserve,2026-06-20 06:01:00,1.0,40.1003152,-75.2402115,True,False,False,S360108394,
norfli,Northern Flicker,Colaptes auratus,L3041917,Dixon Meadow Preserve,2026-06-20 06:01:00,1.0,40.1003152,-75.2402115,True,False,False,S360108394,
amekes,American Kestrel,Falco sparverius,L3041917,Dixon Meadow Preserve,2026-06-20 06:01:00,1.0,40.1003152,-75.2402115,True,False,False,S360108394,
wilfly,Willow Flycatcher,Empidonax traillii,L3041917,Dixon Meadow Preserve,2026-06-20 06:01:00,2.0,40.1003152,-75.2402115,True,False,False,S360108394,
easkin,Eastern Kingbird,Tyrannus tyrannus,L3041917,Dixon Meadow Preserve,2026-06-20 06:01:00,2.0,40.1003152,-75.2402115,True,False,False,S360108394,
treswa,Tree Swallow,Tachycineta bicolor,L3041917,Dixon Meadow Preserve,2026-06-20 06:01:00,12.0,40.1003152,-75.2402115,True,False,False,S360108394,
houwre,Northern House Wren,Troglodytes aedon,L3041917,Dixon Meadow Preserve,2026-06-20 06:01:00,1.0,40.1003152,-75.2402115,True,False,False,S360108394,
carwre,Carolina Wren,Thryothorus ludovicianus,L3041917,Dixon Meadow Preserve,2026-06-20 06:01:00,1.0,40.1003152,-75.2402115,True,False,False,S360108394,
normoc,Northern Mockingbird,Mimus polyglottos,L3041917,Dixon Meadow Preserve,2026-06-20 06:01:00,2.0,40.1003152,-75.2402115,True,False,False,S360108394,
amerob,American Robin,Turdus migratorius,L3041917,Dixon Meadow Preserve,2026-06-20 06:01:00,16.0,40.1003152,-75.2402115,True,False,False,S360108394,
cedwax,Cedar Waxwing,Bombycilla cedrorum,L3041917,Dixon Meadow Preserve,2026-06-20 06:01:00,2.0,40.1003152,-75.2402115,True,False,False,S360108394,
houspa,House Sparrow,Passer domesticus,L3041917,Dixon Meadow Preserve,2026-06-20 06:01:00,3.0,40.1003152,-75.2402115,True,False,False,S360108394,N
houfin,House Finch,Haemorhous mexicanus,L3041917,Dixon Meadow Preserve,2026-06-20 06:01:00,9.0,40.1003152,-75.2402115,True,False,False,S360108394,N
amegfi,American Goldfinch,Spinus tristis,L3041917,Dixon Meadow Preserve,2026-06-20 06:01:00,7.0,40.1003152,-75.2402115,True,False,False,S360108394,
sonspa,Song Sparrow,Melospiza melodia,L3041917,Dixon Meadow Preserve,2026-06-20 06:01:00,11.0,40.1003152,-75.2402115,True,False,False,S360108394,
rewbla,Red-winged Blackbird,Agelaius phoeniceus,L3041917,Dixon Meadow Preserve,2026-06-20 06:01:00,16.0,40.1003152,-75.2402115,True,False,False,S360108394,
bnhcow,Brown-headed Cowbird,Molothrus ater,L3041917,Dixon Meadow Preserve,2026-06-20 06:01:00,11.0,40.1003152,-75.2402115,True,False,False,S360108394,
norcar,Northern Cardinal,Cardinalis cardinalis,L3041917,Dixon Meadow Preserve,2026-06-20 06:01:00,2.0,40.1003152,-75.2402115,True,False,False,S360108394,
mallar3,Mallard,Anas platyrhynchos,L3041917,Dixon Meadow Preserve,2026-06-21 17:45:00,3.0,40.1003152,-75.2402115,True,False,False,S361318955,
treswa,Tree Swallow,Tachycineta bicolor,L3041917,Dixon Meadow Preserve,2026-06-21 17:45:00,8.0,40.1003152,-75.2402115,True,False,False,S361318955,
normoc,Northern Mockingbird,Mimus polyglottos,L3041917,Dixon Meadow Preserve,2026-06-21 17:45:00,3.0,40.1003152,-75.2402115,True,False,False,S361318955,
easblu,Eastern Bluebird,Sialia sialis,L3041917,Dixon Meadow Preserve,2026-06-21 17:45:00,1.0,40.1003152,-75.2402115,True,False,False,S361318955,
amerob,American Robin,Turdus migratorius,L3041917,Dixon Meadow Preserve,2026-06-21 17:45:00,5.0,40.1003152,-75.2402115,True,False,False,S361318955,
houfin,House Finch,Haemorhous mexicanus,L3041917,Dixon Meadow Preserve,2026-06-21 17:45:00,3.0,40.1003152,-75.2402115,True,False,False,S361318955,N
amegfi,American Goldfinch,Spinus tristis,L3041917,Dixon Meadow Preserve,2026-06-21 17:45:00,1.0,40.1003152,-75.2402115,True,False,False,S361318955,
rewbla,Red-winged Blackbird,Agelaius phoeniceus,L3041917,Dixon Meadow Preserve,2026-06-21 17:45:00,7.0,40.1003152,-75.2402115,True,False,False,S361318955,
mallar3,Mallard,Anas platyrhynchos,L3041917,Dixon Meadow Preserve,2026-06-23 06:49:00,3.0,40.1003152,-75.2402115,True,False,False,S362277002,
moudov,Mourning Dove,Zenaida macroura,L3041917,Dixon Meadow Preserve,2026-06-23 06:49:00,1.0,40.1003152,-75.2402115,True,False,False,S362277002,
chiswi,Chimney Swift,Chaetura pelagica,L3041917,Dixon Meadow Preserve,2026-06-23 06:49:00,1.0,40.1003152,-75.2402115,True,False,False,S362277002,
wilfly,Willow Flycatcher,Empidonax traillii,L3041917,Dixon Meadow Preserve,2026-06-23 06:49:00,2.0,40.1003152,-75.2402115,True,False,False,S362277002,
treswa,Tree Swallow,Tachycineta bicolor,L3041917,Dixon Meadow Preserve,2026-06-23 06:49:00,3.0,40.1003152,-75.2402115,True,False,False,S362277002,
eursta,European Starling,Sturnus vulgaris,L3041917,Dixon Meadow Preserve,2026-06-23 06:49:00,33.0,40.1003152,-75.2402115,True,False,False,S362277002,N
normoc,Northern Mockingbird,Mimus polyglottos,L3041917,Dixon Meadow Preserve,2026-06-23 06:49:00,3.0,40.1003152,-75.2402115,True,False,False,S362277002,
amerob,American Robin,Turdus migratorius,L3041917,Dixon Meadow Preserve,2026-06-23 06:49:00,5.0,40.1003152,-75.2402115,True,False,False,S362277002,
houspa,House Sparrow,Passer domesticus,L3041917,Dixon Meadow Preserve,2026-06-23 06:49:00,2.0,40.1003152,-75.2402115,True,False,False,S362277002,N
houfin,House Finch,Haemorhous mexicanus,L3041917,Dixon Meadow Preserve,2026-06-23 06:49:00,6.0,40.1003152,-75.2402115,True,False,False,S362277002,N
amegfi,American Goldfinch,Spinus tristis,L3041917,Dixon Meadow Preserve,2026-06-23 06:49:00,7.0,40.1003152,-75.2402115,True,False,False,S362277002,
sonspa,Song Sparrow,Melospiza melodia,L3041917,Dixon Meadow Preserve,2026-06-23 06:49:00,4.0,40.1003152,-75.2402115,True,False,False,S362277002,
orcori,Orchard Oriole,Icterus spurius,L3041917,Dixon Meadow Preserve,2026-06-23 06:49:00,1.0,40.1003152,-75.2402115,True,False,False,S362277002,
rewbla,Red-winged Blackbird,Agelaius phoeniceus,L3041917,Dixon Meadow Preserve,2026-06-23 06:49:00,11.0,40.1003152,-75.2402115,True,False,False,S362277002,
bnhcow,Brown-headed Cowbird,Molothrus ater,L3041917,Dixon Meadow Preserve,2026-06-23 06:49:00,6.0,40.1003152,-75.2402115,True,False,False,S362277002,
norcar,Northern Cardinal,Cardinalis cardinalis,L3041917,Dixon Meadow Preserve,2026-06-23 06:49:00,1.0,40.1003152,-75.2402115,True,False,False,S362277002,
moudov,Mourning Dove,Zenaida macroura,L3041917,Dixon Meadow Preserve,2026-06-24 19:31:00,3.0,40.1003152,-75.2402115,True,False,False,S362904617,
treswa,Tree Swallow,Tachycineta bicolor,L3041917,Dixon Meadow Preserve,2026-06-24 19:31:00,5.0,40.1003152,-75.2402115,True,False,False,S362904617,
normoc,Northern Mockingbird,Mimus polyglottos,L3041917,Dixon Meadow Preserve,2026-06-24 19:31:00,1.0,40.1003152,-75.2402115,True,False,False,S362904617,
amegfi,American Goldfinch,Spinus tristis,L3041917,Dixon Meadow Preserve,2026-06-24 19:31:00,6.0,40.1003152,-75.2402115,True,False,False,S362904617,
rewbla,Red-winged Blackbird,Agelaius phoeniceus,L3041917,Dixon Meadow Preserve,2026-06-24 19:31:00,9.0,40.1003152,-75.2402115,True,False,False,S362904617,
norcar,Northern Cardinal,Cardinalis cardinalis,L3041917,Dixon Meadow Preserve,2026-06-24 19:31:00,1.0,40.1003152,-75.2402115,True,False,False,S362904617,
norfli,Northern Flicker,Colaptes auratus,L3041917,Dixon Meadow Preserve,2026-06-24 12:22:00,2.0,40.1003152,-75.2402115,True,False,False,S362703064,
easpho,Eastern Phoebe,Sayornis phoebe,L3041917,Dixon Meadow Preserve,2026-06-24 12:22:00,1.0,40.1003152,-75.2402115,True,False,False,S362703064,
houfin,House Finch,Haemorhous mexicanus,L3041917,Dixon Meadow Preserve,2026-06-24 12:22:00,2.0,40.1003152,-75.2402115,True,False,False,S362703064,N
sonspa,Song Sparrow,Melospiza melodia,L3041917,Dixon Meadow Preserve,2026-06-24 12:22:00,8.0,40.1003152,-75.2402115,True,False,False,S362703064,
moudov,Mourning Dove,Zenaida macroura,L3041917,Dixon Meadow Preserve,2026-06-25 16:00:00,12.0,40.1003152,-75.2402115,True,False,False,S363384395,
chiswi,Chimney Swift,Chaetura pelagica,L3041917,Dixon Meadow Preserve,2026-06-25 16:00:00,15.0,40.1003152,-75.2402115,True,False,False,S363384395,
turvul,Turkey Vulture,Cathartes aura,L3041917,Dixon Meadow Preserve,2026-06-25 16:00:00,6.0,40.1003152,-75.2402115,True,False,False,S363384395,
rethaw,Red-tailed Hawk,Buteo jamaicensis,L3041917,Dixon Meadow Preserve,2026-06-25 16:00:00,2.0,40.1003152,-75.2402115,True,False,False,S363384395,
norfli,Northern Flicker,Colaptes auratus,L3041917,Dixon Meadow Preserve,2026-06-25 16:00:00,3.0,40.1003152,-75.2402115,True,False,False,S363384395,
amekes,American Kestrel,Falco sparverius,L3041917,Dixon Meadow Preserve,2026-06-25 16:00:00,4.0,40.1003152,-75.2402115,True,False,False,S363384395,
wilfly,Willow Flycatcher,Empidonax traillii,L3041917,Dixon Meadow Preserve,2026-06-25 16:00:00,2.0,40.1003152,-75.2402115,True,False,False,S363384395,
grcfly,Great Crested Flycatcher,Myiarchus crinitus,L3041917,Dixon Meadow Preserve,2026-06-25 16:00:00,1.0,40.1003152,-75.2402115,True,False,False,S363384395,
easkin,Eastern Kingbird,Tyrannus tyrannus,L3041917,Dixon Meadow Preserve,2026-06-25 16:00:00,1.0,40.1003152,-75.2402115,True,False,False,S363384395,
amecro,American Crow,Corvus brachyrhynchos,L3041917,Dixon Meadow Preserve,2026-06-25 16:00:00,4.0,40.1003152,-75.2402115,True,False,False,S363384395,
fiscro,Fish Crow,Corvus ossifragus,L3041917,Dixon Meadow Preserve,2026-06-25 16:00:00,1.0,40.1003152,-75.2402115,True,False,False,S363384395,
treswa,Tree Swallow,Tachycineta bicolor,L3041917,Dixon Meadow Preserve,2026-06-25 16:00:00,,40.1003152,-75.2402115,True,False,False,S363384395,
nrwswa,Northern Rough-winged Swallow,Stelgidopteryx serripennis,L3041917,Dixon Meadow Preserve,2026-06-25 16:00:00,4.0,40.1003152,-75.2402115,True,False,False,S363384395,
barswa,Barn Swallow,Hirundo rustica,L3041917,Dixon Meadow Preserve,2026-06-25 16:00:00,,40.1003152,-75.2402115,True,False,False,S363384395,
houwre,Northern House Wren,Troglodytes aedon,L3041917,Dixon Meadow Preserve,2026-06-25 16:00:00,4.0,40.1003152,-75.2402115,True,False,False,S363384395,
eursta,European Starling,Sturnus vulgaris,L3041917,Dixon Meadow Preserve,2026-06-25 16:00:00,,40.1003152,-75.2402115,True,False,False,S363384395,N
grycat,Gray Catbird,Dumetella carolinensis,L3041917,Dixon Meadow Preserve,2026-06-25 16:00:00,2.0,40.1003152,-75.2402115,True,False,False,S363384395,
normoc,Northern Mockingbird,Mimus polyglottos,L3041917,Dixon Meadow Preserve,2026-06-25 16:00:00,6.0,40.1003152,-75.2402115,True,True,False,S363384395,
amerob,American Robin,Turdus migratorius,L3041917,Dixon Meadow Preserve,2026-06-25 16:00:00,10.0,40.1003152,-75.2402115,True,False,False,S363384395,
cedwax,Cedar Waxwing,Bombycilla cedrorum,L3041917,Dixon Meadow Preserve,2026-06-25 16:00:00,4.0,40.1003152,-75.2402115,True,False,False,S363384395,
houfin,House Finch,Haemorhous mexicanus,L3041917,Dixon Meadow Preserve,2026-06-25 16:00:00,15.0,40.1003152,-75.2402115,True,False,False,S363384395,N
amegfi,American Goldfinch,Spinus tristis,L3041917,Dixon Meadow Preserve,2026-06-25 16:00:00,10.0,40.1003152,-75.2402115,True,False,False,S363384395,
chispa,Chipping Sparrow,Spizella passerina,L3041917,Dixon Meadow Preserve,2026-06-25 16:00:00,1.0,40.1003152,-75.2402115,True,False,False,S363384395,
sonspa,Song Sparrow,Melospiza melodia,L3041917,Dixon Meadow Preserve,2026-06-25 16:00:00,12.0,40.1003152,-75.2402115,True,False,False,S363384395,
orcori,Orchard Oriole,Icterus spurius,L3041917,Dixon Meadow Preserve,2026-06-25 16:00:00,1.0,40.1003152,-75.2402115,True,False,False,S363384395,
rewbla,Red-winged Blackbird,Agelaius phoeniceus,L3041917,Dixon Meadow Preserve,2026-06-25 16:00:00,12.0,40.1003152,-75.2402115,True,False,False,S363384395,
bnhcow,Brown-headed Cowbird,Molothrus ater,L3041917,Dixon Meadow Preserve,2026-06-25 16:00:00,1.0,40.1003152,-75.2402115,True,False,False,S363384395,
comyel,Common Yellowthroat,Geothlypis trichas,L3041917,Dixon Meadow Preserve,2026-06-25 16:00:00,4.0,40.1003152,-75.2402115,True,False,False,S363384395,
mallar3,Mallard,Anas platyrhynchos,L3041917,Dixon Meadow Preserve,2026-06-26 08:46:00,2.0,40.1003152,-75.2402115,True,False,False,S363725216,
moudov,Mourning Dove,Zenaida macroura,L3041917,Dixon Meadow Preserve,2026-06-26 08:46:00,6.0,40.1003152,-75.2402115,True,False,False,S363725216,
chiswi,Chimney Swift,Chaetura pelagica,L3041917,Dixon Meadow Preserve,2026-06-26 08:46:00,1.0,40.1003152,-75.2402115,True,False,False,S363725216,
coohaw,Cooper's Hawk,Astur cooperii,L3041917,Dixon Meadow Preserve,2026-06-26 08:46:00,1.0,40.1003152,-75.2402115,True,False,False,S363725216,
amekes,American Kestrel,Falco sparverius,L3041917,Dixon Meadow Preserve,2026-06-26 08:46:00,1.0,40.1003152,-75.2402115,True,False,False,S363725216,
wilfly,Willow Flycatcher,Empidonax traillii,L3041917,Dixon Meadow Preserve,2026-06-26 08:46:00,1.0,40.1003152,-75.2402115,True,False,False,S363725216,
easkin,Eastern Kingbird,Tyrannus tyrannus,L3041917,Dixon Meadow Preserve,2026-06-26 08:46:00,1.0,40.1003152,-75.2402115,True,False,False,S363725216,
tuftit,Tufted Titmouse,Baeolophus bicolor,L3041917,Dixon Meadow Preserve,2026-06-26 08:46:00,1.0,40.1003152,-75.2402115,True,False,False,S363725216,
treswa,Tree Swallow,Tachycineta bicolor,L3041917,Dixon Meadow Preserve,2026-06-26 08:46:00,8.0,40.1003152,-75.2402115,True,False,False,S363725216,
barswa,Barn Swallow,Hirundo rustica,L3041917,Dixon Meadow Preserve,2026-06-26 08:46:00,2.0,40.1003152,-75.2402115,True,False,False,S363725216,
carwre,Carolina Wren,Thryothorus ludovicianus,L3041917,Dixon Meadow Preserve,2026-06-26 08:46:00,1.0,40.1003152,-75.2402115,True,False,False,S363725216,
normoc,Northern Mockingbird,Mimus polyglottos,L3041917,Dixon Meadow Preserve,2026-06-26 08:46:00,5.0,40.1003152,-75.2402115,True,False,False,S363725216,
amerob,American Robin,Turdus migratorius,L3041917,Dixon Meadow Preserve,2026-06-26 08:46:00,8.0,40.1003152,-75.2402115,True,False,False,S363725216,
houfin,House Finch,Haemorhous mexicanus,L3041917,Dixon Meadow Preserve,2026-06-26 08:46:00,9.0,40.1003152,-75.2402115,True,False,False,S363725216,N
amegfi,American Goldfinch,Spinus tristis,L3041917,Dixon Meadow Preserve,2026-06-26 08:46:00,5.0,40.1003152,-75.2402115,True,False,False,S363725216,
sonspa,Song Sparrow,Melospiza melodia,L3041917,Dixon Meadow Preserve,2026-06-26 08:46:00,11.0,40.1003152,-75.2402115,True,False,False,S363725216,
rewbla,Red-winged Blackbird,Agelaius phoeniceus,L3041917,Dixon Meadow Preserve,2026-06-26 08:46:00,20.0,40.1003152,-75.2402115,True,False,False,S363725216,
bnhcow,Brown-headed Cowbird,Molothrus ater,L3041917,Dixon Meadow Preserve,2026-06-26 08:46:00,4.0,40.1003152,-75.2402115,True,False,False,S363725216,
norcar,Northern Cardinal,Cardinalis cardinalis,L3041917,Dixon Meadow Preserve,2026-06-26 08:46:00,1.0,40.1003152,-75.2402115,True,False,False,S363725216,
moudov,Mourning Dove,Zenaida macroura,L3041917,Dixon Meadow Preserve,2026-06-27 16:09:00,3.0,40.1003152,-75.2402115,True,False,False,S365074002,
norfli,Northern Flicker,Colaptes auratus,L3041917,Dixon Meadow Preserve,2026-06-27 16:09:00,1.0,40.1003152,-75.2402115,True,False,False,S365074002,
wilfly,Willow Flycatcher,Empidonax traillii,L3041917,Dixon Meadow Preserve,2026-06-27 16:09:00,1.0,40.1003152,-75.2402115,True,False,False,S365074002,
treswa,Tree Swallow,Tachycineta bicolor,L3041917,Dixon Meadow Preserve,2026-06-27 16:09:00,4.0,40.1003152,-75.2402115,True,False,False,S365074002,
nrwswa,Northern Rough-winged Swallow,Stelgidopteryx serripennis,L3041917,Dixon Meadow Preserve,2026-06-27 16:09:00,6.0,40.1003152,-75.2402115,True,False,False,S365074002,
barswa,Barn Swallow,Hirundo rustica,L3041917,Dixon Meadow Preserve,2026-06-27 16:09:00,6.0,40.1003152,-75.2402115,True,False,False,S365074002,
houwre,Northern House Wren,Troglodytes aedon,L3041917,Dixon Meadow Preserve,2026-06-27 16:09:00,,40.1003152,-75.2402115,True,False,False,S365074002,
eursta,European Starling,Sturnus vulgaris,L3041917,Dixon Meadow Preserve,2026-06-27 16:09:00,4.0,40.1003152,-75.2402115,True,False,False,S365074002,N
grycat,Gray Catbird,Dumetella carolinensis,L3041917,Dixon Meadow Preserve,2026-06-27 16:09:00,2.0,40.1003152,-75.2402115,True,False,False,S365074002,
normoc,Northern Mockingbird,Mimus polyglottos,L3041917,Dixon Meadow Preserve,2026-06-27 16:09:00,2.0,40.1003152,-75.2402115,True,False,False,S365074002,
amerob,American Robin,Turdus migratorius,L3041917,Dixon Meadow Preserve,2026-06-27 16:09:00,3.0,40.1003152,-75.2402115,True,False,False,S365074002,
houspa,House Sparrow,Passer domesticus,L3041917,Dixon Meadow Preserve,2026-06-27 16:09:00,3.0,40.1003152,-75.2402115,True,False,False,S365074002,N
houfin,House Finch,Haemorhous mexicanus,L3041917,Dixon Meadow Preserve,2026-06-27 16:09:00,4.0,40.1003152,-75.2402115,True,False,False,S365074002,N
amegfi,American Goldfinch,Spinus tristis,L3041917,Dixon Meadow Preserve,2026-06-27 16:09:00,2.0,40.1003152,-75.2402115,True,False,False,S365074002,
sonspa,Song Sparrow,Melospiza melodia,L3041917,Dixon Meadow Preserve,2026-06-27 16:09:00,2.0,40.1003152,-75.2402115,True,False,False,S365074002,
boboli,Bobolink,Dolichonyx oryzivorus,L3041917,Dixon Meadow Preserve,2026-06-27 16:09:00,,40.1003152,-75.2402115,True,False,False,S365074002,
balori,Baltimore Oriole,Icterus galbula,L3041917,Dixon Meadow Preserve,2026-06-27 16:09:00,,40.1003152,-75.2402115,True,False,False,S365074002,
rewbla,Red-winged Blackbird,Agelaius phoeniceus,L3041917,Dixon Meadow Preserve,2026-06-27 16:09:00,3.0,40.1003152,-75.2402115,True,False,False,S365074002,
bnhcow,Brown-headed Cowbird,Molothrus ater,L3041917,Dixon Meadow Preserve,2026-06-27 16:09:00,,40.1003152,-75.2402115,True,False,False,S365074002,
comyel,Common Yellowthroat,Geothlypis trichas,L3041917,Dixon Meadow Preserve,2026-06-27 16:09:00,,40.1003152,-75.2402115,True,False,False,S365074002,
blugrb1,Blue Grosbeak,Passerina caerulea,L3041917,Dixon Meadow Preserve,2026-06-27 09:38:00,1.0,40.1003152,-75.2402115,True,True,False,S364294636,
moudov,Mourning Dove,Zenaida macroura,L3041917,Dixon Meadow Preserve,2026-06-28 09:33:00,6.0,40.1003152,-75.2402115,True,False,False,S364794735,
chiswi,Chimney Swift,Chaetura pelagica,L3041917,Dixon Meadow Preserve,2026-06-28 09:33:00,1.0,40.1003152,-75.2402115,True,False,False,S364794735,
wilfly,Willow Flycatcher,Empidonax traillii,L3041917,Dixon Meadow Preserve,2026-06-28 09:33:00,2.0,40.1003152,-75.2402115,True,False,False,S364794735,
easkin,Eastern Kingbird,Tyrannus tyrannus,L3041917,Dixon Meadow Preserve,2026-06-28 09:33:00,1.0,40.1003152,-75.2402115,True,False,False,S364794735,
treswa,Tree Swallow,Tachycineta bicolor,L3041917,Dixon Meadow Preserve,2026-06-28 09:33:00,7.0,40.1003152,-75.2402115,True,False,False,S364794735,
barswa,Barn Swallow,Hirundo rustica,L3041917,Dixon Meadow Preserve,2026-06-28 09:33:00,3.0,40.1003152,-75.2402115,True,False,False,S364794735,
normoc,Northern Mockingbird,Mimus polyglottos,L3041917,Dixon Meadow Preserve,2026-06-28 09:33:00,5.0,40.1003152,-75.2402115,True,False,False,S364794735,
amerob,American Robin,Turdus migratorius,L3041917,Dixon Meadow Preserve,2026-06-28 09:33:00,3.0,40.1003152,-75.2402115,True,False,False,S364794735,
houspa,House Sparrow,Passer domesticus,L3041917,Dixon Meadow Preserve,2026-06-28 09:33:00,1.0,40.1003152,-75.2402115,True,False,False,S364794735,N
amegfi,American Goldfinch,Spinus tristis,L3041917,Dixon Meadow Preserve,2026-06-28 09:33:00,1.0,40.1003152,-75.2402115,True,False,False,S364794735,
chispa,Chipping Sparrow,Spizella passerina,L3041917,Dixon Meadow Preserve,2026-06-28 09:33:00,1.0,40.1003152,-75.2402115,True,False,False,S364794735,
sonspa,Song Sparrow,Melospiza melodia,L3041917,Dixon Meadow Preserve,2026-06-28 09:33:00,5.0,40.1003152,-75.2402115,True,False,False,S364794735,
rewbla,Red-winged Blackbird,Agelaius phoeniceus,L3041917,Dixon Meadow Preserve,2026-06-28 09:33:00,9.0,40.1003152,-75.2402115,True,False,False,S364794735,
norcar,Northern Cardinal,Cardinalis cardinalis,L3041917,Dixon Meadow Preserve,2026-06-28 09:33:00,1.0,40.1003152,-75.2402115,True,False,False,S364794735,
mallar3,Mallard,Anas platyrhynchos,L3041917,Dixon Meadow Preserve,2026-06-29 14:37:00,2.0,40.1003152,-75.2402115,True,False,False,S365451905,
moudov,Mourning Dove,Zenaida macroura,L3041917,Dixon Meadow Preserve,2026-06-29 14:37:00,2.0,40.1003152,-75.2402115,True,False,False,S365451905,
norfli,Northern Flicker,Colaptes auratus,L3041917,Dixon Meadow Preserve,2026-06-29 14:37:00,2.0,40.1003152,-75.2402115,True,False,False,S365451905,
blujay,Blue Jay,Cyanocitta cristata,L3041917,Dixon Meadow Preserve,2026-06-29 14:37:00,1.0,40.1003152,-75.2402115,True,False,False,S365451905,
tuftit,Tufted Titmouse,Baeolophus bicolor,L3041917,Dixon Meadow Preserve,2026-06-29 14:37:00,1.0,40.1003152,-75.2402115,True,False,False,S365451905,
nrwswa,Northern Rough-winged Swallow,Stelgidopteryx serripennis,L3041917,Dixon Meadow Preserve,2026-06-29 14:37:00,2.0,40.1003152,-75.2402115,True,False,False,S365451905,
carwre,Carolina Wren,Thryothorus ludovicianus,L3041917,Dixon Meadow Preserve,2026-06-29 14:37:00,1.0,40.1003152,-75.2402115,True,False,False,S365451905,
eursta,European Starling,Sturnus vulgaris,L3041917,Dixon Meadow Preserve,2026-06-29 14:37:00,5.0,40.1003152,-75.2402115,True,False,False,S365451905,N
normoc,Northern Mockingbird,Mimus polyglottos,L3041917,Dixon Meadow Preserve,2026-06-29 14:37:00,3.0,40.1003152,-75.2402115,True,False,False,S365451905,
amerob,American Robin,Turdus migratorius,L3041917,Dixon Meadow Preserve,2026-06-29 14:37:00,4.0,40.1003152,-75.2402115,True,False,False,S365451905,
houspa,House Sparrow,Passer domesticus,L3041917,Dixon Meadow Preserve,2026-06-29 14:37:00,3.0,40.1003152,-75.2402115,True,False,False,S365451905,N
houfin,House Finch,Haemorhous mexicanus,L3041917,Dixon Meadow Preserve,2026-06-29 14:37:00,3.0,40.1003152,-75.2402115,True,False,False,S365451905,N
amegfi,American Goldfinch,Spinus tristis,L3041917,Dixon Meadow Preserve,2026-06-29 14:37:00,2.0,40.1003152,-75.2402115,True,False,False,S365451905,
sonspa,Song Sparrow,Melospiza melodia,L3041917,Dixon Meadow Preserve,2026-06-29 14:37:00,3.0,40.1003152,-75.2402115,True,False,False,S365451905,
rewbla,Red-winged Blackbird,Agelaius phoeniceus,L3041917,Dixon Meadow Preserve,2026-06-29 14:37:00,6.0,40.1003152,-75.2402115,True,False,False,S365451905,
comgra,Common Grackle,Quiscalus quiscula,L3041917,Dixon Meadow Preserve,2026-06-29 14:37:00,4.0,40.1003152,-75.2402115,True,False,False,S365451905,
norcar,Northern Cardinal,Cardinalis cardinalis,L3041917,Dixon Meadow Preserve,2026-06-29 14:37:00,1.0,40.1003152,-75.2402115,True,False,False,S365451905,
blugrb1,Blue Grosbeak,Passerina caerulea,L3041917,Dixon Meadow Preserve,2026-06-29 14:37:00,1.0,40.1003152,-75.2402115,True,True,False,S365451905,
wilfly,Willow Flycatcher,Empidonax traillii,L3041917,Dixon Meadow Preserve,2026-06-29 06:26:00,3.0,40.1003152,-75.2402115,True,False,False,S365228049,
easkin,Eastern Kingbird,Tyrannus tyrannus,L3041917,Dixon Meadow Preserve,2026-06-29 06:26:00,1.0,40.1003152,-75.2402115,True,False,False,S365228049,
treswa,Tree Swallow,Tachycineta bicolor,L3041917,Dixon Meadow Preserve,2026-06-29 06:26:00,4.0,40.1003152,-75.2402115,True,False,False,S365228049,
houwre,Northern House Wren,Troglodytes aedon,L3041917,Dixon Meadow Preserve,2026-06-29 06:26:00,1.0,40.1003152,-75.2402115,True,False,False,S365228049,
bnhcow,Brown-headed Cowbird,Molothrus ater,L3041917,Dixon Meadow Preserve,2026-06-29 06:26:00,3.0,40.1003152,-75.2402115,True,False,False,S365228049,
amecro,American Crow,Corvus brachyrhynchos,L3041917,Dixon Meadow Preserve,2026-06-29 06:21:00,1.0,40.1003152,-75.2402115,True,False,False,S365510426,
barswa,Barn Swallow,Hirundo rustica,L3041917,Dixon Meadow Preserve,2026-06-29 06:21:00,4.0,40.1003152,-75.2402115,True,False,False,S365510426,
orcori,Orchard Oriole,Icterus spurius,L3041917,Dixon Meadow Preserve,2026-06-29 06:21:00,1.0,40.1003152,-75.2402115,True,False,False,S365510426,
comyel,Common Yellowthroat,Geothlypis trichas,L3041917,Dixon Meadow Preserve,2026-06-29 06:21:00,1.0,40.1003152,-75.2402115,True,False,False,S365510426,
chiswi,Chimney Swift,Chaetura pelagica,L504403,John Heinz NWR--impoundment (Philadelphia Co.),2026-06-01 17:39:00,2.0,39.8893501,-75.2601457,True,False,False,S351087785,
osprey,Osprey,Pandion haliaetus,L504403,John Heinz NWR--impoundment (Philadelphia Co.),2026-06-01 17:39:00,1.0,39.8893501,-75.2601457,True,False,False,S351087785,
treswa,Tree Swallow,Tachycineta bicolor,L504403,John Heinz NWR--impoundment (Philadelphia Co.),2026-06-01 17:39:00,1.0,39.8893501,-75.2601457,True,False,False,S351087785,
nrwswa,Northern Rough-winged Swallow,Stelgidopteryx serripennis,L504403,John Heinz NWR--impoundment (Philadelphia Co.),2026-06-01 17:39:00,1.0,39.8893501,-75.2601457,True,False,False,S351087785,
barswa,Barn Swallow,Hirundo rustica,L504403,John Heinz NWR--impoundment (Philadelphia Co.),2026-06-01 17:39:00,9.0,39.8893501,-75.2601457,True,False,False,S351087785,
grycat,Gray Catbird,Dumetella carolinensis,L504403,John Heinz NWR--impoundment (Philadelphia Co.),2026-06-01 17:39:00,6.0,39.8893501,-75.2601457,True,False,False,S351087785,
amerob,American Robin,Turdus migratorius,L504403,John Heinz NWR--impoundment (Philadelphia Co.),2026-06-01 17:39:00,6.0,39.8893501,-75.2601457,True,False,False,S351087785,
sonspa,Song Sparrow,Melospiza melodia,L504403,John Heinz NWR--impoundment (Philadelphia Co.),2026-06-01 17:39:00,1.0,39.8893501,-75.2601457,True,False,False,S351087785,
eastow,Eastern Towhee,Pipilo erythrophthalmus,L504403,John Heinz NWR--impoundment (Philadelphia Co.),2026-06-01 17:39:00,1.0,39.8893501,-75.2601457,True,False,False,S351087785,
rewbla,Red-winged Blackbird,Agelaius phoeniceus,L504403,John Heinz NWR--impoundment (Philadelphia Co.),2026-06-01 17:39:00,12.0,39.8893501,-75.2601457,True,False,False,S351087785,
comgra,Common Grackle,Quiscalus quiscula,L504403,John Heinz NWR--impoundment (Philadelphia Co.),2026-06-01 17:39:00,1.0,39.8893501,-75.2601457,True,False,False,S351087785,
comyel,Common Yellowthroat,Geothlypis trichas,L504403,John Heinz NWR--impoundment (Philadelphia Co.),2026-06-01 17:39:00,1.0,39.8893501,-75.2601457,True,False,False,S351087785,
yelwar1,Northern Yellow Warbler,Setophaga aestiva,L504403,John Heinz NWR--impoundment (Philadelphia Co.),2026-06-01 17:39:00,2.0,39.8893501,-75.2601457,True,False,False,S351087785,
norcar,Northern Cardinal,Cardinalis cardinalis,L504403,John Heinz NWR--impoundment (Philadelphia Co.),2026-06-01 17:39:00,1.0,39.8893501,-75.2601457,True,False,False,S351087785,
cangoo,Canada Goose,Branta canadensis,L504403,John Heinz NWR--impoundment (Philadelphia Co.),2026-06-01 07:43:00,10.0,39.8893501,-75.2601457,True,False,False,S356853485,
moudov,Mourning Dove,Zenaida macroura,L504403,John Heinz NWR--impoundment (Philadelphia Co.),2026-06-01 07:43:00,3.0,39.8893501,-75.2601457,True,False,False,S356853485,
norfli,Northern Flicker,Colaptes auratus,L504403,John Heinz NWR--impoundment (Philadelphia Co.),2026-06-01 07:43:00,1.0,39.8893501,-75.2601457,True,False,False,S356853485,
wilfly,Willow Flycatcher,Empidonax traillii,L504403,John Heinz NWR--impoundment (Philadelphia Co.),2026-06-01 07:43:00,1.0,39.8893501,-75.2601457,True,False,False,S356853485,
tuftit,Tufted Titmouse,Baeolophus bicolor,L504403,John Heinz NWR--impoundment (Philadelphia Co.),2026-06-01 07:43:00,4.0,39.8893501,-75.2601457,True,False,False,S356853485,
houwre,Northern House Wren,Troglodytes aedon,L504403,John Heinz NWR--impoundment (Philadelphia Co.),2026-06-01 07:43:00,1.0,39.8893501,-75.2601457,True,False,False,S356853485,
woothr,Wood Thrush,Hylocichla mustelina,L504403,John Heinz NWR--impoundment (Philadelphia Co.),2026-06-01 07:43:00,1.0,39.8893501,-75.2601457,True,False,False,S356853485,
cedwax,Cedar Waxwing,Bombycilla cedrorum,L504403,John Heinz NWR--impoundment (Philadelphia Co.),2026-06-01 07:43:00,2.0,39.8893501,-75.2601457,True,False,False,S356853485,
amered,American Redstart,Setophaga ruticilla,L504403,John Heinz NWR--impoundment (Philadelphia Co.),2026-06-01 07:43:00,1.0,39.8893501,-75.2601457,True,False,False,S356853485,
grcfly,Great Crested Flycatcher,Myiarchus crinitus,L504403,John Heinz NWR--impoundment (Philadelphia Co.),2026-06-01 07:13:00,1.0,39.8893501,-75.2601457,True,False,False,S351144368,
reevir1,Red-eyed Vireo,Vireo olivaceus,L504403,John Heinz NWR--impoundment (Philadelphia Co.),2026-06-01 07:13:00,2.0,39.8893501,-75.2601457,True,False,False,S350768626,
amecro,American Crow,Corvus brachyrhynchos,L504403,John Heinz NWR--impoundment (Philadelphia Co.),2026-06-01 07:13:00,2.0,39.8893501,-75.2601457,True,False,False,S350768626,
carchi,Carolina Chickadee,Poecile carolinensis,L504403,John Heinz NWR--impoundment (Philadelphia Co.),2026-06-01 07:13:00,3.0,39.8893501,-75.2601457,True,False,False,S350768626,
carwre,Carolina Wren,Thryothorus ludovicianus,L504403,John Heinz NWR--impoundment (Philadelphia Co.),2026-06-01 07:13:00,2.0,39.8893501,-75.2601457,True,False,False,S351146939,
eursta,European Starling,Sturnus vulgaris,L504403,John Heinz NWR--impoundment (Philadelphia Co.),2026-06-01 07:13:00,3.0,39.8893501,-75.2601457,True,False,False,S350768626,N
balori,Baltimore Oriole,Icterus galbula,L504403,John Heinz NWR--impoundment (Philadelphia Co.),2026-06-01 07:13:00,2.0,39.8893501,-75.2601457,True,False,False,S350768626,
cangoo,Canada Goose,Branta canadensis,L504403,John Heinz NWR--impoundment (Philadelphia Co.),2026-06-02 09:41:00,,39.8893501,-75.2601457,True,False,False,S351452193,
mallar3,Mallard,Anas platyrhynchos,L504403,John Heinz NWR--impoundment (Philadelphia Co.),2026-06-02 09:41:00,,39.8893501,-75.2601457,True,False,False,S351452193,
moudov,Mourning Dove,Zenaida macroura,L504403,John Heinz NWR--impoundment (Philadelphia Co.),2026-06-02 09:41:00,2.0,39.8893501,-75.2601457,True,False,False,S351452193,
greegr,Great Egret,Ardea alba,L504403,John Heinz NWR--impoundment (Philadelphia Co.),2026-06-02 09:41:00,1.0,39.8893501,-75.2601457,True,False,False,S351452193,
osprey,Osprey,Pandion haliaetus,L504403,John Heinz NWR--impoundment (Philadelphia Co.),2026-06-02 09:41:00,1.0,39.8893501,-75.2601457,True,False,False,S351452193,
haiwoo,Hairy Woodpecker,Leuconotopicus villosus,L504403,John Heinz NWR--impoundment (Philadelphia Co.),2026-06-02 09:41:00,1.0,39.8893501,-75.2601457,True,False,False,S351452193,
norfli,Northern Flicker,Colaptes auratus,L504403,John Heinz NWR--impoundment (Philadelphia Co.),2026-06-02 09:41:00,1.0,39.8893501,-75.2601457,True,False,False,S351452193,
reevir1,Red-eyed Vireo,Vireo olivaceus,L504403,John Heinz NWR--impoundment (Philadelphia Co.),2026-06-02 09:41:00,1.0,39.8893501,-75.2601457,True,False,False,S351452193,
tuftit,Tufted Titmouse,Baeolophus bicolor,L504403,John Heinz NWR--impoundment (Philadelphia Co.),2026-06-02 09:41:00,2.0,39.8893501,-75.2601457,True,False,False,S351452193,
treswa,Tree Swallow,Tachycineta bicolor,L504403,John Heinz NWR--impoundment (Philadelphia Co.),2026-06-02 09:41:00,,39.8893501,-75.2601457,True,False,False,S351452193,
barswa,Barn Swallow,Hirundo rustica,L504403,John Heinz NWR--impoundment (Philadelphia Co.),2026-06-02 09:41:00,,39.8893501,-75.2601457,True,False,False,S351452193,
buggna,Blue-gray Gnatcatcher,Polioptila caerulea,L504403,John Heinz NWR--impoundment (Philadelphia Co.),2026-06-02 09:41:00,3.0,39.8893501,-75.2601457,True,False,False,S351452193,
marwre,Marsh Wren,Cistothorus palustris,L504403,John Heinz NWR--impoundment (Philadelphia Co.),2026-06-02 09:41:00,,39.8893501,-75.2601457,True,False,False,S351452193,
carwre,Carolina Wren,Thryothorus ludovicianus,L504403,John Heinz NWR--impoundment (Philadelphia Co.),2026-06-02 09:41:00,1.0,39.8893501,-75.2601457,True,False,False,S351452193,
grycat,Gray Catbird,Dumetella carolinensis,L504403,John Heinz NWR--impoundment (Philadelphia Co.),2026-06-02 09:41:00,,39.8893501,-75.2601457,True,False,False,S351452193,
woothr,Wood Thrush,Hylocichla mustelina,L504403,John Heinz NWR--impoundment (Philadelphia Co.),2026-06-02 09:41:00,2.0,39.8893501,-75.2601457,True,False,False,S351452193,
amerob,American Robin,Turdus migratorius,L504403,John Heinz NWR--impoundment (Philadelphia Co.),2026-06-02 09:41:00,,39.8893501,-75.2601457,True,False,False,S351452193,
cedwax,Cedar Waxwing,Bombycilla cedrorum,L504403,John Heinz NWR--impoundment (Philadelphia Co.),2026-06-02 09:41:00,,39.8893501,-75.2601457,True,False,False,S351452193,
sonspa,Song Sparrow,Melospiza melodia,L504403,John Heinz NWR--impoundment (Philadelphia Co.),2026-06-02 09:41:00,1.0,39.8893501,-75.2601457,True,False,False,S351452193,
balori,Baltimore Oriole,Icterus galbula,L504403,John Heinz NWR--impoundment (Philadelphia Co.),2026-06-02 09:41:00,4.0,39.8893501,-75.2601457,True,False,False,S351452193,
rewbla,Red-winged Blackbird,Agelaius phoeniceus,L504403,John Heinz NWR--impoundment (Philadelphia Co.),2026-06-02 09:41:00,,39.8893501,-75.2601457,True,False,False,S351452193,
comyel,Common Yellowthroat,Geothlypis trichas,L504403,John Heinz NWR--impoundment (Philadelphia Co.),2026-06-02 09:41:00,1.0,39.8893501,-75.2601457,True,False,False,S351452193,
yelwar1,Northern Yellow Warbler,Setophaga aestiva,L504403,John Heinz NWR--impoundment (Philadelphia Co.),2026-06-02 09:41:00,,39.8893501,-75.2601457,True,False,False,S351452193,
norcar,Northern Cardinal,Cardinalis cardinalis,L504403,John Heinz NWR--impoundment (Philadelphia Co.),2026-06-02 09:41:00,4.0,39.8893501,-75.2601457,True,False,False,S351452193,
chiswi,Chimney Swift,Chaetura pelagica,L504403,John Heinz NWR--impoundment (Philadelphia Co.),2026-06-02 09:21:00,2.0,39.8893501,-75.2601457,True,False,False,S351585023,
dowwoo,Downy Woodpecker,Dryobates pubescens,L504403,John Heinz NWR--impoundment (Philadelphia Co.),2026-06-02 09:21:00,1.0,39.8893501,-75.2601457,True,False,False,S351585023,
acafly,Acadian Flycatcher,Empidonax virescens,L504403,John Heinz NWR--impoundment (Philadelphia Co.),2026-06-02 09:21:00,1.0,39.8893501,-75.2601457,True,False,False,S351585023,
grcfly,Great Crested Flycatcher,Myiarchus crinitus,L504403,John Heinz NWR--impoundment (Philadelphia Co.),2026-06-02 09:21:00,2.0,39.8893501,-75.2601457,True,False,False,S351585023,
eawvir1,Eastern Warbling Vireo,Vireo gilvus,L504403,John Heinz NWR--impoundment (Philadelphia Co.),2026-06-02 09:21:00,1.0,39.8893501,-75.2601457,True,False,False,S351585023,
blujay,Blue Jay,Cyanocitta cristata,L504403,John Heinz NWR--impoundment (Philadelphia Co.),2026-06-02 09:21:00,3.0,39.8893501,-75.2601457,True,False,False,S351585023,
amecro,American Crow,Corvus brachyrhynchos,L504403,John Heinz NWR--impoundment (Philadelphia Co.),2026-06-02 09:21:00,2.0,39.8893501,-75.2601457,True,False,False,S351585023,
banswa,Bank Swallow,Riparia riparia,L504403,John Heinz NWR--impoundment (Philadelphia Co.),2026-06-02 09:21:00,7.0,39.8893501,-75.2601457,True,False,False,S351585023,
eursta,European Starling,Sturnus vulgaris,L504403,John Heinz NWR--impoundment (Philadelphia Co.),2026-06-02 09:21:00,6.0,39.8893501,-75.2601457,True,False,False,S351585023,N
amegfi,American Goldfinch,Spinus tristis,L504403,John Heinz NWR--impoundment (Philadelphia Co.),2026-06-02 09:21:00,1.0,39.8893501,-75.2601457,True,False,False,S351585023,
bnhcow,Brown-headed Cowbird,Molothrus ater,L504403,John Heinz NWR--impoundment (Philadelphia Co.),2026-06-02 09:21:00,1.0,39.8893501,-75.2601457,True,False,False,S351585023,
amered,American Redstart,Setophaga ruticilla,L504403,John Heinz NWR--impoundment (Philadelphia Co.),2026-06-02 09:21:00,1.0,39.8893501,-75.2601457,True,False,False,S351585023,
osprey,Osprey,Pandion haliaetus,L504403,John Heinz NWR--impoundment (Philadelphia Co.),2026-06-04 16:57:00,1.0,39.8893501,-75.2601457,True,False,False,S352471212,
coohaw,Cooper's Hawk,Astur cooperii,L504403,John Heinz NWR--impoundment (Philadelphia Co.),2026-06-04 16:57:00,1.0,39.8893501,-75.2601457,True,False,False,S352471212,
rebwoo,Red-bellied Woodpecker,Melanerpes carolinus,L504403,John Heinz NWR--impoundment (Philadelphia Co.),2026-06-04 16:57:00,1.0,39.8893501,-75.2601457,True,False,False,S352471212,
dowwoo,Downy Woodpecker,Dryobates pubescens,L504403,John Heinz NWR--impoundment (Philadelphia Co.),2026-06-04 16:57:00,1.0,39.8893501,-75.2601457,True,False,False,S352471212,
norfli,Northern Flicker,Colaptes auratus,L504403,John Heinz NWR--impoundment (Philadelphia Co.),2026-06-04 16:57:00,1.0,39.8893501,-75.2601457,True,False,False,S352471212,
eawpew,Eastern Wood-Pewee,Contopus virens,L504403,John Heinz NWR--impoundment (Philadelphia Co.),2026-06-04 16:57:00,1.0,39.8893501,-75.2601457,True,False,False,S352471212,
grcfly,Great Crested Flycatcher,Myiarchus crinitus,L504403,John Heinz NWR--impoundment (Philadelphia Co.),2026-06-04 16:57:00,4.0,39.8893501,-75.2601457,True,False,False,S352471212,
reevir1,Red-eyed Vireo,Vireo olivaceus,L504403,John Heinz NWR--impoundment (Philadelphia Co.),2026-06-04 16:57:00,5.0,39.8893501,-75.2601457,True,False,False,S352471212,
blujay,Blue Jay,Cyanocitta cristata,L504403,John Heinz NWR--impoundment (Philadelphia Co.),2026-06-04 16:57:00,2.0,39.8893501,-75.2601457,True,False,False,S352471212,
treswa,Tree Swallow,Tachycineta bicolor,L504403,John Heinz NWR--impoundment (Philadelphia Co.),2026-06-04 16:57:00,20.0,39.8893501,-75.2601457,True,False,False,S352471212,
barswa,Barn Swallow,Hirundo rustica,L504403,John Heinz NWR--impoundment (Philadelphia Co.),2026-06-04 16:57:00,15.0,39.8893501,-75.2601457,True,False,False,S352471212,
houwre,Northern House Wren,Troglodytes aedon,L504403,John Heinz NWR--impoundment (Philadelphia Co.),2026-06-04 16:57:00,2.0,39.8893501,-75.2601457,True,False,False,S352471212,
carwre,Carolina Wren,Thryothorus ludovicianus,L504403,John Heinz NWR--impoundment (Philadelphia Co.),2026-06-04 16:57:00,4.0,39.8893501,-75.2601457,True,False,False,S352471212,
grycat,Gray Catbird,Dumetella carolinensis,L504403,John Heinz NWR--impoundment (Philadelphia Co.),2026-06-04 16:57:00,20.0,39.8893501,-75.2601457,True,False,False,S352471212,
amerob,American Robin,Turdus migratorius,L504403,John Heinz NWR--impoundment (Philadelphia Co.),2026-06-04 16:57:00,5.0,39.8893501,-75.2601457,True,False,False,S352471212,
amegfi,American Goldfinch,Spinus tristis,L504403,John Heinz NWR--impoundment (Philadelphia Co.),2026-06-04 16:57:00,2.0,39.8893501,-75.2601457,True,False,False,S352471212,
rewbla,Red-winged Blackbird,Agelaius phoeniceus,L504403,John Heinz NWR--impoundment (Philadelphia Co.),2026-06-04 16:57:00,12.0,39.8893501,-75.2601457,True,False,False,S352471212,
amered,American Redstart,Setophaga ruticilla,L504403,John Heinz NWR--impoundment (Philadelphia Co.),2026-06-04 16:57:00,1.0,39.8893501,-75.2601457,True,False,False,S352471212,
yelwar1,Northern Yellow Warbler,Setophaga aestiva,L504403,John Heinz NWR--impoundment (Philadelphia Co.),2026-06-04 16:57:00,1.0,39.8893501,-75.2601457,True,False,False,S352471212,
norcar,Northern Cardinal,Cardinalis cardinalis,L504403,John Heinz NWR--impoundment (Philadelphia Co.),2026-06-04 16:57:00,3.0,39.8893501,-75.2601457,True,False,False,S352471212,
cangoo,Canada Goose,Branta canadensis,L504403,John Heinz NWR--impoundment (Philadelphia Co.),2026-06-04 09:49:00,8.0,39.8893501,-75.2601457,True,False,False,S352394680,
mallar3,Mallard,Anas platyrhynchos,L504403,John Heinz NWR--impoundment (Philadelphia Co.),2026-06-04 09:49:00,1.0,39.8893501,-75.2601457,True,False,False,S352394680,
moudov,Mourning Dove,Zenaida macroura,L504403,John Heinz NWR--impoundment (Philadelphia Co.),2026-06-04 09:49:00,4.0,39.8893501,-75.2601457,True,False,False,S352394680,
grbher3,Great Blue Heron,Ardea herodias,L504403,John Heinz NWR--impoundment (Philadelphia Co.),2026-06-04 09:49:00,1.0,39.8893501,-75.2601457,True,False,False,S352394680,
turvul,Turkey Vulture,Cathartes aura,L504403,John Heinz NWR--impoundment (Philadelphia Co.),2026-06-04 09:49:00,5.0,39.8893501,-75.2601457,True,False,False,S352394680,
rethaw,Red-tailed Hawk,Buteo jamaicensis,L504403,John Heinz NWR--impoundment (Philadelphia Co.),2026-06-04 09:49:00,1.0,39.8893501,-75.2601457,True,False,False,S352394680,
acafly,Acadian Flycatcher,Empidonax virescens,L504403,John Heinz NWR--impoundment (Philadelphia Co.),2026-06-04 09:49:00,1.0,39.8893501,-75.2601457,True,False,False,S352394680,
wilfly,Willow Flycatcher,Empidonax traillii,L504403,John Heinz NWR--impoundment (Philadelphia Co.),2026-06-04 09:49:00,1.0,39.8893501,-75.2601457,True,False,False,S352394680,
eawvir1,Eastern Warbling Vireo,Vireo gilvus,L504403,John Heinz NWR--impoundment (Philadelphia Co.),2026-06-04 09:49:00,4.0,39.8893501,-75.2601457,True,False,False,S352394680,
amecro,American Crow,Corvus brachyrhynchos,L504403,John Heinz NWR--impoundment (Philadelphia Co.),2026-06-04 09:49:00,1.0,39.8893501,-75.2601457,True,False,False,S352394680,
comrav,Common Raven,Corvus corax,L504403,John Heinz NWR--impoundment (Philadelphia Co.),2026-06-04 09:49:00,1.0,39.8893501,-75.2601457,True,False,False,S352394680,
tuftit,Tufted Titmouse,Baeolophus bicolor,L504403,John Heinz NWR--impoundment (Philadelphia Co.),2026-06-04 09:49:00,1.0,39.8893501,-75.2601457,True,False,False,S352394680,
nrwswa,Northern Rough-winged Swallow,Stelgidopteryx serripennis,L504403,John Heinz NWR--impoundment (Philadelphia Co.),2026-06-04 09:49:00,7.0,39.8893501,-75.2601457,True,False,False,S352394680,
whbnut,White-breasted Nuthatch,Sitta carolinensis,L504403,John Heinz NWR--impoundment (Philadelphia Co.),2026-06-04 09:49:00,1.0,39.8893501,-75.2601457,True,False,False,S352394680,
buggna,Blue-gray Gnatcatcher,Polioptila caerulea,L504403,John Heinz NWR--impoundment (Philadelphia Co.),2026-06-04 09:49:00,4.0,39.8893501,-75.2601457,True,False,False,S352394680,
marwre,Marsh Wren,Cistothorus palustris,L504403,John Heinz NWR--impoundment (Philadelphia Co.),2026-06-04 09:49:00,1.0,39.8893501,-75.2601457,True,False,False,S352394680,
woothr,Wood Thrush,Hylocichla mustelina,L504403,John Heinz NWR--impoundment (Philadelphia Co.),2026-06-04 09:49:00,1.0,39.8893501,-75.2601457,True,False,False,S352394680,
cedwax,Cedar Waxwing,Bombycilla cedrorum,L504403,John Heinz NWR--impoundment (Philadelphia Co.),2026-06-04 09:49:00,5.0,39.8893501,-75.2601457,True,False,False,S352394680,
sonspa,Song Sparrow,Melospiza melodia,L504403,John Heinz NWR--impoundment (Philadelphia Co.),2026-06-04 09:49:00,20.0,39.8893501,-75.2601457,True,False,False,S352394680,
balori,Baltimore Oriole,Icterus galbula,L504403,John Heinz NWR--impoundment (Philadelphia Co.),2026-06-04 09:49:00,2.0,39.8893501,-75.2601457,True,False,False,S352394680,
bnhcow,Brown-headed Cowbird,Molothrus ater,L504403,John Heinz NWR--impoundment (Philadelphia Co.),2026-06-04 09:49:00,1.0,39.8893501,-75.2601457,True,False,False,S352394680,
comgra,Common Grackle,Quiscalus quiscula,L504403,John Heinz NWR--impoundment (Philadelphia Co.),2026-06-04 09:49:00,6.0,39.8893501,-75.2601457,True,False,False,S352394680,
comyel,Common Yellowthroat,Geothlypis trichas,L504403,John Heinz NWR--impoundment (Philadelphia Co.),2026-06-04 09:49:00,4.0,39.8893501,-75.2601457,True,False,False,S352394680,
indbun,Indigo Bunting,Passerina cyanea,L504403,John Heinz NWR--impoundment (Philadelphia Co.),2026-06-04 09:49:00,1.0,39.8893501,-75.2601457,True,False,False,S352394680,
rthhum,Ruby-throated Hummingbird,Archilochus colubris,L504403,John Heinz NWR--impoundment (Philadelphia Co.),2026-06-04 09:30:00,1.0,39.8893501,-75.2601457,True,False,False,S352417061,
killde,Killdeer,Charadrius vociferus,L504403,John Heinz NWR--impoundment (Philadelphia Co.),2026-06-04 09:30:00,2.0,39.8893501,-75.2601457,True,False,False,S352417061,
haiwoo,Hairy Woodpecker,Leuconotopicus villosus,L504403,John Heinz NWR--impoundment (Philadelphia Co.),2026-06-04 09:30:00,1.0,39.8893501,-75.2601457,True,False,False,S352417061,
eursta,European Starling,Sturnus vulgaris,L504403,John Heinz NWR--impoundment (Philadelphia Co.),2026-06-04 09:30:00,2.0,39.8893501,-75.2601457,True,False,False,S352417061,N
normoc,Northern Mockingbird,Mimus polyglottos,L504403,John Heinz NWR--impoundment (Philadelphia Co.),2026-06-04 09:30:00,3.0,39.8893501,-75.2601457,True,False,False,S352417061,
orcori,Orchard Oriole,Icterus spurius,L504403,John Heinz NWR--impoundment (Philadelphia Co.),2026-06-04 09:30:00,2.0,39.8893501,-75.2601457,True,False,False,S352417061,
chiswi,Chimney Swift,Chaetura pelagica,L504403,John Heinz NWR--impoundment (Philadelphia Co.),2026-06-04 07:55:00,5.0,39.8893501,-75.2601457,True,False,False,S352284023,
doccor,Double-crested Cormorant,Nannopterum auritum,L504403,John Heinz NWR--impoundment (Philadelphia Co.),2026-06-04 07:55:00,3.0,39.8893501,-75.2601457,True,False,False,S352284023,
reshaw,Red-shouldered Hawk,Buteo lineatus,L504403,John Heinz NWR--impoundment (Philadelphia Co.),2026-06-04 07:55:00,1.0,39.8893501,-75.2601457,True,False,False,S352284023,
easkin,Eastern Kingbird,Tyrannus tyrannus,L504403,John Heinz NWR--impoundment (Philadelphia Co.),2026-06-04 07:55:00,1.0,39.8893501,-75.2601457,True,False,False,S352284023,
houfin,House Finch,Haemorhous mexicanus,L504403,John Heinz NWR--impoundment (Philadelphia Co.),2026-06-04 07:55:00,1.0,39.8893501,-75.2601457,True,False,False,S352284023,N
cangoo,Canada Goose,Branta canadensis,L504403,John Heinz NWR--impoundment (Philadelphia Co.),2026-06-05 13:24:00,20.0,39.8893501,-75.2601457,True,False,False,S355005909,
reshaw,Red-shouldered Hawk,Buteo lineatus,L504403,John Heinz NWR--impoundment (Philadelphia Co.),2026-06-05 13:24:00,1.0,39.8893501,-75.2601457,True,False,False,S355005909,
wilfly,Willow Flycatcher,Empidonax traillii,L504403,John Heinz NWR--impoundment (Philadelphia Co.),2026-06-05 13:24:00,1.0,39.8893501,-75.2601457,True,False,False,S355005909,
eawvir1,Eastern Warbling Vireo,Vireo gilvus,L504403,John Heinz NWR--impoundment (Philadelphia Co.),2026-06-05 13:24:00,1.0,39.8893501,-75.2601457,True,False,False,S355005909,
tuftit,Tufted Titmouse,Baeolophus bicolor,L504403,John Heinz NWR--impoundment (Philadelphia Co.),2026-06-05 13:24:00,1.0,39.8893501,-75.2601457,True,False,False,S355005909,
marwre,Marsh Wren,Cistothorus palustris,L504403,John Heinz NWR--impoundment (Philadelphia Co.),2026-06-05 13:24:00,2.0,39.8893501,-75.2601457,True,False,False,S355005909,
grycat,Gray Catbird,Dumetella carolinensis,L504403,John Heinz NWR--impoundment (Philadelphia Co.),2026-06-05 13:24:00,20.0,39.8893501,-75.2601457,True,False,False,S355005909,
amerob,American Robin,Turdus migratorius,L504403,John Heinz NWR--impoundment (Philadelphia Co.),2026-06-05 13:24:00,20.0,39.8893501,-75.2601457,True,False,False,S355005909,
cedwax,Cedar Waxwing,Bombycilla cedrorum,L504403,John Heinz NWR--impoundment (Philadelphia Co.),2026-06-05 13:24:00,2.0,39.8893501,-75.2601457,True,False,False,S355005909,
amegfi,American Goldfinch,Spinus tristis,L504403,John Heinz NWR--impoundment (Philadelphia Co.),2026-06-05 13:24:00,2.0,39.8893501,-75.2601457,True,False,False,S355005909,
yelwar1,Northern Yellow Warbler,Setophaga aestiva,L504403,John Heinz NWR--impoundment (Philadelphia Co.),2026-06-05 13:24:00,6.0,39.8893501,-75.2601457,True,False,False,S355005909,
norcar,Northern Cardinal,Cardinalis cardinalis,L504403,John Heinz NWR--impoundment (Philadelphia Co.),2026-06-05 13:24:00,2.0,39.8893501,-75.2601457,True,False,False,S355005909,
norfli,Northern Flicker,Colaptes auratus,L504403,John Heinz NWR--impoundment (Philadelphia Co.),2026-06-06 15:21:00,1.0,39.8893501,-75.2601457,True,False,False,S353534674,
reevir1,Red-eyed Vireo,Vireo olivaceus,L504403,John Heinz NWR--impoundment (Philadelphia Co.),2026-06-06 15:21:00,2.0,39.8893501,-75.2601457,True,False,False,S353534674,
amecro,American Crow,Corvus brachyrhynchos,L504403,John Heinz NWR--impoundment (Philadelphia Co.),2026-06-06 15:21:00,2.0,39.8893501,-75.2601457,True,False,False,S353534674,
treswa,Tree Swallow,Tachycineta bicolor,L504403,John Heinz NWR--impoundment (Philadelphia Co.),2026-06-06 15:21:00,10.0,39.8893501,-75.2601457,True,False,False,S353534674,
barswa,Barn Swallow,Hirundo rustica,L504403,John Heinz NWR--impoundment (Philadelphia Co.),2026-06-06 15:21:00,2.0,39.8893501,-75.2601457,True,False,False,S353534674,
grycat,Gray Catbird,Dumetella carolinensis,L504403,John Heinz NWR--impoundment (Philadelphia Co.),2026-06-06 15:21:00,2.0,39.8893501,-75.2601457,True,False,False,S353534674,
amerob,American Robin,Turdus migratorius,L504403,John Heinz NWR--impoundment (Philadelphia Co.),2026-06-06 15:21:00,9.0,39.8893501,-75.2601457,True,False,False,S353534674,
amegfi,American Goldfinch,Spinus tristis,L504403,John Heinz NWR--impoundment (Philadelphia Co.),2026-06-06 15:21:00,3.0,39.8893501,-75.2601457,True,False,False,S353534674,
rewbla,Red-winged Blackbird,Agelaius phoeniceus,L504403,John Heinz NWR--impoundment (Philadelphia Co.),2026-06-06 15:21:00,6.0,39.8893501,-75.2601457,True,False,False,S353534674,
yelwar1,Northern Yellow Warbler,Setophaga aestiva,L504403,John Heinz NWR--impoundment (Philadelphia Co.),2026-06-06 15:21:00,1.0,39.8893501,-75.2601457,True,False,False,S353534674,
norcar,Northern Cardinal,Cardinalis cardinalis,L504403,John Heinz NWR--impoundment (Philadelphia Co.),2026-06-06 15:21:00,2.0,39.8893501,-75.2601457,True,False,False,S353534674,
rthhum,Ruby-throated Hummingbird,Archilochus colubris,L504403,John Heinz NWR--impoundment (Philadelphia Co.),2026-06-06 10:58:00,1.0,39.8893501,-75.2601457,True,False,False,S356352464,
acafly,Acadian Flycatcher,Empidonax virescens,L504403,John Heinz NWR--impoundment (Philadelphia Co.),2026-06-06 10:58:00,1.0,39.8893501,-75.2601457,True,False,False,S356352464,
grcfly,Great Crested Flycatcher,Myiarchus crinitus,L504403,John Heinz NWR--impoundment (Philadelphia Co.),2026-06-06 10:58:00,1.0,39.8893501,-75.2601457,True,False,False,S356352464,
balori,Baltimore Oriole,Icterus galbula,L504403,John Heinz NWR--impoundment (Philadelphia Co.),2026-06-06 10:58:00,1.0,39.8893501,-75.2601457,True,False,False,S356352464,
comgra,Common Grackle,Quiscalus quiscula,L504403,John Heinz NWR--impoundment (Philadelphia Co.),2026-06-06 10:58:00,1.0,39.8893501,-75.2601457,True,False,False,S356352464,
comyel,Common Yellowthroat,Geothlypis trichas,L504403,John Heinz NWR--impoundment (Philadelphia Co.),2026-06-06 10:58:00,2.0,39.8893501,-75.2601457,True,False,False,S356352464,
blujay,Blue Jay,Cyanocitta cristata,L504403,John Heinz NWR--impoundment (Philadelphia Co.),2026-06-06 10:35:00,1.0,39.8893501,-75.2601457,True,False,False,S353406888,
houwre,Northern House Wren,Troglodytes aedon,L504403,John Heinz NWR--impoundment (Philadelphia Co.),2026-06-06 10:35:00,2.0,39.8893501,-75.2601457,True,False,False,S353406888,
carwre,Carolina Wren,Thryothorus ludovicianus,L504403,John Heinz NWR--impoundment (Philadelphia Co.),2026-06-06 10:35:00,1.0,39.8893501,-75.2601457,True,False,False,S353406888,
sonspa,Song Sparrow,Melospiza melodia,L504403,John Heinz NWR--impoundment (Philadelphia Co.),2026-06-06 10:35:00,1.0,39.8893501,-75.2601457,True,False,False,S353406888,
indbun,Indigo Bunting,Passerina cyanea,L504403,John Heinz NWR--impoundment (Philadelphia Co.),2026-06-06 10:35:00,1.0,39.8893501,-75.2601457,True,False,False,S353406888,
moudov,Mourning Dove,Zenaida macroura,L504403,John Heinz NWR--impoundment (Philadelphia Co.),2026-06-06 08:16:00,1.0,39.8893501,-75.2601457,True,False,False,S353505202,
carchi,Carolina Chickadee,Poecile carolinensis,L504403,John Heinz NWR--impoundment (Philadelphia Co.),2026-06-06 08:16:00,1.0,39.8893501,-75.2601457,True,False,False,S353505202,
cangoo,Canada Goose,Branta canadensis,L504403,John Heinz NWR--impoundment (Philadelphia Co.),2026-06-06 08:05:00,45.0,39.8893501,-75.2601457,True,False,False,S353293597,
chiswi,Chimney Swift,Chaetura pelagica,L504403,John Heinz NWR--impoundment (Philadelphia Co.),2026-06-06 08:05:00,2.0,39.8893501,-75.2601457,True,False,False,S353293597,
osprey,Osprey,Pandion haliaetus,L504403,John Heinz NWR--impoundment (Philadelphia Co.),2026-06-06 08:05:00,2.0,39.8893501,-75.2601457,True,False,False,S353293597,
rebwoo,Red-bellied Woodpecker,Melanerpes carolinus,L504403,John Heinz NWR--impoundment (Philadelphia Co.),2026-06-06 08:05:00,1.0,39.8893501,-75.2601457,True,False,False,S353293597,
dowwoo,Downy Woodpecker,Dryobates pubescens,L504403,John Heinz NWR--impoundment (Philadelphia Co.),2026-06-06 08:05:00,1.0,39.8893501,-75.2601457,True,False,False,S353293597,
eawpew,Eastern Wood-Pewee,Contopus virens,L504403,John Heinz NWR--impoundment (Philadelphia Co.),2026-06-06 08:05:00,2.0,39.8893501,-75.2601457,True,False,False,S353293597,
wilfly,Willow Flycatcher,Empidonax traillii,L504403,John Heinz NWR--impoundment (Philadelphia Co.),2026-06-06 08:05:00,1.0,39.8893501,-75.2601457,True,False,False,S353293597,
easkin,Eastern Kingbird,Tyrannus tyrannus,L504403,John Heinz NWR--impoundment (Philadelphia Co.),2026-06-06 08:05:00,1.0,39.8893501,-75.2601457,True,False,False,S353293597,
eawvir1,Eastern Warbling Vireo,Vireo gilvus,L504403,John Heinz NWR--impoundment (Philadelphia Co.),2026-06-06 08:05:00,3.0,39.8893501,-75.2601457,True,False,False,S353293597,
fiscro,Fish Crow,Corvus ossifragus,L504403,John Heinz NWR--impoundment (Philadelphia Co.),2026-06-06 08:05:00,1.0,39.8893501,-75.2601457,True,False,False,S353293597,
tuftit,Tufted Titmouse,Baeolophus bicolor,L504403,John Heinz NWR--impoundment (Philadelphia Co.),2026-06-06 08:05:00,1.0,39.8893501,-75.2601457,True,False,False,S353293597,
purmar,Purple Martin,Progne subis,L504403,John Heinz NWR--impoundment (Philadelphia Co.),2026-06-06 08:05:00,1.0,39.8893501,-75.2601457,True,False,False,S353293597,
buggna,Blue-gray Gnatcatcher,Polioptila caerulea,L504403,John Heinz NWR--impoundment (Philadelphia Co.),2026-06-06 08:05:00,1.0,39.8893501,-75.2601457,True,False,False,S353293597,
eursta,European Starling,Sturnus vulgaris,L504403,John Heinz NWR--impoundment (Philadelphia Co.),2026-06-06 08:05:00,4.0,39.8893501,-75.2601457,True,False,False,S353293597,N
woothr,Wood Thrush,Hylocichla mustelina,L504403,John Heinz NWR--impoundment (Philadelphia Co.),2026-06-06 08:05:00,1.0,39.8893501,-75.2601457,True,False,False,S353293597,
houspa,House Sparrow,Passer domesticus,L504403,John Heinz NWR--impoundment (Philadelphia Co.),2026-06-06 08:05:00,1.0,39.8893501,-75.2601457,True,False,False,S353293597,N
houfin,House Finch,Haemorhous mexicanus,L504403,John Heinz NWR--impoundment (Philadelphia Co.),2026-06-06 08:05:00,1.0,39.8893501,-75.2601457,True,False,False,S353293597,N
bnhcow,Brown-headed Cowbird,Molothrus ater,L504403,John Heinz NWR--impoundment (Philadelphia Co.),2026-06-06 08:05:00,1.0,39.8893501,-75.2601457,True,False,False,S353293597,
cangoo,Canada Goose,Branta canadensis,L504403,John Heinz NWR--impoundment (Philadelphia Co.),2026-06-07 11:33:00,46.0,39.8893501,-75.2601457,True,False,False,S355933704,
mallar3,Mallard,Anas platyrhynchos,L504403,John Heinz NWR--impoundment (Philadelphia Co.),2026-06-07 11:33:00,4.0,39.8893501,-75.2601457,True,False,False,S355933704,
rocpig,Rock Pigeon,Columba livia,L504403,John Heinz NWR--impoundment (Philadelphia Co.),2026-06-07 11:33:00,4.0,39.8893501,-75.2601457,True,False,False,S355933704,N
moudov,Mourning Dove,Zenaida macroura,L504403,John Heinz NWR--impoundment (Philadelphia Co.),2026-06-07 11:33:00,4.0,39.8893501,-75.2601457,True,False,False,S355933704,
chiswi,Chimney Swift,Chaetura pelagica,L504403,John Heinz NWR--impoundment (Philadelphia Co.),2026-06-07 11:33:00,8.0,39.8893501,-75.2601457,True,False,False,S355933704,
rthhum,Ruby-throated Hummingbird,Archilochus colubris,L504403,John Heinz NWR--impoundment (Philadelphia Co.),2026-06-07 11:33:00,1.0,39.8893501,-75.2601457,True,False,False,S355933704,
killde,Killdeer,Charadrius vociferus,L504403,John Heinz NWR--impoundment (Philadelphia Co.),2026-06-07 11:33:00,1.0,39.8893501,-75.2601457,True,False,False,S355933704,
turvul,Turkey Vulture,Cathartes aura,L504403,John Heinz NWR--impoundment (Philadelphia Co.),2026-06-07 11:33:00,3.0,39.8893501,-75.2601457,True,False,False,S355933704,
osprey,Osprey,Pandion haliaetus,L504403,John Heinz NWR--impoundment (Philadelphia Co.),2026-06-07 11:33:00,1.0,39.8893501,-75.2601457,True,False,False,S355933704,
baleag,Bald Eagle,Haliaeetus leucocephalus,L504403,John Heinz NWR--impoundment (Philadelphia Co.),2026-06-07 11:33:00,1.0,39.8893501,-75.2601457,True,False,False,S355933704,
rebwoo,Red-bellied Woodpecker,Melanerpes carolinus,L504403,John Heinz NWR--impoundment (Philadelphia Co.),2026-06-07 11:33:00,3.0,39.8893501,-75.2601457,True,False,False,S355933704,
eawpew,Eastern Wood-Pewee,Contopus virens,L504403,John Heinz NWR--impoundment (Philadelphia Co.),2026-06-07 11:33:00,1.0,39.8893501,-75.2601457,True,False,False,S355933704,
acafly,Acadian Flycatcher,Empidonax virescens,L504403,John Heinz NWR--impoundment (Philadelphia Co.),2026-06-07 11:33:00,1.0,39.8893501,-75.2601457,True,False,False,S355933704,
wilfly,Willow Flycatcher,Empidonax traillii,L504403,John Heinz NWR--impoundment (Philadelphia Co.),2026-06-07 11:33:00,1.0,39.8893501,-75.2601457,True,False,False,S355933704,
grcfly,Great Crested Flycatcher,Myiarchus crinitus,L504403,John Heinz NWR--impoundment (Philadelphia Co.),2026-06-07 11:33:00,2.0,39.8893501,-75.2601457,True,False,False,S355933704,
easkin,Eastern Kingbird,Tyrannus tyrannus,L504403,John Heinz NWR--impoundment (Philadelphia Co.),2026-06-07 11:33:00,1.0,39.8893501,-75.2601457,True,False,False,S355933704,
eawvir1,Eastern Warbling Vireo,Vireo gilvus,L504403,John Heinz NWR--impoundment (Philadelphia Co.),2026-06-07 11:33:00,1.0,39.8893501,-75.2601457,True,False,False,S355933704,
reevir1,Red-eyed Vireo,Vireo olivaceus,L504403,John Heinz NWR--impoundment (Philadelphia Co.),2026-06-07 11:33:00,4.0,39.8893501,-75.2601457,True,False,False,S355933704,
amecro,American Crow,Corvus brachyrhynchos,L504403,John Heinz NWR--impoundment (Philadelphia Co.),2026-06-07 11:33:00,1.0,39.8893501,-75.2601457,True,False,False,S355933704,
tuftit,Tufted Titmouse,Baeolophus bicolor,L504403,John Heinz NWR--impoundment (Philadelphia Co.),2026-06-07 11:33:00,2.0,39.8893501,-75.2601457,True,False,False,S355933704,
treswa,Tree Swallow,Tachycineta bicolor,L504403,John Heinz NWR--impoundment (Philadelphia Co.),2026-06-07 11:33:00,42.0,39.8893501,-75.2601457,True,False,False,S355933704,
purmar,Purple Martin,Progne subis,L504403,John Heinz NWR--impoundment (Philadelphia Co.),2026-06-07 11:33:00,1.0,39.8893501,-75.2601457,True,False,False,S355933704,
nrwswa,Northern Rough-winged Swallow,Stelgidopteryx serripennis,L504403,John Heinz NWR--impoundment (Philadelphia Co.),2026-06-07 11:33:00,2.0,39.8893501,-75.2601457,True,False,False,S355933704,
barswa,Barn Swallow,Hirundo rustica,L504403,John Heinz NWR--impoundment (Philadelphia Co.),2026-06-07 11:33:00,32.0,39.8893501,-75.2601457,True,False,False,S355933704,
buggna,Blue-gray Gnatcatcher,Polioptila caerulea,L504403,John Heinz NWR--impoundment (Philadelphia Co.),2026-06-07 11:33:00,2.0,39.8893501,-75.2601457,True,False,False,S355933704,
houwre,Northern House Wren,Troglodytes aedon,L504403,John Heinz NWR--impoundment (Philadelphia Co.),2026-06-07 11:33:00,3.0,39.8893501,-75.2601457,True,False,False,S355933704,
marwre,Marsh Wren,Cistothorus palustris,L504403,John Heinz NWR--impoundment (Philadelphia Co.),2026-06-07 11:33:00,5.0,39.8893501,-75.2601457,True,False,False,S355933704,
carwre,Carolina Wren,Thryothorus ludovicianus,L504403,John Heinz NWR--impoundment (Philadelphia Co.),2026-06-07 11:33:00,1.0,39.8893501,-75.2601457,True,False,False,S355933704,
grycat,Gray Catbird,Dumetella carolinensis,L504403,John Heinz NWR--impoundment (Philadelphia Co.),2026-06-07 11:33:00,97.0,39.8893501,-75.2601457,True,True,False,S355933704,
woothr,Wood Thrush,Hylocichla mustelina,L504403,John Heinz NWR--impoundment (Philadelphia Co.),2026-06-07 11:33:00,3.0,39.8893501,-75.2601457,True,False,False,S355933704,
amerob,American Robin,Turdus migratorius,L504403,John Heinz NWR--impoundment (Philadelphia Co.),2026-06-07 11:33:00,39.0,39.8893501,-75.2601457,True,False,False,S355933704,
cedwax,Cedar Waxwing,Bombycilla cedrorum,L504403,John Heinz NWR--impoundment (Philadelphia Co.),2026-06-07 11:33:00,21.0,39.8893501,-75.2601457,True,False,False,S355933704,
houspa,House Sparrow,Passer domesticus,L504403,John Heinz NWR--impoundment (Philadelphia Co.),2026-06-07 11:33:00,1.0,39.8893501,-75.2601457,True,False,False,S355933704,N
houfin,House Finch,Haemorhous mexicanus,L504403,John Heinz NWR--impoundment (Philadelphia Co.),2026-06-07 11:33:00,1.0,39.8893501,-75.2601457,True,False,False,S355933704,N
amegfi,American Goldfinch,Spinus tristis,L504403,John Heinz NWR--impoundment (Philadelphia Co.),2026-06-07 11:33:00,10.0,39.8893501,-75.2601457,True,False,False,S355933704,
sonspa,Song Sparrow,Melospiza melodia,L504403,John Heinz NWR--impoundment (Philadelphia Co.),2026-06-07 11:33:00,3.0,39.8893501,-75.2601457,True,False,False,S355933704,
orcori,Orchard Oriole,Icterus spurius,L504403,John Heinz NWR--impoundment (Philadelphia Co.),2026-06-07 11:33:00,1.0,39.8893501,-75.2601457,True,False,False,S355933704,
balori,Baltimore Oriole,Icterus galbula,L504403,John Heinz NWR--impoundment (Philadelphia Co.),2026-06-07 11:33:00,3.0,39.8893501,-75.2601457,True,False,False,S355933704,
rewbla,Red-winged Blackbird,Agelaius phoeniceus,L504403,John Heinz NWR--impoundment (Philadelphia Co.),2026-06-07 11:33:00,49.0,39.8893501,-75.2601457,True,False,False,S355933704,
bnhcow,Brown-headed Cowbird,Molothrus ater,L504403,John Heinz NWR--impoundment (Philadelphia Co.),2026-06-07 11:33:00,3.0,39.8893501,-75.2601457,True,False,False,S355933704,
comgra,Common Grackle,Quiscalus quiscula,L504403,John Heinz NWR--impoundment (Philadelphia Co.),2026-06-07 11:33:00,10.0,39.8893501,-75.2601457,True,False,False,S355933704,
bawwar,Black-and-white Warbler,Mniotilta varia,L504403,John Heinz NWR--impoundment (Philadelphia Co.),2026-06-07 11:33:00,1.0,39.8893501,-75.2601457,True,True,False,S355933704,
comyel,Common Yellowthroat,Geothlypis trichas,L504403,John Heinz NWR--impoundment (Philadelphia Co.),2026-06-07 11:33:00,4.0,39.8893501,-75.2601457,True,False,False,S355933704,
amered,American Redstart,Setophaga ruticilla,L504403,John Heinz NWR--impoundment (Philadelphia Co.),2026-06-07 11:33:00,4.0,39.8893501,-75.2601457,True,True,False,S355933704,
yelwar1,Northern Yellow Warbler,Setophaga aestiva,L504403,John Heinz NWR--impoundment (Philadelphia Co.),2026-06-07 11:33:00,14.0,39.8893501,-75.2601457,True,False,False,S355933704,
norcar,Northern Cardinal,Cardinalis cardinalis,L504403,John Heinz NWR--impoundment (Philadelphia Co.),2026-06-07 11:33:00,5.0,39.8893501,-75.2601457,True,False,False,S355933704,
norfli,Northern Flicker,Colaptes auratus,L504403,John Heinz NWR--impoundment (Philadelphia Co.),2026-06-07 09:55:00,2.0,39.8893501,-75.2601457,True,False,False,S354068267,
carchi,Carolina Chickadee,Poecile carolinensis,L504403,John Heinz NWR--impoundment (Philadelphia Co.),2026-06-07 09:21:00,1.0,39.8893501,-75.2601457,True,False,False,S354070821,
reshaw,Red-shouldered Hawk,Buteo lineatus,L504403,John Heinz NWR--impoundment (Philadelphia Co.),2026-06-07 08:05:00,1.0,39.8893501,-75.2601457,True,False,False,S354189676,
dowwoo,Downy Woodpecker,Dryobates pubescens,L504403,John Heinz NWR--impoundment (Philadelphia Co.),2026-06-07 08:05:00,2.0,39.8893501,-75.2601457,True,False,False,S354189676,
blujay,Blue Jay,Cyanocitta cristata,L504403,John Heinz NWR--impoundment (Philadelphia Co.),2026-06-07 08:05:00,1.0,39.8893501,-75.2601457,True,False,False,S354189676,
fiscro,Fish Crow,Corvus ossifragus,L504403,John Heinz NWR--impoundment (Philadelphia Co.),2026-06-07 08:05:00,1.0,39.8893501,-75.2601457,True,False,False,S354189676,
comrav,Common Raven,Corvus corax,L504403,John Heinz NWR--impoundment (Philadelphia Co.),2026-06-07 08:05:00,1.0,39.8893501,-75.2601457,True,False,False,S354189676,
eursta,European Starling,Sturnus vulgaris,L504403,John Heinz NWR--impoundment (Philadelphia Co.),2026-06-07 08:05:00,5.0,39.8893501,-75.2601457,True,False,False,S354189676,N
indbun,Indigo Bunting,Passerina cyanea,L504403,John Heinz NWR--impoundment (Philadelphia Co.),2026-06-07 08:05:00,4.0,39.8893501,-75.2601457,True,False,False,S354189676,
ribgul,Ring-billed Gull,Larus delawarensis,L504403,John Heinz NWR--impoundment (Philadelphia Co.),2026-06-07 06:52:00,1.0,39.8893501,-75.2601457,True,False,False,S354183351,
chispa,Chipping Sparrow,Spizella passerina,L504403,John Heinz NWR--impoundment (Philadelphia Co.),2026-06-07 06:52:00,1.0,39.8893501,-75.2601457,True,False,False,S354183351,
grcfly,Great Crested Flycatcher,Myiarchus crinitus,L504403,John Heinz NWR--impoundment (Philadelphia Co.),2026-06-08 17:19:00,1.0,39.8893501,-75.2601457,True,False,False,S354722719,
blujay,Blue Jay,Cyanocitta cristata,L504403,John Heinz NWR--impoundment (Philadelphia Co.),2026-06-08 17:19:00,1.0,39.8893501,-75.2601457,True,False,False,S354722719,
amecro,American Crow,Corvus brachyrhynchos,L504403,John Heinz NWR--impoundment (Philadelphia Co.),2026-06-08 17:19:00,1.0,39.8893501,-75.2601457,True,False,False,S354722719,
comrav,Common Raven,Corvus corax,L504403,John Heinz NWR--impoundment (Philadelphia Co.),2026-06-08 17:19:00,1.0,39.8893501,-75.2601457,True,False,False,S354722719,
treswa,Tree Swallow,Tachycineta bicolor,L504403,John Heinz NWR--impoundment (Philadelphia Co.),2026-06-08 17:19:00,2.0,39.8893501,-75.2601457,True,False,False,S354722719,
barswa,Barn Swallow,Hirundo rustica,L504403,John Heinz NWR--impoundment (Philadelphia Co.),2026-06-08 17:19:00,3.0,39.8893501,-75.2601457,True,False,False,S354722719,
carwre,Carolina Wren,Thryothorus ludovicianus,L504403,John Heinz NWR--impoundment (Philadelphia Co.),2026-06-08 17:19:00,1.0,39.8893501,-75.2601457,True,False,False,S354722719,
grycat,Gray Catbird,Dumetella carolinensis,L504403,John Heinz NWR--impoundment (Philadelphia Co.),2026-06-08 17:19:00,2.0,39.8893501,-75.2601457,True,False,False,S354722719,
amerob,American Robin,Turdus migratorius,L504403,John Heinz NWR--impoundment (Philadelphia Co.),2026-06-08 17:19:00,3.0,39.8893501,-75.2601457,True,False,False,S354722719,
amegfi,American Goldfinch,Spinus tristis,L504403,John Heinz NWR--impoundment (Philadelphia Co.),2026-06-08 17:19:00,3.0,39.8893501,-75.2601457,True,False,False,S354722719,
rewbla,Red-winged Blackbird,Agelaius phoeniceus,L504403,John Heinz NWR--impoundment (Philadelphia Co.),2026-06-08 17:19:00,5.0,39.8893501,-75.2601457,True,False,False,S354722719,
comgra,Common Grackle,Quiscalus quiscula,L504403,John Heinz NWR--impoundment (Philadelphia Co.),2026-06-08 17:19:00,1.0,39.8893501,-75.2601457,True,False,False,S354722719,
norcar,Northern Cardinal,Cardinalis cardinalis,L504403,John Heinz NWR--impoundment (Philadelphia Co.),2026-06-08 17:19:00,2.0,39.8893501,-75.2601457,True,False,False,S354722719,
indbun,Indigo Bunting,Passerina cyanea,L504403,John Heinz NWR--impoundment (Philadelphia Co.),2026-06-08 17:19:00,1.0,39.8893501,-75.2601457,True,False,False,S354722719,
cangoo,Canada Goose,Branta canadensis,L504403,John Heinz NWR--impoundment (Philadelphia Co.),2026-06-08 13:47:00,8.0,39.8893501,-75.2601457,True,False,False,S354631768,
reevir1,Red-eyed Vireo,Vireo olivaceus,L504403,John Heinz NWR--impoundment (Philadelphia Co.),2026-06-08 13:47:00,1.0,39.8893501,-75.2601457,True,False,False,S354631768,
marwre,Marsh Wren,Cistothorus palustris,L504403,John Heinz NWR--impoundment (Philadelphia Co.),2026-06-08 13:47:00,1.0,39.8893501,-75.2601457,True,False,False,S354631768,
comyel,Common Yellowthroat,Geothlypis trichas,L504403,John Heinz NWR--impoundment (Philadelphia Co.),2026-06-08 13:47:00,1.0,39.8893501,-75.2601457,True,False,False,S354631768,
wooduc,Wood Duck,Aix sponsa,L504403,John Heinz NWR--impoundment (Philadelphia Co.),2026-06-08 10:43:00,1.0,39.8893501,-75.2601457,True,False,False,S354644675,
mallar3,Mallard,Anas platyrhynchos,L504403,John Heinz NWR--impoundment (Philadelphia Co.),2026-06-08 10:43:00,4.0,39.8893501,-75.2601457,True,False,False,S354644675,
killde,Killdeer,Charadrius vociferus,L504403,John Heinz NWR--impoundment (Philadelphia Co.),2026-06-08 10:43:00,2.0,39.8893501,-75.2601457,True,False,False,S354644675,
grnher,Green Heron,Butorides virescens,L504403,John Heinz NWR--impoundment (Philadelphia Co.),2026-06-08 10:43:00,2.0,39.8893501,-75.2601457,True,False,False,S354644675,
grbher3,Great Blue Heron,Ardea herodias,L504403,John Heinz NWR--impoundment (Philadelphia Co.),2026-06-08 10:43:00,1.0,39.8893501,-75.2601457,True,False,False,S354644675,
turvul,Turkey Vulture,Cathartes aura,L504403,John Heinz NWR--impoundment (Philadelphia Co.),2026-06-08 10:43:00,2.0,39.8893501,-75.2601457,True,False,False,S354644675,
eawvir1,Eastern Warbling Vireo,Vireo gilvus,L504403,John Heinz NWR--impoundment (Philadelphia Co.),2026-06-08 10:43:00,3.0,39.8893501,-75.2601457,True,False,False,S354644675,
buggna,Blue-gray Gnatcatcher,Polioptila caerulea,L504403,John Heinz NWR--impoundment (Philadelphia Co.),2026-06-08 10:43:00,1.0,39.8893501,-75.2601457,True,False,False,S354644675,
houwre,Northern House Wren,Troglodytes aedon,L504403,John Heinz NWR--impoundment (Philadelphia Co.),2026-06-08 10:43:00,1.0,39.8893501,-75.2601457,True,False,False,S354644675,
woothr,Wood Thrush,Hylocichla mustelina,L504403,John Heinz NWR--impoundment (Philadelphia Co.),2026-06-08 10:43:00,1.0,39.8893501,-75.2601457,True,False,False,S354644675,
sonspa,Song Sparrow,Melospiza melodia,L504403,John Heinz NWR--impoundment (Philadelphia Co.),2026-06-08 10:43:00,2.0,39.8893501,-75.2601457,True,False,False,S354644675,
balori,Baltimore Oriole,Icterus galbula,L504403,John Heinz NWR--impoundment (Philadelphia Co.),2026-06-08 10:43:00,2.0,39.8893501,-75.2601457,True,False,False,S354644675,
amered,American Redstart,Setophaga ruticilla,L504403,John Heinz NWR--impoundment (Philadelphia Co.),2026-06-08 10:43:00,1.0,39.8893501,-75.2601457,True,False,False,S354644675,
yelwar1,Northern Yellow Warbler,Setophaga aestiva,L504403,John Heinz NWR--impoundment (Philadelphia Co.),2026-06-08 10:43:00,6.0,39.8893501,-75.2601457,True,False,False,S354644675,
moudov,Mourning Dove,Zenaida macroura,L504403,John Heinz NWR--impoundment (Philadelphia Co.),2026-06-09 18:06:00,1.0,39.8893501,-75.2601457,True,False,False,S355183767,
rebwoo,Red-bellied Woodpecker,Melanerpes carolinus,L504403,John Heinz NWR--impoundment (Philadelphia Co.),2026-06-09 18:06:00,1.0,39.8893501,-75.2601457,True,False,False,S355183767,
dowwoo,Downy Woodpecker,Dryobates pubescens,L504403,John Heinz NWR--impoundment (Philadelphia Co.),2026-06-09 18:06:00,1.0,39.8893501,-75.2601457,True,False,False,S355183767,
reevir1,Red-eyed Vireo,Vireo olivaceus,L504403,John Heinz NWR--impoundment (Philadelphia Co.),2026-06-09 18:06:00,2.0,39.8893501,-75.2601457,True,False,False,S355183767,
amecro,American Crow,Corvus brachyrhynchos,L504403,John Heinz NWR--impoundment (Philadelphia Co.),2026-06-09 18:06:00,1.0,39.8893501,-75.2601457,True,False,False,S355183767,
barswa,Barn Swallow,Hirundo rustica,L504403,John Heinz NWR--impoundment (Philadelphia Co.),2026-06-09 18:06:00,11.0,39.8893501,-75.2601457,True,False,False,S355183767,
houwre,Northern House Wren,Troglodytes aedon,L504403,John Heinz NWR--impoundment (Philadelphia Co.),2026-06-09 18:06:00,1.0,39.8893501,-75.2601457,True,False,False,S355183767,
grycat,Gray Catbird,Dumetella carolinensis,L504403,John Heinz NWR--impoundment (Philadelphia Co.),2026-06-09 18:06:00,27.0,39.8893501,-75.2601457,True,False,False,S355183767,
woothr,Wood Thrush,Hylocichla mustelina,L504403,John Heinz NWR--impoundment (Philadelphia Co.),2026-06-09 18:06:00,1.0,39.8893501,-75.2601457,True,False,False,S355183767,
amerob,American Robin,Turdus migratorius,L504403,John Heinz NWR--impoundment (Philadelphia Co.),2026-06-09 18:06:00,1.0,39.8893501,-75.2601457,True,False,False,S355183767,
cedwax,Cedar Waxwing,Bombycilla cedrorum,L504403,John Heinz NWR--impoundment (Philadelphia Co.),2026-06-09 18:06:00,1.0,39.8893501,-75.2601457,True,False,False,S355183767,
balori,Baltimore Oriole,Icterus galbula,L504403,John Heinz NWR--impoundment (Philadelphia Co.),2026-06-09 18:06:00,1.0,39.8893501,-75.2601457,True,False,False,S355183767,
rewbla,Red-winged Blackbird,Agelaius phoeniceus,L504403,John Heinz NWR--impoundment (Philadelphia Co.),2026-06-09 18:06:00,2.0,39.8893501,-75.2601457,True,False,False,S355183767,
yelwar1,Northern Yellow Warbler,Setophaga aestiva,L504403,John Heinz NWR--impoundment (Philadelphia Co.),2026-06-09 18:06:00,1.0,39.8893501,-75.2601457,True,False,False,S355183767,
pinwar,Pine Warbler,Setophaga pinus,L504403,John Heinz NWR--impoundment (Philadelphia Co.),2026-06-09 18:06:00,1.0,39.8893501,-75.2601457,True,False,False,S355183767,
norcar,Northern Cardinal,Cardinalis cardinalis,L504403,John Heinz NWR--impoundment (Philadelphia Co.),2026-06-09 18:06:00,1.0,39.8893501,-75.2601457,True,False,False,S355183767,
cangoo,Canada Goose,Branta canadensis,L504403,John Heinz NWR--impoundment (Philadelphia Co.),2026-06-09 15:15:00,18.0,39.8893501,-75.2601457,True,False,False,S355110033,
rethaw,Red-tailed Hawk,Buteo jamaicensis,L504403,John Heinz NWR--impoundment (Philadelphia Co.),2026-06-09 15:15:00,1.0,39.8893501,-75.2601457,True,False,False,S355110033,
acafly,Acadian Flycatcher,Empidonax virescens,L504403,John Heinz NWR--impoundment (Philadelphia Co.),2026-06-09 15:15:00,1.0,39.8893501,-75.2601457,True,False,False,S355110033,
eawvir1,Eastern Warbling Vireo,Vireo gilvus,L504403,John Heinz NWR--impoundment (Philadelphia Co.),2026-06-09 15:15:00,1.0,39.8893501,-75.2601457,True,False,False,S355110033,
blujay,Blue Jay,Cyanocitta cristata,L504403,John Heinz NWR--impoundment (Philadelphia Co.),2026-06-09 15:15:00,1.0,39.8893501,-75.2601457,True,False,False,S355110033,
carwre,Carolina Wren,Thryothorus ludovicianus,L504403,John Heinz NWR--impoundment (Philadelphia Co.),2026-06-09 15:15:00,1.0,39.8893501,-75.2601457,True,False,False,S355110033,
normoc,Northern Mockingbird,Mimus polyglottos,L504403,John Heinz NWR--impoundment (Philadelphia Co.),2026-06-09 15:15:00,1.0,39.8893501,-75.2601457,True,False,False,S355110033,
houfin,House Finch,Haemorhous mexicanus,L504403,John Heinz NWR--impoundment (Philadelphia Co.),2026-06-09 15:15:00,1.0,39.8893501,-75.2601457,True,False,False,S355110033,N
amegfi,American Goldfinch,Spinus tristis,L504403,John Heinz NWR--impoundment (Philadelphia Co.),2026-06-09 15:15:00,1.0,39.8893501,-75.2601457,True,False,False,S355110033,
sonspa,Song Sparrow,Melospiza melodia,L504403,John Heinz NWR--impoundment (Philadelphia Co.),2026-06-09 15:15:00,3.0,39.8893501,-75.2601457,True,False,False,S355110033,
bnhcow,Brown-headed Cowbird,Molothrus ater,L504403,John Heinz NWR--impoundment (Philadelphia Co.),2026-06-09 15:15:00,1.0,39.8893501,-75.2601457,True,False,False,S355110033,
comgra,Common Grackle,Quiscalus quiscula,L504403,John Heinz NWR--impoundment (Philadelphia Co.),2026-06-09 15:15:00,1.0,39.8893501,-75.2601457,True,False,False,S355110033,
comyel,Common Yellowthroat,Geothlypis trichas,L504403,John Heinz NWR--impoundment (Philadelphia Co.),2026-06-09 15:15:00,1.0,39.8893501,-75.2601457,True,False,False,S355110033,
indbun,Indigo Bunting,Passerina cyanea,L504403,John Heinz NWR--impoundment (Philadelphia Co.),2026-06-09 15:15:00,1.0,39.8893501,-75.2601457,True,False,False,S355110033,
wooduc,Wood Duck,Aix sponsa,L504403,John Heinz NWR--impoundment (Philadelphia Co.),2026-06-09 06:32:00,1.0,39.8893501,-75.2601457,True,False,False,S355019719,
chiswi,Chimney Swift,Chaetura pelagica,L504403,John Heinz NWR--impoundment (Philadelphia Co.),2026-06-09 06:32:00,,39.8893501,-75.2601457,True,False,False,S355019719,
rthhum,Ruby-throated Hummingbird,Archilochus colubris,L504403,John Heinz NWR--impoundment (Philadelphia Co.),2026-06-09 06:32:00,1.0,39.8893501,-75.2601457,True,False,False,S355019719,
grcfly,Great Crested Flycatcher,Myiarchus crinitus,L504403,John Heinz NWR--impoundment (Philadelphia Co.),2026-06-09 06:32:00,3.0,39.8893501,-75.2601457,True,False,False,S355019719,
tuftit,Tufted Titmouse,Baeolophus bicolor,L504403,John Heinz NWR--impoundment (Philadelphia Co.),2026-06-09 06:32:00,1.0,39.8893501,-75.2601457,True,False,False,S355019719,
treswa,Tree Swallow,Tachycineta bicolor,L504403,John Heinz NWR--impoundment (Philadelphia Co.),2026-06-09 06:32:00,,39.8893501,-75.2601457,True,False,False,S355019719,
buggna,Blue-gray Gnatcatcher,Polioptila caerulea,L504403,John Heinz NWR--impoundment (Philadelphia Co.),2026-06-09 06:32:00,1.0,39.8893501,-75.2601457,True,False,False,S355019719,
amered,American Redstart,Setophaga ruticilla,L504403,John Heinz NWR--impoundment (Philadelphia Co.),2026-06-09 06:32:00,2.0,39.8893501,-75.2601457,True,False,False,S355019719,
moudov,Mourning Dove,Zenaida macroura,L504403,John Heinz NWR--impoundment (Philadelphia Co.),2026-06-11 08:28:00,1.0,39.8893501,-75.2601457,True,False,False,S355934565,
chiswi,Chimney Swift,Chaetura pelagica,L504403,John Heinz NWR--impoundment (Philadelphia Co.),2026-06-11 08:28:00,2.0,39.8893501,-75.2601457,True,False,False,S355934565,
killde,Killdeer,Charadrius vociferus,L504403,John Heinz NWR--impoundment (Philadelphia Co.),2026-06-11 08:28:00,2.0,39.8893501,-75.2601457,True,False,False,S355934565,
osprey,Osprey,Pandion haliaetus,L504403,John Heinz NWR--impoundment (Philadelphia Co.),2026-06-11 08:28:00,1.0,39.8893501,-75.2601457,True,False,False,S355934565,
rebwoo,Red-bellied Woodpecker,Melanerpes carolinus,L504403,John Heinz NWR--impoundment (Philadelphia Co.),2026-06-11 08:28:00,2.0,39.8893501,-75.2601457,True,False,False,S355934565,
dowwoo,Downy Woodpecker,Dryobates pubescens,L504403,John Heinz NWR--impoundment (Philadelphia Co.),2026-06-11 08:28:00,1.0,39.8893501,-75.2601457,True,False,False,S355934565,
norfli,Northern Flicker,Colaptes auratus,L504403,John Heinz NWR--impoundment (Philadelphia Co.),2026-06-11 08:28:00,2.0,39.8893501,-75.2601457,True,False,False,S355934565,
acafly,Acadian Flycatcher,Empidonax virescens,L504403,John Heinz NWR--impoundment (Philadelphia Co.),2026-06-11 08:28:00,2.0,39.8893501,-75.2601457,True,False,False,S355934565,
grcfly,Great Crested Flycatcher,Myiarchus crinitus,L504403,John Heinz NWR--impoundment (Philadelphia Co.),2026-06-11 08:28:00,2.0,39.8893501,-75.2601457,True,False,False,S355934565,
eawvir1,Eastern Warbling Vireo,Vireo gilvus,L504403,John Heinz NWR--impoundment (Philadelphia Co.),2026-06-11 08:28:00,2.0,39.8893501,-75.2601457,True,False,False,S355934565,
reevir1,Red-eyed Vireo,Vireo olivaceus,L504403,John Heinz NWR--impoundment (Philadelphia Co.),2026-06-11 08:28:00,2.0,39.8893501,-75.2601457,True,False,False,S355934565,
amecro,American Crow,Corvus brachyrhynchos,L504403,John Heinz NWR--impoundment (Philadelphia Co.),2026-06-11 08:28:00,1.0,39.8893501,-75.2601457,True,False,False,S355934565,
comrav,Common Raven,Corvus corax,L504403,John Heinz NWR--impoundment (Philadelphia Co.),2026-06-11 08:28:00,1.0,39.8893501,-75.2601457,True,False,False,S355934565,
tuftit,Tufted Titmouse,Baeolophus bicolor,L504403,John Heinz NWR--impoundment (Philadelphia Co.),2026-06-11 08:28:00,1.0,39.8893501,-75.2601457,True,False,False,S355934565,
treswa,Tree Swallow,Tachycineta bicolor,L504403,John Heinz NWR--impoundment (Philadelphia Co.),2026-06-11 08:28:00,10.0,39.8893501,-75.2601457,True,False,False,S355934565,
barswa,Barn Swallow,Hirundo rustica,L504403,John Heinz NWR--impoundment (Philadelphia Co.),2026-06-11 08:28:00,20.0,39.8893501,-75.2601457,True,False,False,S355934565,
carwre,Carolina Wren,Thryothorus ludovicianus,L504403,John Heinz NWR--impoundment (Philadelphia Co.),2026-06-11 08:28:00,2.0,39.8893501,-75.2601457,True,False,False,S355934565,
grycat,Gray Catbird,Dumetella carolinensis,L504403,John Heinz NWR--impoundment (Philadelphia Co.),2026-06-11 08:28:00,20.0,39.8893501,-75.2601457,True,False,False,S355934565,
woothr,Wood Thrush,Hylocichla mustelina,L504403,John Heinz NWR--impoundment (Philadelphia Co.),2026-06-11 08:28:00,3.0,39.8893501,-75.2601457,True,False,False,S355934565,
amerob,American Robin,Turdus migratorius,L504403,John Heinz NWR--impoundment (Philadelphia Co.),2026-06-11 08:28:00,5.0,39.8893501,-75.2601457,True,False,False,S355934565,
amegfi,American Goldfinch,Spinus tristis,L504403,John Heinz NWR--impoundment (Philadelphia Co.),2026-06-11 08:28:00,1.0,39.8893501,-75.2601457,True,False,False,S355934565,
sonspa,Song Sparrow,Melospiza melodia,L504403,John Heinz NWR--impoundment (Philadelphia Co.),2026-06-11 08:28:00,2.0,39.8893501,-75.2601457,True,False,False,S355934565,
orcori,Orchard Oriole,Icterus spurius,L504403,John Heinz NWR--impoundment (Philadelphia Co.),2026-06-11 08:28:00,1.0,39.8893501,-75.2601457,True,False,False,S355934565,
balori,Baltimore Oriole,Icterus galbula,L504403,John Heinz NWR--impoundment (Philadelphia Co.),2026-06-11 08:28:00,1.0,39.8893501,-75.2601457,True,False,False,S355934565,
rewbla,Red-winged Blackbird,Agelaius phoeniceus,L504403,John Heinz NWR--impoundment (Philadelphia Co.),2026-06-11 08:28:00,10.0,39.8893501,-75.2601457,True,False,False,S355934565,
bnhcow,Brown-headed Cowbird,Molothrus ater,L504403,John Heinz NWR--impoundment (Philadelphia Co.),2026-06-11 08:28:00,2.0,39.8893501,-75.2601457,True,False,False,S355934565,
comyel,Common Yellowthroat,Geothlypis trichas,L504403,John Heinz NWR--impoundment (Philadelphia Co.),2026-06-11 08:28:00,2.0,39.8893501,-75.2601457,True,False,False,S355934565,
yelwar1,Northern Yellow Warbler,Setophaga aestiva,L504403,John Heinz NWR--impoundment (Philadelphia Co.),2026-06-11 08:28:00,7.0,39.8893501,-75.2601457,True,False,False,S355934565,
norcar,Northern Cardinal,Cardinalis cardinalis,L504403,John Heinz NWR--impoundment (Philadelphia Co.),2026-06-11 08:28:00,2.0,39.8893501,-75.2601457,True,False,False,S355934565,
indbun,Indigo Bunting,Passerina cyanea,L504403,John Heinz NWR--impoundment (Philadelphia Co.),2026-06-11 08:28:00,2.0,39.8893501,-75.2601457,True,False,False,S355934565,
cangoo,Canada Goose,Branta canadensis,L504403,John Heinz NWR--impoundment (Philadelphia Co.),2026-06-11 07:56:00,2.0,39.8893501,-75.2601457,True,False,False,S355797470,
ribgul,Ring-billed Gull,Larus delawarensis,L504403,John Heinz NWR--impoundment (Philadelphia Co.),2026-06-11 07:56:00,2.0,39.8893501,-75.2601457,True,False,False,S355797470,
doccor,Double-crested Cormorant,Nannopterum auritum,L504403,John Heinz NWR--impoundment (Philadelphia Co.),2026-06-11 07:56:00,12.0,39.8893501,-75.2601457,True,False,False,S355797470,
coohaw,Cooper's Hawk,Astur cooperii,L504403,John Heinz NWR--impoundment (Philadelphia Co.),2026-06-11 07:56:00,1.0,39.8893501,-75.2601457,True,False,False,S355797470,
blujay,Blue Jay,Cyanocitta cristata,L504403,John Heinz NWR--impoundment (Philadelphia Co.),2026-06-11 07:56:00,1.0,39.8893501,-75.2601457,True,False,False,S355797470,
houwre,Northern House Wren,Troglodytes aedon,L504403,John Heinz NWR--impoundment (Philadelphia Co.),2026-06-11 07:56:00,2.0,39.8893501,-75.2601457,True,False,False,S355797470,
cedwax,Cedar Waxwing,Bombycilla cedrorum,L504403,John Heinz NWR--impoundment (Philadelphia Co.),2026-06-11 07:56:00,1.0,39.8893501,-75.2601457,True,False,False,S355797470,
houfin,House Finch,Haemorhous mexicanus,L504403,John Heinz NWR--impoundment (Philadelphia Co.),2026-06-11 07:56:00,1.0,39.8893501,-75.2601457,True,False,False,S355797470,N
cangoo,Canada Goose,Branta canadensis,L504403,John Heinz NWR--impoundment (Philadelphia Co.),2026-06-13 13:40:00,6.0,39.8893501,-75.2601457,True,False,False,S356831546,
killde,Killdeer,Charadrius vociferus,L504403,John Heinz NWR--impoundment (Philadelphia Co.),2026-06-13 13:40:00,1.0,39.8893501,-75.2601457,True,False,False,S356831546,
dowwoo,Downy Woodpecker,Dryobates pubescens,L504403,John Heinz NWR--impoundment (Philadelphia Co.),2026-06-13 13:40:00,1.0,39.8893501,-75.2601457,True,False,False,S356831546,
acafly,Acadian Flycatcher,Empidonax virescens,L504403,John Heinz NWR--impoundment (Philadelphia Co.),2026-06-13 13:40:00,1.0,39.8893501,-75.2601457,True,False,False,S356831546,
grcfly,Great Crested Flycatcher,Myiarchus crinitus,L504403,John Heinz NWR--impoundment (Philadelphia Co.),2026-06-13 13:40:00,1.0,39.8893501,-75.2601457,True,False,False,S356831546,
reevir1,Red-eyed Vireo,Vireo olivaceus,L504403,John Heinz NWR--impoundment (Philadelphia Co.),2026-06-13 13:40:00,1.0,39.8893501,-75.2601457,True,False,False,S356831546,
blujay,Blue Jay,Cyanocitta cristata,L504403,John Heinz NWR--impoundment (Philadelphia Co.),2026-06-13 13:40:00,2.0,39.8893501,-75.2601457,True,False,False,S356831546,
amecro,American Crow,Corvus brachyrhynchos,L504403,John Heinz NWR--impoundment (Philadelphia Co.),2026-06-13 13:40:00,1.0,39.8893501,-75.2601457,True,False,False,S356831546,
carchi,Carolina Chickadee,Poecile carolinensis,L504403,John Heinz NWR--impoundment (Philadelphia Co.),2026-06-13 13:40:00,1.0,39.8893501,-75.2601457,True,False,False,S356831546,
houwre,Northern House Wren,Troglodytes aedon,L504403,John Heinz NWR--impoundment (Philadelphia Co.),2026-06-13 13:40:00,2.0,39.8893501,-75.2601457,True,False,False,S356831546,
grycat,Gray Catbird,Dumetella carolinensis,L504403,John Heinz NWR--impoundment (Philadelphia Co.),2026-06-13 13:40:00,10.0,39.8893501,-75.2601457,True,False,False,S356831546,
amerob,American Robin,Turdus migratorius,L504403,John Heinz NWR--impoundment (Philadelphia Co.),2026-06-13 13:40:00,3.0,39.8893501,-75.2601457,True,False,False,S356831546,
rewbla,Red-winged Blackbird,Agelaius phoeniceus,L504403,John Heinz NWR--impoundment (Philadelphia Co.),2026-06-13 13:40:00,5.0,39.8893501,-75.2601457,True,False,False,S356831546,
comyel,Common Yellowthroat,Geothlypis trichas,L504403,John Heinz NWR--impoundment (Philadelphia Co.),2026-06-13 13:40:00,1.0,39.8893501,-75.2601457,True,False,False,S356831546,
yelwar1,Northern Yellow Warbler,Setophaga aestiva,L504403,John Heinz NWR--impoundment (Philadelphia Co.),2026-06-13 13:40:00,2.0,39.8893501,-75.2601457,True,False,False,S356831546,
norcar,Northern Cardinal,Cardinalis cardinalis,L504403,John Heinz NWR--impoundment (Philadelphia Co.),2026-06-13 13:40:00,1.0,39.8893501,-75.2601457,True,False,False,S356831546,
reshaw,Red-shouldered Hawk,Buteo lineatus,L504403,John Heinz NWR--impoundment (Philadelphia Co.),2026-06-13 10:14:00,1.0,39.8893501,-75.2601457,True,False,False,S356730232,
rebwoo,Red-bellied Woodpecker,Melanerpes carolinus,L504403,John Heinz NWR--impoundment (Philadelphia Co.),2026-06-13 10:14:00,2.0,39.8893501,-75.2601457,True,False,False,S356730232,
norfli,Northern Flicker,Colaptes auratus,L504403,John Heinz NWR--impoundment (Philadelphia Co.),2026-06-13 10:14:00,2.0,39.8893501,-75.2601457,True,False,False,S356730232,
eawpew,Eastern Wood-Pewee,Contopus virens,L504403,John Heinz NWR--impoundment (Philadelphia Co.),2026-06-13 10:14:00,1.0,39.8893501,-75.2601457,True,False,False,S356730232,
eawvir1,Eastern Warbling Vireo,Vireo gilvus,L504403,John Heinz NWR--impoundment (Philadelphia Co.),2026-06-13 10:14:00,1.0,39.8893501,-75.2601457,True,False,False,S356730232,
tuftit,Tufted Titmouse,Baeolophus bicolor,L504403,John Heinz NWR--impoundment (Philadelphia Co.),2026-06-13 10:14:00,2.0,39.8893501,-75.2601457,True,False,False,S356730232,
treswa,Tree Swallow,Tachycineta bicolor,L504403,John Heinz NWR--impoundment (Philadelphia Co.),2026-06-13 10:14:00,3.0,39.8893501,-75.2601457,True,False,False,S356730232,
barswa,Barn Swallow,Hirundo rustica,L504403,John Heinz NWR--impoundment (Philadelphia Co.),2026-06-13 10:14:00,4.0,39.8893501,-75.2601457,True,False,False,S356730232,
balori,Baltimore Oriole,Icterus galbula,L504403,John Heinz NWR--impoundment (Philadelphia Co.),2026-06-13 10:14:00,2.0,39.8893501,-75.2601457,True,False,False,S356730232,
moudov,Mourning Dove,Zenaida macroura,L504403,John Heinz NWR--impoundment (Philadelphia Co.),2026-06-13 10:12:00,1.0,39.8893501,-75.2601457,True,False,False,S356704106,
chiswi,Chimney Swift,Chaetura pelagica,L504403,John Heinz NWR--impoundment (Philadelphia Co.),2026-06-13 10:12:00,1.0,39.8893501,-75.2601457,True,False,False,S356704106,
osprey,Osprey,Pandion haliaetus,L504403,John Heinz NWR--impoundment (Philadelphia Co.),2026-06-13 10:12:00,3.0,39.8893501,-75.2601457,True,False,False,S356704106,
fiscro,Fish Crow,Corvus ossifragus,L504403,John Heinz NWR--impoundment (Philadelphia Co.),2026-06-13 10:12:00,2.0,39.8893501,-75.2601457,True,False,False,S356704106,
carwre,Carolina Wren,Thryothorus ludovicianus,L504403,John Heinz NWR--impoundment (Philadelphia Co.),2026-06-13 10:12:00,1.0,39.8893501,-75.2601457,True,False,False,S356704106,
eursta,European Starling,Sturnus vulgaris,L504403,John Heinz NWR--impoundment (Philadelphia Co.),2026-06-13 10:12:00,3.0,39.8893501,-75.2601457,True,False,False,S356704106,N
normoc,Northern Mockingbird,Mimus polyglottos,L504403,John Heinz NWR--impoundment (Philadelphia Co.),2026-06-13 10:12:00,1.0,39.8893501,-75.2601457,True,False,False,S356704106,
amegfi,American Goldfinch,Spinus tristis,L504403,John Heinz NWR--impoundment (Philadelphia Co.),2026-06-13 10:12:00,1.0,39.8893501,-75.2601457,True,False,False,S356704106,
sonspa,Song Sparrow,Melospiza melodia,L504403,John Heinz NWR--impoundment (Philadelphia Co.),2026-06-13 10:12:00,2.0,39.8893501,-75.2601457,True,False,False,S356704106,
bnhcow,Brown-headed Cowbird,Molothrus ater,L504403,John Heinz NWR--impoundment (Philadelphia Co.),2026-06-13 10:12:00,2.0,39.8893501,-75.2601457,True,False,False,S356704106,
indbun,Indigo Bunting,Passerina cyanea,L504403,John Heinz NWR--impoundment (Philadelphia Co.),2026-06-13 10:12:00,3.0,39.8893501,-75.2601457,True,False,False,S356704106,
marwre,Marsh Wren,Cistothorus palustris,L504403,John Heinz NWR--impoundment (Philadelphia Co.),2026-06-13 08:59:00,1.0,39.8893501,-75.2601457,True,False,False,S356637402,
rthhum,Ruby-throated Hummingbird,Archilochus colubris,L504403,John Heinz NWR--impoundment (Philadelphia Co.),2026-06-13 08:20:00,1.0,39.8893501,-75.2601457,True,False,False,S356797495,
doccor,Double-crested Cormorant,Nannopterum auritum,L504403,John Heinz NWR--impoundment (Philadelphia Co.),2026-06-13 08:20:00,3.0,39.8893501,-75.2601457,True,False,False,S356797495,
turvul,Turkey Vulture,Cathartes aura,L504403,John Heinz NWR--impoundment (Philadelphia Co.),2026-06-13 08:20:00,1.0,39.8893501,-75.2601457,True,False,False,S356797495,
baleag,Bald Eagle,Haliaeetus leucocephalus,L504403,John Heinz NWR--impoundment (Philadelphia Co.),2026-06-13 08:20:00,1.0,39.8893501,-75.2601457,True,False,False,S356797495,
wilfly,Willow Flycatcher,Empidonax traillii,L504403,John Heinz NWR--impoundment (Philadelphia Co.),2026-06-13 08:20:00,1.0,39.8893501,-75.2601457,True,False,False,S356797495,
easkin,Eastern Kingbird,Tyrannus tyrannus,L504403,John Heinz NWR--impoundment (Philadelphia Co.),2026-06-13 08:20:00,1.0,39.8893501,-75.2601457,True,False,False,S356797495,
buggna,Blue-gray Gnatcatcher,Polioptila caerulea,L504403,John Heinz NWR--impoundment (Philadelphia Co.),2026-06-13 08:20:00,1.0,39.8893501,-75.2601457,True,False,False,S356797495,
cedwax,Cedar Waxwing,Bombycilla cedrorum,L504403,John Heinz NWR--impoundment (Philadelphia Co.),2026-06-13 08:20:00,2.0,39.8893501,-75.2601457,True,False,False,S356797495,
houfin,House Finch,Haemorhous mexicanus,L504403,John Heinz NWR--impoundment (Philadelphia Co.),2026-06-13 08:20:00,2.0,39.8893501,-75.2601457,True,False,False,S356797495,N
comgra,Common Grackle,Quiscalus quiscula,L504403,John Heinz NWR--impoundment (Philadelphia Co.),2026-06-13 08:20:00,1.0,39.8893501,-75.2601457,True,False,False,S356797495,
amered,American Redstart,Setophaga ruticilla,L504403,John Heinz NWR--impoundment (Philadelphia Co.),2026-06-13 08:20:00,1.0,39.8893501,-75.2601457,True,False,False,S356797495,
yebcuc,Yellow-billed Cuckoo,Coccyzus americanus,L504403,John Heinz NWR--impoundment (Philadelphia Co.),2026-06-13 08:12:00,2.0,39.8893501,-75.2601457,True,False,False,S356699114,
coohaw,Cooper's Hawk,Astur cooperii,L504403,John Heinz NWR--impoundment (Philadelphia Co.),2026-06-13 08:12:00,1.0,39.8893501,-75.2601457,True,False,False,S356699114,
rethaw,Red-tailed Hawk,Buteo jamaicensis,L504403,John Heinz NWR--impoundment (Philadelphia Co.),2026-06-13 08:12:00,1.0,39.8893501,-75.2601457,True,False,False,S356699114,
woothr,Wood Thrush,Hylocichla mustelina,L504403,John Heinz NWR--impoundment (Philadelphia Co.),2026-06-13 08:12:00,1.0,39.8893501,-75.2601457,True,False,False,S356699114,
blugrb1,Blue Grosbeak,Passerina caerulea,L504403,John Heinz NWR--impoundment (Philadelphia Co.),2026-06-13 08:12:00,2.0,39.8893501,-75.2601457,True,False,False,S356699114,
grbher3,Great Blue Heron,Ardea herodias,L504403,John Heinz NWR--impoundment (Philadelphia Co.),2026-06-13 05:33:00,1.0,39.8893501,-75.2601457,True,False,False,S356589818,
nrwswa,Northern Rough-winged Swallow,Stelgidopteryx serripennis,L504403,John Heinz NWR--impoundment (Philadelphia Co.),2026-06-13 05:33:00,2.0,39.8893501,-75.2601457,True,False,False,S356589818,
whbnut,White-breasted Nuthatch,Sitta carolinensis,L504403,John Heinz NWR--impoundment (Philadelphia Co.),2026-06-13 05:33:00,1.0,39.8893501,-75.2601457,True,False,False,S356589818,
cangoo,Canada Goose,Branta canadensis,L504403,John Heinz NWR--impoundment (Philadelphia Co.),2026-06-14 08:11:00,14.0,39.8893501,-75.2601457,True,False,False,S357301502,
moudov,Mourning Dove,Zenaida macroura,L504403,John Heinz NWR--impoundment (Philadelphia Co.),2026-06-14 08:11:00,4.0,39.8893501,-75.2601457,True,False,False,S357301502,
chiswi,Chimney Swift,Chaetura pelagica,L504403,John Heinz NWR--impoundment (Philadelphia Co.),2026-06-14 08:11:00,1.0,39.8893501,-75.2601457,True,False,False,S357301502,
rthhum,Ruby-throated Hummingbird,Archilochus colubris,L504403,John Heinz NWR--impoundment (Philadelphia Co.),2026-06-14 08:11:00,1.0,39.8893501,-75.2601457,True,False,False,S357301502,
killde,Killdeer,Charadrius vociferus,L504403,John Heinz NWR--impoundment (Philadelphia Co.),2026-06-14 08:11:00,1.0,39.8893501,-75.2601457,True,False,False,S357301502,
turvul,Turkey Vulture,Cathartes aura,L504403,John Heinz NWR--impoundment (Philadelphia Co.),2026-06-14 08:11:00,1.0,39.8893501,-75.2601457,True,False,False,S357301502,
osprey,Osprey,Pandion haliaetus,L504403,John Heinz NWR--impoundment (Philadelphia Co.),2026-06-14 08:11:00,1.0,39.8893501,-75.2601457,True,False,False,S357301502,
rebwoo,Red-bellied Woodpecker,Melanerpes carolinus,L504403,John Heinz NWR--impoundment (Philadelphia Co.),2026-06-14 08:11:00,1.0,39.8893501,-75.2601457,True,False,False,S357301502,
dowwoo,Downy Woodpecker,Dryobates pubescens,L504403,John Heinz NWR--impoundment (Philadelphia Co.),2026-06-14 08:11:00,1.0,39.8893501,-75.2601457,True,False,False,S357301502,
norfli,Northern Flicker,Colaptes auratus,L504403,John Heinz NWR--impoundment (Philadelphia Co.),2026-06-14 08:11:00,1.0,39.8893501,-75.2601457,True,False,False,S357301502,
acafly,Acadian Flycatcher,Empidonax virescens,L504403,John Heinz NWR--impoundment (Philadelphia Co.),2026-06-14 08:11:00,1.0,39.8893501,-75.2601457,True,False,False,S357301502,
grcfly,Great Crested Flycatcher,Myiarchus crinitus,L504403,John Heinz NWR--impoundment (Philadelphia Co.),2026-06-14 08:11:00,1.0,39.8893501,-75.2601457,True,False,False,S357301502,
easkin,Eastern Kingbird,Tyrannus tyrannus,L504403,John Heinz NWR--impoundment (Philadelphia Co.),2026-06-14 08:11:00,1.0,39.8893501,-75.2601457,True,False,False,S357301502,
eawvir1,Eastern Warbling Vireo,Vireo gilvus,L504403,John Heinz NWR--impoundment (Philadelphia Co.),2026-06-14 08:11:00,1.0,39.8893501,-75.2601457,True,False,False,S357301502,
reevir1,Red-eyed Vireo,Vireo olivaceus,L504403,John Heinz NWR--impoundment (Philadelphia Co.),2026-06-14 08:11:00,1.0,39.8893501,-75.2601457,True,False,False,S357301502,
amecro,American Crow,Corvus brachyrhynchos,L504403,John Heinz NWR--impoundment (Philadelphia Co.),2026-06-14 08:11:00,1.0,39.8893501,-75.2601457,True,False,False,S357301502,
fiscro,Fish Crow,Corvus ossifragus,L504403,John Heinz NWR--impoundment (Philadelphia Co.),2026-06-14 08:11:00,5.0,39.8893501,-75.2601457,True,False,False,S357301502,
carchi,Carolina Chickadee,Poecile carolinensis,L504403,John Heinz NWR--impoundment (Philadelphia Co.),2026-06-14 08:11:00,1.0,39.8893501,-75.2601457,True,False,False,S357301502,
treswa,Tree Swallow,Tachycineta bicolor,L504403,John Heinz NWR--impoundment (Philadelphia Co.),2026-06-14 08:11:00,14.0,39.8893501,-75.2601457,True,False,False,S357301502,
barswa,Barn Swallow,Hirundo rustica,L504403,John Heinz NWR--impoundment (Philadelphia Co.),2026-06-14 08:11:00,10.0,39.8893501,-75.2601457,True,False,False,S357301502,
buggna,Blue-gray Gnatcatcher,Polioptila caerulea,L504403,John Heinz NWR--impoundment (Philadelphia Co.),2026-06-14 08:11:00,2.0,39.8893501,-75.2601457,True,False,False,S357301502,
houwre,Northern House Wren,Troglodytes aedon,L504403,John Heinz NWR--impoundment (Philadelphia Co.),2026-06-14 08:11:00,3.0,39.8893501,-75.2601457,True,False,False,S357301502,
carwre,Carolina Wren,Thryothorus ludovicianus,L504403,John Heinz NWR--impoundment (Philadelphia Co.),2026-06-14 08:11:00,1.0,39.8893501,-75.2601457,True,False,False,S357301502,
eursta,European Starling,Sturnus vulgaris,L504403,John Heinz NWR--impoundment (Philadelphia Co.),2026-06-14 08:11:00,15.0,39.8893501,-75.2601457,True,False,False,S357301502,N
grycat,Gray Catbird,Dumetella carolinensis,L504403,John Heinz NWR--impoundment (Philadelphia Co.),2026-06-14 08:11:00,6.0,39.8893501,-75.2601457,True,False,False,S357301502,
amerob,American Robin,Turdus migratorius,L504403,John Heinz NWR--impoundment (Philadelphia Co.),2026-06-14 08:11:00,2.0,39.8893501,-75.2601457,True,False,False,S357301502,
cedwax,Cedar Waxwing,Bombycilla cedrorum,L504403,John Heinz NWR--impoundment (Philadelphia Co.),2026-06-14 08:11:00,1.0,39.8893501,-75.2601457,True,False,False,S357301502,
houfin,House Finch,Haemorhous mexicanus,L504403,John Heinz NWR--impoundment (Philadelphia Co.),2026-06-14 08:11:00,1.0,39.8893501,-75.2601457,True,False,False,S357301502,N
amegfi,American Goldfinch,Spinus tristis,L504403,John Heinz NWR--impoundment (Philadelphia Co.),2026-06-14 08:11:00,2.0,39.8893501,-75.2601457,True,False,False,S357301502,
sonspa,Song Sparrow,Melospiza melodia,L504403,John Heinz NWR--impoundment (Philadelphia Co.),2026-06-14 08:11:00,1.0,39.8893501,-75.2601457,True,False,False,S357301502,
balori,Baltimore Oriole,Icterus galbula,L504403,John Heinz NWR--impoundment (Philadelphia Co.),2026-06-14 08:11:00,1.0,39.8893501,-75.2601457,True,False,False,S357301502,
rewbla,Red-winged Blackbird,Agelaius phoeniceus,L504403,John Heinz NWR--impoundment (Philadelphia Co.),2026-06-14 08:11:00,1.0,39.8893501,-75.2601457,True,False,False,S357301502,
bnhcow,Brown-headed Cowbird,Molothrus ater,L504403,John Heinz NWR--impoundment (Philadelphia Co.),2026-06-14 08:11:00,1.0,39.8893501,-75.2601457,True,False,False,S357301502,
comyel,Common Yellowthroat,Geothlypis trichas,L504403,John Heinz NWR--impoundment (Philadelphia Co.),2026-06-14 08:11:00,3.0,39.8893501,-75.2601457,True,False,False,S357301502,
amered,American Redstart,Setophaga ruticilla,L504403,John Heinz NWR--impoundment (Philadelphia Co.),2026-06-14 08:11:00,1.0,39.8893501,-75.2601457,True,False,False,S357301502,
yelwar1,Northern Yellow Warbler,Setophaga aestiva,L504403,John Heinz NWR--impoundment (Philadelphia Co.),2026-06-14 08:11:00,2.0,39.8893501,-75.2601457,True,False,False,S357301502,
norcar,Northern Cardinal,Cardinalis cardinalis,L504403,John Heinz NWR--impoundment (Philadelphia Co.),2026-06-14 08:11:00,1.0,39.8893501,-75.2601457,True,False,False,S357301502,
indbun,Indigo Bunting,Passerina cyanea,L504403,John Heinz NWR--impoundment (Philadelphia Co.),2026-06-14 08:11:00,1.0,39.8893501,-75.2601457,True,False,False,S357301502,
haiwoo,Hairy Woodpecker,Leuconotopicus villosus,L504403,John Heinz NWR--impoundment (Philadelphia Co.),2026-06-14 08:10:00,1.0,39.8893501,-75.2601457,True,False,False,S357378877,
blujay,Blue Jay,Cyanocitta cristata,L504403,John Heinz NWR--impoundment (Philadelphia Co.),2026-06-14 08:10:00,2.0,39.8893501,-75.2601457,True,False,False,S357378877,
tuftit,Tufted Titmouse,Baeolophus bicolor,L504403,John Heinz NWR--impoundment (Philadelphia Co.),2026-06-14 08:10:00,1.0,39.8893501,-75.2601457,True,False,False,S357378877,
woothr,Wood Thrush,Hylocichla mustelina,L504403,John Heinz NWR--impoundment (Philadelphia Co.),2026-06-14 08:10:00,1.0,39.8893501,-75.2601457,True,False,False,S357378877,
comgra,Common Grackle,Quiscalus quiscula,L504403,John Heinz NWR--impoundment (Philadelphia Co.),2026-06-14 08:10:00,3.0,39.8893501,-75.2601457,True,False,False,S357378877,
blugrb1,Blue Grosbeak,Passerina caerulea,L504403,John Heinz NWR--impoundment (Philadelphia Co.),2026-06-14 08:10:00,1.0,39.8893501,-75.2601457,True,False,False,S357378877,
nrwswa,Northern Rough-winged Swallow,Stelgidopteryx serripennis,L504403,John Heinz NWR--impoundment (Philadelphia Co.),2026-06-14 07:57:00,2.0,39.8893501,-75.2601457,True,False,False,S357313774,
marwre,Marsh Wren,Cistothorus palustris,L504403,John Heinz NWR--impoundment (Philadelphia Co.),2026-06-14 07:57:00,3.0,39.8893501,-75.2601457,True,False,False,S357313774,
moudov,Mourning Dove,Zenaida macroura,L504403,John Heinz NWR--impoundment (Philadelphia Co.),2026-06-15 10:12:00,1.0,39.8893501,-75.2601457,True,False,False,S357836638,
blkvul,Black Vulture,Coragyps atratus,L504403,John Heinz NWR--impoundment (Philadelphia Co.),2026-06-15 10:12:00,1.0,39.8893501,-75.2601457,True,False,False,S357836638,
turvul,Turkey Vulture,Cathartes aura,L504403,John Heinz NWR--impoundment (Philadelphia Co.),2026-06-15 10:12:00,1.0,39.8893501,-75.2601457,True,False,False,S357836638,
osprey,Osprey,Pandion haliaetus,L504403,John Heinz NWR--impoundment (Philadelphia Co.),2026-06-15 10:12:00,1.0,39.8893501,-75.2601457,True,False,False,S357836638,
rebwoo,Red-bellied Woodpecker,Melanerpes carolinus,L504403,John Heinz NWR--impoundment (Philadelphia Co.),2026-06-15 10:12:00,1.0,39.8893501,-75.2601457,True,False,False,S357836638,
norfli,Northern Flicker,Colaptes auratus,L504403,John Heinz NWR--impoundment (Philadelphia Co.),2026-06-15 10:12:00,1.0,39.8893501,-75.2601457,True,False,False,S357836638,
easkin,Eastern Kingbird,Tyrannus tyrannus,L504403,John Heinz NWR--impoundment (Philadelphia Co.),2026-06-15 10:12:00,1.0,39.8893501,-75.2601457,True,False,False,S357836638,
treswa,Tree Swallow,Tachycineta bicolor,L504403,John Heinz NWR--impoundment (Philadelphia Co.),2026-06-15 10:12:00,2.0,39.8893501,-75.2601457,True,False,False,S357836638,
barswa,Barn Swallow,Hirundo rustica,L504403,John Heinz NWR--impoundment (Philadelphia Co.),2026-06-15 10:12:00,7.0,39.8893501,-75.2601457,True,False,False,S357836638,
carwre,Carolina Wren,Thryothorus ludovicianus,L504403,John Heinz NWR--impoundment (Philadelphia Co.),2026-06-15 10:12:00,2.0,39.8893501,-75.2601457,True,False,False,S357836638,
eursta,European Starling,Sturnus vulgaris,L504403,John Heinz NWR--impoundment (Philadelphia Co.),2026-06-15 10:12:00,5.0,39.8893501,-75.2601457,True,False,False,S357836638,N
grycat,Gray Catbird,Dumetella carolinensis,L504403,John Heinz NWR--impoundment (Philadelphia Co.),2026-06-15 10:12:00,2.0,39.8893501,-75.2601457,True,False,False,S357836638,
amerob,American Robin,Turdus migratorius,L504403,John Heinz NWR--impoundment (Philadelphia Co.),2026-06-15 10:12:00,2.0,39.8893501,-75.2601457,True,False,False,S357836638,
rewbla,Red-winged Blackbird,Agelaius phoeniceus,L504403,John Heinz NWR--impoundment (Philadelphia Co.),2026-06-15 10:12:00,4.0,39.8893501,-75.2601457,True,False,False,S357836638,
cangoo,Canada Goose,Branta canadensis,L504403,John Heinz NWR--impoundment (Philadelphia Co.),2026-06-15 07:41:00,5.0,39.8893501,-75.2601457,True,False,False,S358461048,
killde,Killdeer,Charadrius vociferus,L504403,John Heinz NWR--impoundment (Philadelphia Co.),2026-06-15 07:41:00,2.0,39.8893501,-75.2601457,True,False,False,S358461048,
ribgul,Ring-billed Gull,Larus delawarensis,L504403,John Heinz NWR--impoundment (Philadelphia Co.),2026-06-15 07:41:00,4.0,39.8893501,-75.2601457,True,False,False,S358461048,
grnher,Green Heron,Butorides virescens,L504403,John Heinz NWR--impoundment (Philadelphia Co.),2026-06-15 07:41:00,1.0,39.8893501,-75.2601457,True,False,False,S358461048,
grcfly,Great Crested Flycatcher,Myiarchus crinitus,L504403,John Heinz NWR--impoundment (Philadelphia Co.),2026-06-15 07:41:00,1.0,39.8893501,-75.2601457,True,False,False,S358461048,
eawvir1,Eastern Warbling Vireo,Vireo gilvus,L504403,John Heinz NWR--impoundment (Philadelphia Co.),2026-06-15 07:41:00,1.0,39.8893501,-75.2601457,True,False,False,S358461048,
houwre,Northern House Wren,Troglodytes aedon,L504403,John Heinz NWR--impoundment (Philadelphia Co.),2026-06-15 07:41:00,1.0,39.8893501,-75.2601457,True,False,False,S358461048,
amegfi,American Goldfinch,Spinus tristis,L504403,John Heinz NWR--impoundment (Philadelphia Co.),2026-06-15 07:41:00,2.0,39.8893501,-75.2601457,True,False,False,S358461048,
bnhcow,Brown-headed Cowbird,Molothrus ater,L504403,John Heinz NWR--impoundment (Philadelphia Co.),2026-06-15 07:41:00,2.0,39.8893501,-75.2601457,True,False,False,S358461048,
comgra,Common Grackle,Quiscalus quiscula,L504403,John Heinz NWR--impoundment (Philadelphia Co.),2026-06-15 07:41:00,1.0,39.8893501,-75.2601457,True,False,False,S358461048,
comyel,Common Yellowthroat,Geothlypis trichas,L504403,John Heinz NWR--impoundment (Philadelphia Co.),2026-06-15 07:41:00,2.0,39.8893501,-75.2601457,True,False,False,S358461048,
yelwar1,Northern Yellow Warbler,Setophaga aestiva,L504403,John Heinz NWR--impoundment (Philadelphia Co.),2026-06-15 07:41:00,1.0,39.8893501,-75.2601457,True,False,False,S358461048,
norcar,Northern Cardinal,Cardinalis cardinalis,L504403,John Heinz NWR--impoundment (Philadelphia Co.),2026-06-15 07:41:00,2.0,39.8893501,-75.2601457,True,False,False,S358461048,
moudov,Mourning Dove,Zenaida macroura,L504403,John Heinz NWR--impoundment (Philadelphia Co.),2026-06-18 07:23:00,1.0,39.8893501,-75.2601457,True,False,False,S359080517,
rebwoo,Red-bellied Woodpecker,Melanerpes carolinus,L504403,John Heinz NWR--impoundment (Philadelphia Co.),2026-06-18 07:23:00,1.0,39.8893501,-75.2601457,True,False,False,S359080517,
dowwoo,Downy Woodpecker,Dryobates pubescens,L504403,John Heinz NWR--impoundment (Philadelphia Co.),2026-06-18 07:23:00,1.0,39.8893501,-75.2601457,True,False,False,S359080517,
acafly,Acadian Flycatcher,Empidonax virescens,L504403,John Heinz NWR--impoundment (Philadelphia Co.),2026-06-18 07:23:00,1.0,39.8893501,-75.2601457,True,False,False,S359080517,
grcfly,Great Crested Flycatcher,Myiarchus crinitus,L504403,John Heinz NWR--impoundment (Philadelphia Co.),2026-06-18 07:23:00,1.0,39.8893501,-75.2601457,True,False,False,S359080517,
blujay,Blue Jay,Cyanocitta cristata,L504403,John Heinz NWR--impoundment (Philadelphia Co.),2026-06-18 07:23:00,1.0,39.8893501,-75.2601457,True,False,False,S359080517,
amecro,American Crow,Corvus brachyrhynchos,L504403,John Heinz NWR--impoundment (Philadelphia Co.),2026-06-18 07:23:00,2.0,39.8893501,-75.2601457,True,False,False,S359080517,
tuftit,Tufted Titmouse,Baeolophus bicolor,L504403,John Heinz NWR--impoundment (Philadelphia Co.),2026-06-18 07:23:00,1.0,39.8893501,-75.2601457,True,False,False,S359080517,
treswa,Tree Swallow,Tachycineta bicolor,L504403,John Heinz NWR--impoundment (Philadelphia Co.),2026-06-18 07:23:00,6.0,39.8893501,-75.2601457,True,False,False,S359080517,
nrwswa,Northern Rough-winged Swallow,Stelgidopteryx serripennis,L504403,John Heinz NWR--impoundment (Philadelphia Co.),2026-06-18 07:23:00,1.0,39.8893501,-75.2601457,True,False,False,S359080517,
barswa,Barn Swallow,Hirundo rustica,L504403,John Heinz NWR--impoundment (Philadelphia Co.),2026-06-18 07:23:00,8.0,39.8893501,-75.2601457,True,False,False,S359080517,
eursta,European Starling,Sturnus vulgaris,L504403,John Heinz NWR--impoundment (Philadelphia Co.),2026-06-18 07:23:00,18.0,39.8893501,-75.2601457,True,False,False,S359080517,N
grycat,Gray Catbird,Dumetella carolinensis,L504403,John Heinz NWR--impoundment (Philadelphia Co.),2026-06-18 07:23:00,1.0,39.8893501,-75.2601457,True,False,False,S359080517,
houspa,House Sparrow,Passer domesticus,L504403,John Heinz NWR--impoundment (Philadelphia Co.),2026-06-18 07:23:00,1.0,39.8893501,-75.2601457,True,False,False,S359080517,N
houfin,House Finch,Haemorhous mexicanus,L504403,John Heinz NWR--impoundment (Philadelphia Co.),2026-06-18 07:23:00,1.0,39.8893501,-75.2601457,True,False,False,S359080517,N
amegfi,American Goldfinch,Spinus tristis,L504403,John Heinz NWR--impoundment (Philadelphia Co.),2026-06-18 07:23:00,1.0,39.8893501,-75.2601457,True,False,False,S359080517,
sonspa,Song Sparrow,Melospiza melodia,L504403,John Heinz NWR--impoundment (Philadelphia Co.),2026-06-18 07:23:00,1.0,39.8893501,-75.2601457,True,False,False,S359080517,
rewbla,Red-winged Blackbird,Agelaius phoeniceus,L504403,John Heinz NWR--impoundment (Philadelphia Co.),2026-06-18 07:23:00,3.0,39.8893501,-75.2601457,True,False,False,S359080517,
bnhcow,Brown-headed Cowbird,Molothrus ater,L504403,John Heinz NWR--impoundment (Philadelphia Co.),2026-06-18 07:23:00,1.0,39.8893501,-75.2601457,True,False,False,S359080517,
comyel,Common Yellowthroat,Geothlypis trichas,L504403,John Heinz NWR--impoundment (Philadelphia Co.),2026-06-18 07:23:00,1.0,39.8893501,-75.2601457,True,False,False,S359080517,
yelwar1,Northern Yellow Warbler,Setophaga aestiva,L504403,John Heinz NWR--impoundment (Philadelphia Co.),2026-06-18 07:23:00,1.0,39.8893501,-75.2601457,True,False,False,S359080517,
norcar,Northern Cardinal,Cardinalis cardinalis,L504403,John Heinz NWR--impoundment (Philadelphia Co.),2026-06-18 07:23:00,2.0,39.8893501,-75.2601457,True,False,False,S359080517,
moudov,Mourning Dove,Zenaida macroura,L504403,John Heinz NWR--impoundment (Philadelphia Co.),2026-06-19 11:46:00,1.0,39.8893501,-75.2601457,True,False,False,S359687139,
grnher,Green Heron,Butorides virescens,L504403,John Heinz NWR--impoundment (Philadelphia Co.),2026-06-19 11:46:00,1.0,39.8893501,-75.2601457,True,False,False,S359687139,
reevir1,Red-eyed Vireo,Vireo olivaceus,L504403,John Heinz NWR--impoundment (Philadelphia Co.),2026-06-19 11:46:00,1.0,39.8893501,-75.2601457,True,False,False,S359687139,
treswa,Tree Swallow,Tachycineta bicolor,L504403,John Heinz NWR--impoundment (Philadelphia Co.),2026-06-19 11:46:00,11.0,39.8893501,-75.2601457,True,False,False,S359687139,
barswa,Barn Swallow,Hirundo rustica,L504403,John Heinz NWR--impoundment (Philadelphia Co.),2026-06-19 11:46:00,12.0,39.8893501,-75.2601457,True,False,False,S359687139,
carwre,Carolina Wren,Thryothorus ludovicianus,L504403,John Heinz NWR--impoundment (Philadelphia Co.),2026-06-19 11:46:00,2.0,39.8893501,-75.2601457,True,False,False,S359687139,
grycat,Gray Catbird,Dumetella carolinensis,L504403,John Heinz NWR--impoundment (Philadelphia Co.),2026-06-19 11:46:00,16.0,39.8893501,-75.2601457,True,False,False,S359687139,
amerob,American Robin,Turdus migratorius,L504403,John Heinz NWR--impoundment (Philadelphia Co.),2026-06-19 11:46:00,5.0,39.8893501,-75.2601457,True,False,False,S359687139,
rewbla,Red-winged Blackbird,Agelaius phoeniceus,L504403,John Heinz NWR--impoundment (Philadelphia Co.),2026-06-19 11:46:00,12.0,39.8893501,-75.2601457,True,False,False,S359687139,
comyel,Common Yellowthroat,Geothlypis trichas,L504403,John Heinz NWR--impoundment (Philadelphia Co.),2026-06-19 11:46:00,2.0,39.8893501,-75.2601457,True,False,False,S359687139,
norcar,Northern Cardinal,Cardinalis cardinalis,L504403,John Heinz NWR--impoundment (Philadelphia Co.),2026-06-19 11:46:00,3.0,39.8893501,-75.2601457,True,False,False,S359687139,
cangoo,Canada Goose,Branta canadensis,L504403,John Heinz NWR--impoundment (Philadelphia Co.),2026-06-19 09:42:00,2.0,39.8893501,-75.2601457,True,False,False,S359676023,
rocpig,Rock Pigeon,Columba livia,L504403,John Heinz NWR--impoundment (Philadelphia Co.),2026-06-19 09:42:00,2.0,39.8893501,-75.2601457,True,False,False,S359676023,N
chiswi,Chimney Swift,Chaetura pelagica,L504403,John Heinz NWR--impoundment (Philadelphia Co.),2026-06-19 09:42:00,2.0,39.8893501,-75.2601457,True,False,False,S359676023,
rthhum,Ruby-throated Hummingbird,Archilochus colubris,L504403,John Heinz NWR--impoundment (Philadelphia Co.),2026-06-19 09:42:00,1.0,39.8893501,-75.2601457,True,False,False,S359676023,
killde,Killdeer,Charadrius vociferus,L504403,John Heinz NWR--impoundment (Philadelphia Co.),2026-06-19 09:42:00,2.0,39.8893501,-75.2601457,True,False,False,S359676023,
turvul,Turkey Vulture,Cathartes aura,L504403,John Heinz NWR--impoundment (Philadelphia Co.),2026-06-19 09:42:00,2.0,39.8893501,-75.2601457,True,False,False,S359676023,
osprey,Osprey,Pandion haliaetus,L504403,John Heinz NWR--impoundment (Philadelphia Co.),2026-06-19 09:42:00,1.0,39.8893501,-75.2601457,True,False,False,S359676023,
baleag,Bald Eagle,Haliaeetus leucocephalus,L504403,John Heinz NWR--impoundment (Philadelphia Co.),2026-06-19 09:42:00,1.0,39.8893501,-75.2601457,True,False,False,S359676023,
rebwoo,Red-bellied Woodpecker,Melanerpes carolinus,L504403,John Heinz NWR--impoundment (Philadelphia Co.),2026-06-19 09:42:00,6.0,39.8893501,-75.2601457,True,False,False,S359676023,
dowwoo,Downy Woodpecker,Dryobates pubescens,L504403,John Heinz NWR--impoundment (Philadelphia Co.),2026-06-19 09:42:00,3.0,39.8893501,-75.2601457,True,False,False,S359676023,
norfli,Northern Flicker,Colaptes auratus,L504403,John Heinz NWR--impoundment (Philadelphia Co.),2026-06-19 09:42:00,1.0,39.8893501,-75.2601457,True,False,False,S359676023,
acafly,Acadian Flycatcher,Empidonax virescens,L504403,John Heinz NWR--impoundment (Philadelphia Co.),2026-06-19 09:42:00,1.0,39.8893501,-75.2601457,True,False,False,S359676023,
wilfly,Willow Flycatcher,Empidonax traillii,L504403,John Heinz NWR--impoundment (Philadelphia Co.),2026-06-19 09:42:00,1.0,39.8893501,-75.2601457,True,False,False,S359676023,
grcfly,Great Crested Flycatcher,Myiarchus crinitus,L504403,John Heinz NWR--impoundment (Philadelphia Co.),2026-06-19 09:42:00,2.0,39.8893501,-75.2601457,True,False,False,S359676023,
eawvir1,Eastern Warbling Vireo,Vireo gilvus,L504403,John Heinz NWR--impoundment (Philadelphia Co.),2026-06-19 09:42:00,3.0,39.8893501,-75.2601457,True,False,False,S359676023,
blujay,Blue Jay,Cyanocitta cristata,L504403,John Heinz NWR--impoundment (Philadelphia Co.),2026-06-19 09:42:00,2.0,39.8893501,-75.2601457,True,False,False,S359676023,
amecro,American Crow,Corvus brachyrhynchos,L504403,John Heinz NWR--impoundment (Philadelphia Co.),2026-06-19 09:42:00,3.0,39.8893501,-75.2601457,True,False,False,S359676023,
carchi,Carolina Chickadee,Poecile carolinensis,L504403,John Heinz NWR--impoundment (Philadelphia Co.),2026-06-19 09:42:00,1.0,39.8893501,-75.2601457,True,False,False,S359676023,
tuftit,Tufted Titmouse,Baeolophus bicolor,L504403,John Heinz NWR--impoundment (Philadelphia Co.),2026-06-19 09:42:00,4.0,39.8893501,-75.2601457,True,False,False,S359676023,
buggna,Blue-gray Gnatcatcher,Polioptila caerulea,L504403,John Heinz NWR--impoundment (Philadelphia Co.),2026-06-19 09:42:00,6.0,39.8893501,-75.2601457,True,False,False,S359676023,
houwre,Northern House Wren,Troglodytes aedon,L504403,John Heinz NWR--impoundment (Philadelphia Co.),2026-06-19 09:42:00,3.0,39.8893501,-75.2601457,True,False,False,S359676023,
marwre,Marsh Wren,Cistothorus palustris,L504403,John Heinz NWR--impoundment (Philadelphia Co.),2026-06-19 09:42:00,4.0,39.8893501,-75.2601457,True,False,False,S359676023,
eursta,European Starling,Sturnus vulgaris,L504403,John Heinz NWR--impoundment (Philadelphia Co.),2026-06-19 09:42:00,5.0,39.8893501,-75.2601457,True,False,False,S359676023,N
woothr,Wood Thrush,Hylocichla mustelina,L504403,John Heinz NWR--impoundment (Philadelphia Co.),2026-06-19 09:42:00,6.0,39.8893501,-75.2601457,True,False,False,S359676023,
cedwax,Cedar Waxwing,Bombycilla cedrorum,L504403,John Heinz NWR--impoundment (Philadelphia Co.),2026-06-19 09:42:00,8.0,39.8893501,-75.2601457,True,False,False,S359676023,
houspa,House Sparrow,Passer domesticus,L504403,John Heinz NWR--impoundment (Philadelphia Co.),2026-06-19 09:42:00,1.0,39.8893501,-75.2601457,True,False,False,S359676023,N
houfin,House Finch,Haemorhous mexicanus,L504403,John Heinz NWR--impoundment (Philadelphia Co.),2026-06-19 09:42:00,1.0,39.8893501,-75.2601457,True,False,False,S359676023,N
amegfi,American Goldfinch,Spinus tristis,L504403,John Heinz NWR--impoundment (Philadelphia Co.),2026-06-19 09:42:00,1.0,39.8893501,-75.2601457,True,False,False,S359676023,
fiespa,Field Sparrow,Spizella pusilla,L504403,John Heinz NWR--impoundment (Philadelphia Co.),2026-06-19 09:42:00,1.0,39.8893501,-75.2601457,True,False,False,S359676023,
sonspa,Song Sparrow,Melospiza melodia,L504403,John Heinz NWR--impoundment (Philadelphia Co.),2026-06-19 09:42:00,9.0,39.8893501,-75.2601457,True,False,False,S359676023,
eastow,Eastern Towhee,Pipilo erythrophthalmus,L504403,John Heinz NWR--impoundment (Philadelphia Co.),2026-06-19 09:42:00,1.0,39.8893501,-75.2601457,True,False,False,S359676023,
orcori,Orchard Oriole,Icterus spurius,L504403,John Heinz NWR--impoundment (Philadelphia Co.),2026-06-19 09:42:00,2.0,39.8893501,-75.2601457,True,False,False,S359676023,
balori,Baltimore Oriole,Icterus galbula,L504403,John Heinz NWR--impoundment (Philadelphia Co.),2026-06-19 09:42:00,4.0,39.8893501,-75.2601457,True,False,False,S359676023,
bnhcow,Brown-headed Cowbird,Molothrus ater,L504403,John Heinz NWR--impoundment (Philadelphia Co.),2026-06-19 09:42:00,4.0,39.8893501,-75.2601457,True,False,False,S359676023,
comgra,Common Grackle,Quiscalus quiscula,L504403,John Heinz NWR--impoundment (Philadelphia Co.),2026-06-19 09:42:00,1.0,39.8893501,-75.2601457,True,False,False,S359676023,
amered,American Redstart,Setophaga ruticilla,L504403,John Heinz NWR--impoundment (Philadelphia Co.),2026-06-19 09:42:00,1.0,39.8893501,-75.2601457,True,False,False,S359676023,
yelwar1,Northern Yellow Warbler,Setophaga aestiva,L504403,John Heinz NWR--impoundment (Philadelphia Co.),2026-06-19 09:42:00,15.0,39.8893501,-75.2601457,True,False,False,S359676023,
indbun,Indigo Bunting,Passerina cyanea,L504403,John Heinz NWR--impoundment (Philadelphia Co.),2026-06-19 09:42:00,3.0,39.8893501,-75.2601457,True,False,False,S359676023,
yebcuc,Yellow-billed Cuckoo,Coccyzus americanus,L504403,John Heinz NWR--impoundment (Philadelphia Co.),2026-06-19 07:48:00,1.0,39.8893501,-75.2601457,True,False,False,S359593859,
cangoo,Canada Goose,Branta canadensis,L504403,John Heinz NWR--impoundment (Philadelphia Co.),2026-06-20 08:33:00,1.0,39.8893501,-75.2601457,True,False,False,S360256499,
mallar3,Mallard,Anas platyrhynchos,L504403,John Heinz NWR--impoundment (Philadelphia Co.),2026-06-20 08:33:00,13.0,39.8893501,-75.2601457,True,False,False,S360256499,
moudov,Mourning Dove,Zenaida macroura,L504403,John Heinz NWR--impoundment (Philadelphia Co.),2026-06-20 08:33:00,3.0,39.8893501,-75.2601457,True,False,False,S360256499,
chiswi,Chimney Swift,Chaetura pelagica,L504403,John Heinz NWR--impoundment (Philadelphia Co.),2026-06-20 08:33:00,1.0,39.8893501,-75.2601457,True,False,False,S360256499,
killde,Killdeer,Charadrius vociferus,L504403,John Heinz NWR--impoundment (Philadelphia Co.),2026-06-20 08:33:00,1.0,39.8893501,-75.2601457,True,False,False,S360256499,
turvul,Turkey Vulture,Cathartes aura,L504403,John Heinz NWR--impoundment (Philadelphia Co.),2026-06-20 08:33:00,2.0,39.8893501,-75.2601457,True,False,False,S360256499,
osprey,Osprey,Pandion haliaetus,L504403,John Heinz NWR--impoundment (Philadelphia Co.),2026-06-20 08:33:00,2.0,39.8893501,-75.2601457,True,False,False,S360256499,
rebwoo,Red-bellied Woodpecker,Melanerpes carolinus,L504403,John Heinz NWR--impoundment (Philadelphia Co.),2026-06-20 08:33:00,3.0,39.8893501,-75.2601457,True,False,False,S360256499,
dowwoo,Downy Woodpecker,Dryobates pubescens,L504403,John Heinz NWR--impoundment (Philadelphia Co.),2026-06-20 08:33:00,2.0,39.8893501,-75.2601457,True,False,False,S360256499,
norfli,Northern Flicker,Colaptes auratus,L504403,John Heinz NWR--impoundment (Philadelphia Co.),2026-06-20 08:33:00,1.0,39.8893501,-75.2601457,True,False,False,S360256499,
acafly,Acadian Flycatcher,Empidonax virescens,L504403,John Heinz NWR--impoundment (Philadelphia Co.),2026-06-20 08:33:00,1.0,39.8893501,-75.2601457,True,False,False,S360256499,
easkin,Eastern Kingbird,Tyrannus tyrannus,L504403,John Heinz NWR--impoundment (Philadelphia Co.),2026-06-20 08:33:00,1.0,39.8893501,-75.2601457,True,False,False,S360256499,
eawvir1,Eastern Warbling Vireo,Vireo gilvus,L504403,John Heinz NWR--impoundment (Philadelphia Co.),2026-06-20 08:33:00,4.0,39.8893501,-75.2601457,True,False,False,S360256499,
reevir1,Red-eyed Vireo,Vireo olivaceus,L504403,John Heinz NWR--impoundment (Philadelphia Co.),2026-06-20 08:33:00,1.0,39.8893501,-75.2601457,True,False,False,S360256499,
blujay,Blue Jay,Cyanocitta cristata,L504403,John Heinz NWR--impoundment (Philadelphia Co.),2026-06-20 08:33:00,2.0,39.8893501,-75.2601457,True,False,False,S360256499,
amecro,American Crow,Corvus brachyrhynchos,L504403,John Heinz NWR--impoundment (Philadelphia Co.),2026-06-20 08:33:00,2.0,39.8893501,-75.2601457,True,False,False,S360256499,
carchi,Carolina Chickadee,Poecile carolinensis,L504403,John Heinz NWR--impoundment (Philadelphia Co.),2026-06-20 08:33:00,1.0,39.8893501,-75.2601457,True,False,False,S360256499,
tuftit,Tufted Titmouse,Baeolophus bicolor,L504403,John Heinz NWR--impoundment (Philadelphia Co.),2026-06-20 08:33:00,1.0,39.8893501,-75.2601457,True,False,False,S360256499,
treswa,Tree Swallow,Tachycineta bicolor,L504403,John Heinz NWR--impoundment (Philadelphia Co.),2026-06-20 08:33:00,3.0,39.8893501,-75.2601457,True,False,False,S360256499,
nrwswa,Northern Rough-winged Swallow,Stelgidopteryx serripennis,L504403,John Heinz NWR--impoundment (Philadelphia Co.),2026-06-20 08:33:00,1.0,39.8893501,-75.2601457,True,False,False,S360256499,
barswa,Barn Swallow,Hirundo rustica,L504403,John Heinz NWR--impoundment (Philadelphia Co.),2026-06-20 08:33:00,5.0,39.8893501,-75.2601457,True,False,False,S360256499,
buggna,Blue-gray Gnatcatcher,Polioptila caerulea,L504403,John Heinz NWR--impoundment (Philadelphia Co.),2026-06-20 08:33:00,2.0,39.8893501,-75.2601457,True,False,False,S360256499,
houwre,Northern House Wren,Troglodytes aedon,L504403,John Heinz NWR--impoundment (Philadelphia Co.),2026-06-20 08:33:00,1.0,39.8893501,-75.2601457,True,False,False,S360256499,
carwre,Carolina Wren,Thryothorus ludovicianus,L504403,John Heinz NWR--impoundment (Philadelphia Co.),2026-06-20 08:33:00,1.0,39.8893501,-75.2601457,True,False,False,S360256499,
eursta,European Starling,Sturnus vulgaris,L504403,John Heinz NWR--impoundment (Philadelphia Co.),2026-06-20 08:33:00,21.0,39.8893501,-75.2601457,True,False,False,S360256499,N
grycat,Gray Catbird,Dumetella carolinensis,L504403,John Heinz NWR--impoundment (Philadelphia Co.),2026-06-20 08:33:00,32.0,39.8893501,-75.2601457,True,False,False,S360256499,
woothr,Wood Thrush,Hylocichla mustelina,L504403,John Heinz NWR--impoundment (Philadelphia Co.),2026-06-20 08:33:00,6.0,39.8893501,-75.2601457,True,False,False,S360256499,
amerob,American Robin,Turdus migratorius,L504403,John Heinz NWR--impoundment (Philadelphia Co.),2026-06-20 08:33:00,17.0,39.8893501,-75.2601457,True,False,False,S360256499,
cedwax,Cedar Waxwing,Bombycilla cedrorum,L504403,John Heinz NWR--impoundment (Philadelphia Co.),2026-06-20 08:33:00,3.0,39.8893501,-75.2601457,True,False,False,S360256499,
amegfi,American Goldfinch,Spinus tristis,L504403,John Heinz NWR--impoundment (Philadelphia Co.),2026-06-20 08:33:00,2.0,39.8893501,-75.2601457,True,False,False,S360256499,
sonspa,Song Sparrow,Melospiza melodia,L504403,John Heinz NWR--impoundment (Philadelphia Co.),2026-06-20 08:33:00,3.0,39.8893501,-75.2601457,True,False,False,S360256499,
orcori,Orchard Oriole,Icterus spurius,L504403,John Heinz NWR--impoundment (Philadelphia Co.),2026-06-20 08:33:00,1.0,39.8893501,-75.2601457,True,False,False,S360256499,
balori,Baltimore Oriole,Icterus galbula,L504403,John Heinz NWR--impoundment (Philadelphia Co.),2026-06-20 08:33:00,2.0,39.8893501,-75.2601457,True,False,False,S360256499,
rewbla,Red-winged Blackbird,Agelaius phoeniceus,L504403,John Heinz NWR--impoundment (Philadelphia Co.),2026-06-20 08:33:00,24.0,39.8893501,-75.2601457,True,False,False,S360256499,
comgra,Common Grackle,Quiscalus quiscula,L504403,John Heinz NWR--impoundment (Philadelphia Co.),2026-06-20 08:33:00,2.0,39.8893501,-75.2601457,True,False,False,S360256499,
comyel,Common Yellowthroat,Geothlypis trichas,L504403,John Heinz NWR--impoundment (Philadelphia Co.),2026-06-20 08:33:00,7.0,39.8893501,-75.2601457,True,False,False,S360256499,
amered,American Redstart,Setophaga ruticilla,L504403,John Heinz NWR--impoundment (Philadelphia Co.),2026-06-20 08:33:00,1.0,39.8893501,-75.2601457,True,False,False,S360256499,
yelwar1,Northern Yellow Warbler,Setophaga aestiva,L504403,John Heinz NWR--impoundment (Philadelphia Co.),2026-06-20 08:33:00,10.0,39.8893501,-75.2601457,True,False,False,S360256499,
norcar,Northern Cardinal,Cardinalis cardinalis,L504403,John Heinz NWR--impoundment (Philadelphia Co.),2026-06-20 08:33:00,1.0,39.8893501,-75.2601457,True,False,False,S360256499,
indbun,Indigo Bunting,Passerina cyanea,L504403,John Heinz NWR--impoundment (Philadelphia Co.),2026-06-20 08:33:00,2.0,39.8893501,-75.2601457,True,False,False,S360256499,
coohaw,Cooper's Hawk,Astur cooperii,L504403,John Heinz NWR--impoundment (Philadelphia Co.),2026-06-20 08:00:00,1.0,39.8893501,-75.2601457,True,False,False,S362634616,
grcfly,Great Crested Flycatcher,Myiarchus crinitus,L504403,John Heinz NWR--impoundment (Philadelphia Co.),2026-06-20 08:00:00,1.0,39.8893501,-75.2601457,True,False,False,S362634616,
chiswi,Chimney Swift,Chaetura pelagica,L504403,John Heinz NWR--impoundment (Philadelphia Co.),2026-06-21 15:47:00,2.0,39.8893501,-75.2601457,True,False,False,S361295988,
grbher3,Great Blue Heron,Ardea herodias,L504403,John Heinz NWR--impoundment (Philadelphia Co.),2026-06-21 15:47:00,1.0,39.8893501,-75.2601457,True,False,False,S361295988,
turvul,Turkey Vulture,Cathartes aura,L504403,John Heinz NWR--impoundment (Philadelphia Co.),2026-06-21 15:47:00,2.0,39.8893501,-75.2601457,True,False,False,S361295988,
rebwoo,Red-bellied Woodpecker,Melanerpes carolinus,L504403,John Heinz NWR--impoundment (Philadelphia Co.),2026-06-21 15:47:00,1.0,39.8893501,-75.2601457,True,False,False,S361295988,
norfli,Northern Flicker,Colaptes auratus,L504403,John Heinz NWR--impoundment (Philadelphia Co.),2026-06-21 15:47:00,1.0,39.8893501,-75.2601457,True,False,False,S361295988,
grcfly,Great Crested Flycatcher,Myiarchus crinitus,L504403,John Heinz NWR--impoundment (Philadelphia Co.),2026-06-21 15:47:00,1.0,39.8893501,-75.2601457,True,False,False,S361295988,
eawvir1,Eastern Warbling Vireo,Vireo gilvus,L504403,John Heinz NWR--impoundment (Philadelphia Co.),2026-06-21 15:47:00,1.0,39.8893501,-75.2601457,True,False,False,S361295988,
reevir1,Red-eyed Vireo,Vireo olivaceus,L504403,John Heinz NWR--impoundment (Philadelphia Co.),2026-06-21 15:47:00,2.0,39.8893501,-75.2601457,True,False,False,S361295988,
blujay,Blue Jay,Cyanocitta cristata,L504403,John Heinz NWR--impoundment (Philadelphia Co.),2026-06-21 15:47:00,1.0,39.8893501,-75.2601457,True,False,False,S361295988,
amecro,American Crow,Corvus brachyrhynchos,L504403,John Heinz NWR--impoundment (Philadelphia Co.),2026-06-21 15:47:00,3.0,39.8893501,-75.2601457,True,False,False,S361295988,
treswa,Tree Swallow,Tachycineta bicolor,L504403,John Heinz NWR--impoundment (Philadelphia Co.),2026-06-21 15:47:00,10.0,39.8893501,-75.2601457,True,False,False,S361295988,
buggna,Blue-gray Gnatcatcher,Polioptila caerulea,L504403,John Heinz NWR--impoundment (Philadelphia Co.),2026-06-21 15:47:00,1.0,39.8893501,-75.2601457,True,False,False,S361295988,
houwre,Northern House Wren,Troglodytes aedon,L504403,John Heinz NWR--impoundment (Philadelphia Co.),2026-06-21 15:47:00,2.0,39.8893501,-75.2601457,True,False,False,S361295988,
marwre,Marsh Wren,Cistothorus palustris,L504403,John Heinz NWR--impoundment (Philadelphia Co.),2026-06-21 15:47:00,3.0,39.8893501,-75.2601457,True,False,False,S361295988,
carwre,Carolina Wren,Thryothorus ludovicianus,L504403,John Heinz NWR--impoundment (Philadelphia Co.),2026-06-21 15:47:00,2.0,39.8893501,-75.2601457,True,False,False,S361295988,
grycat,Gray Catbird,Dumetella carolinensis,L504403,John Heinz NWR--impoundment (Philadelphia Co.),2026-06-21 15:47:00,8.0,39.8893501,-75.2601457,True,False,False,S361295988,
woothr,Wood Thrush,Hylocichla mustelina,L504403,John Heinz NWR--impoundment (Philadelphia Co.),2026-06-21 15:47:00,1.0,39.8893501,-75.2601457,True,False,False,S361295988,
amerob,American Robin,Turdus migratorius,L504403,John Heinz NWR--impoundment (Philadelphia Co.),2026-06-21 15:47:00,4.0,39.8893501,-75.2601457,True,False,False,S361295988,
amegfi,American Goldfinch,Spinus tristis,L504403,John Heinz NWR--impoundment (Philadelphia Co.),2026-06-21 15:47:00,2.0,39.8893501,-75.2601457,True,False,False,S361295988,
sonspa,Song Sparrow,Melospiza melodia,L504403,John Heinz NWR--impoundment (Philadelphia Co.),2026-06-21 15:47:00,2.0,39.8893501,-75.2601457,True,False,False,S361295988,
rewbla,Red-winged Blackbird,Agelaius phoeniceus,L504403,John Heinz NWR--impoundment (Philadelphia Co.),2026-06-21 15:47:00,8.0,39.8893501,-75.2601457,True,False,False,S361295988,
comyel,Common Yellowthroat,Geothlypis trichas,L504403,John Heinz NWR--impoundment (Philadelphia Co.),2026-06-21 15:47:00,2.0,39.8893501,-75.2601457,True,False,False,S361295988,
amered,American Redstart,Setophaga ruticilla,L504403,John Heinz NWR--impoundment (Philadelphia Co.),2026-06-21 15:47:00,1.0,39.8893501,-75.2601457,True,False,False,S361295988,
yelwar1,Northern Yellow Warbler,Setophaga aestiva,L504403,John Heinz NWR--impoundment (Philadelphia Co.),2026-06-21 15:47:00,1.0,39.8893501,-75.2601457,True,False,False,S361295988,
norcar,Northern Cardinal,Cardinalis cardinalis,L504403,John Heinz NWR--impoundment (Philadelphia Co.),2026-06-21 15:47:00,4.0,39.8893501,-75.2601457,True,False,False,S361295988,
indbun,Indigo Bunting,Passerina cyanea,L504403,John Heinz NWR--impoundment (Philadelphia Co.),2026-06-21 15:47:00,2.0,39.8893501,-75.2601457,True,False,False,S361295988,
moudov,Mourning Dove,Zenaida macroura,L504403,John Heinz NWR--impoundment (Philadelphia Co.),2026-06-21 12:58:00,1.0,39.8893501,-75.2601457,True,False,False,S361157281,
acafly,Acadian Flycatcher,Empidonax virescens,L504403,John Heinz NWR--impoundment (Philadelphia Co.),2026-06-21 12:58:00,1.0,39.8893501,-75.2601457,True,False,False,S361157281,
barswa,Barn Swallow,Hirundo rustica,L504403,John Heinz NWR--impoundment (Philadelphia Co.),2026-06-21 12:58:00,3.0,39.8893501,-75.2601457,True,False,False,S361157281,
cangoo,Canada Goose,Branta canadensis,L504403,John Heinz NWR--impoundment (Philadelphia Co.),2026-06-21 11:58:00,,39.8893501,-75.2601457,True,False,False,S361182782,
killde,Killdeer,Charadrius vociferus,L504403,John Heinz NWR--impoundment (Philadelphia Co.),2026-06-21 11:58:00,1.0,39.8893501,-75.2601457,True,False,False,S361182782,
grnher,Green Heron,Butorides virescens,L504403,John Heinz NWR--impoundment (Philadelphia Co.),2026-06-21 11:58:00,1.0,39.8893501,-75.2601457,True,False,False,S361182782,
osprey,Osprey,Pandion haliaetus,L504403,John Heinz NWR--impoundment (Philadelphia Co.),2026-06-21 11:58:00,1.0,39.8893501,-75.2601457,True,False,False,S361182782,
rethaw,Red-tailed Hawk,Buteo jamaicensis,L504403,John Heinz NWR--impoundment (Philadelphia Co.),2026-06-21 11:58:00,1.0,39.8893501,-75.2601457,True,False,False,S361182782,
haiwoo,Hairy Woodpecker,Leuconotopicus villosus,L504403,John Heinz NWR--impoundment (Philadelphia Co.),2026-06-21 11:58:00,1.0,39.8893501,-75.2601457,True,False,False,S361182782,
balori,Baltimore Oriole,Icterus galbula,L504403,John Heinz NWR--impoundment (Philadelphia Co.),2026-06-21 11:58:00,2.0,39.8893501,-75.2601457,True,False,False,S361182782,
eawpew,Eastern Wood-Pewee,Contopus virens,L504403,John Heinz NWR--impoundment (Philadelphia Co.),2026-06-21 10:31:00,1.0,39.8893501,-75.2601457,True,False,False,S361083152,
tuftit,Tufted Titmouse,Baeolophus bicolor,L504403,John Heinz NWR--impoundment (Philadelphia Co.),2026-06-21 10:31:00,4.0,39.8893501,-75.2601457,True,False,False,S361083152,
bnhcow,Brown-headed Cowbird,Molothrus ater,L504403,John Heinz NWR--impoundment (Philadelphia Co.),2026-06-21 10:31:00,1.0,39.8893501,-75.2601457,True,False,False,S361083152,
rebwoo,Red-bellied Woodpecker,Melanerpes carolinus,L504403,John Heinz NWR--impoundment (Philadelphia Co.),2026-06-22 09:40:00,1.0,39.8893501,-75.2601457,True,False,False,S361613618,
carwre,Carolina Wren,Thryothorus ludovicianus,L504403,John Heinz NWR--impoundment (Philadelphia Co.),2026-06-22 09:40:00,1.0,39.8893501,-75.2601457,True,False,False,S361613618,
amegfi,American Goldfinch,Spinus tristis,L504403,John Heinz NWR--impoundment (Philadelphia Co.),2026-06-22 09:40:00,1.0,39.8893501,-75.2601457,True,False,False,S361613618,
rewbla,Red-winged Blackbird,Agelaius phoeniceus,L504403,John Heinz NWR--impoundment (Philadelphia Co.),2026-06-22 09:40:00,2.0,39.8893501,-75.2601457,True,False,False,S361613618,
moudov,Mourning Dove,Zenaida macroura,L504403,John Heinz NWR--impoundment (Philadelphia Co.),2026-06-22 07:19:00,4.0,39.8893501,-75.2601457,True,False,False,S361613357,
killde,Killdeer,Charadrius vociferus,L504403,John Heinz NWR--impoundment (Philadelphia Co.),2026-06-22 07:19:00,1.0,39.8893501,-75.2601457,True,False,False,S361613357,
dowwoo,Downy Woodpecker,Dryobates pubescens,L504403,John Heinz NWR--impoundment (Philadelphia Co.),2026-06-22 07:19:00,1.0,39.8893501,-75.2601457,True,False,False,S361613357,
haiwoo,Hairy Woodpecker,Leuconotopicus villosus,L504403,John Heinz NWR--impoundment (Philadelphia Co.),2026-06-22 07:19:00,1.0,39.8893501,-75.2601457,True,False,False,S361613357,
norfli,Northern Flicker,Colaptes auratus,L504403,John Heinz NWR--impoundment (Philadelphia Co.),2026-06-22 07:19:00,2.0,39.8893501,-75.2601457,True,False,False,S361613357,
acafly,Acadian Flycatcher,Empidonax virescens,L504403,John Heinz NWR--impoundment (Philadelphia Co.),2026-06-22 07:19:00,2.0,39.8893501,-75.2601457,True,False,False,S361613357,
wilfly,Willow Flycatcher,Empidonax traillii,L504403,John Heinz NWR--impoundment (Philadelphia Co.),2026-06-22 07:19:00,1.0,39.8893501,-75.2601457,True,False,False,S361613357,
eawvir1,Eastern Warbling Vireo,Vireo gilvus,L504403,John Heinz NWR--impoundment (Philadelphia Co.),2026-06-22 07:19:00,2.0,39.8893501,-75.2601457,True,False,False,S361613357,
blujay,Blue Jay,Cyanocitta cristata,L504403,John Heinz NWR--impoundment (Philadelphia Co.),2026-06-22 07:19:00,2.0,39.8893501,-75.2601457,True,False,False,S361613357,
amecro,American Crow,Corvus brachyrhynchos,L504403,John Heinz NWR--impoundment (Philadelphia Co.),2026-06-22 07:19:00,2.0,39.8893501,-75.2601457,True,False,False,S361613357,
tuftit,Tufted Titmouse,Baeolophus bicolor,L504403,John Heinz NWR--impoundment (Philadelphia Co.),2026-06-22 07:19:00,1.0,39.8893501,-75.2601457,True,False,False,S361613357,
treswa,Tree Swallow,Tachycineta bicolor,L504403,John Heinz NWR--impoundment (Philadelphia Co.),2026-06-22 07:19:00,5.0,39.8893501,-75.2601457,True,False,False,S361613357,
barswa,Barn Swallow,Hirundo rustica,L504403,John Heinz NWR--impoundment (Philadelphia Co.),2026-06-22 07:19:00,4.0,39.8893501,-75.2601457,True,False,False,S361613357,
whbnut,White-breasted Nuthatch,Sitta carolinensis,L504403,John Heinz NWR--impoundment (Philadelphia Co.),2026-06-22 07:19:00,1.0,39.8893501,-75.2601457,True,False,False,S361613357,
buggna,Blue-gray Gnatcatcher,Polioptila caerulea,L504403,John Heinz NWR--impoundment (Philadelphia Co.),2026-06-22 07:19:00,1.0,39.8893501,-75.2601457,True,False,False,S361613357,
houwre,Northern House Wren,Troglodytes aedon,L504403,John Heinz NWR--impoundment (Philadelphia Co.),2026-06-22 07:19:00,1.0,39.8893501,-75.2601457,True,False,False,S361613357,
eursta,European Starling,Sturnus vulgaris,L504403,John Heinz NWR--impoundment (Philadelphia Co.),2026-06-22 07:19:00,1.0,39.8893501,-75.2601457,True,False,False,S361613357,N
grycat,Gray Catbird,Dumetella carolinensis,L504403,John Heinz NWR--impoundment (Philadelphia Co.),2026-06-22 07:19:00,51.0,39.8893501,-75.2601457,True,False,False,S361613357,
woothr,Wood Thrush,Hylocichla mustelina,L504403,John Heinz NWR--impoundment (Philadelphia Co.),2026-06-22 07:19:00,11.0,39.8893501,-75.2601457,True,False,False,S361613357,
amerob,American Robin,Turdus migratorius,L504403,John Heinz NWR--impoundment (Philadelphia Co.),2026-06-22 07:19:00,24.0,39.8893501,-75.2601457,True,False,False,S361613357,
cedwax,Cedar Waxwing,Bombycilla cedrorum,L504403,John Heinz NWR--impoundment (Philadelphia Co.),2026-06-22 07:19:00,2.0,39.8893501,-75.2601457,True,False,False,S361613357,
sonspa,Song Sparrow,Melospiza melodia,L504403,John Heinz NWR--impoundment (Philadelphia Co.),2026-06-22 07:19:00,9.0,39.8893501,-75.2601457,True,False,False,S361613357,
balori,Baltimore Oriole,Icterus galbula,L504403,John Heinz NWR--impoundment (Philadelphia Co.),2026-06-22 07:19:00,1.0,39.8893501,-75.2601457,True,False,False,S361613357,
comgra,Common Grackle,Quiscalus quiscula,L504403,John Heinz NWR--impoundment (Philadelphia Co.),2026-06-22 07:19:00,1.0,39.8893501,-75.2601457,True,False,False,S361613357,
comyel,Common Yellowthroat,Geothlypis trichas,L504403,John Heinz NWR--impoundment (Philadelphia Co.),2026-06-22 07:19:00,13.0,39.8893501,-75.2601457,True,False,False,S361613357,
amered,American Redstart,Setophaga ruticilla,L504403,John Heinz NWR--impoundment (Philadelphia Co.),2026-06-22 07:19:00,1.0,39.8893501,-75.2601457,True,False,False,S361613357,
yelwar1,Northern Yellow Warbler,Setophaga aestiva,L504403,John Heinz NWR--impoundment (Philadelphia Co.),2026-06-22 07:19:00,8.0,39.8893501,-75.2601457,True,False,False,S361613357,
norcar,Northern Cardinal,Cardinalis cardinalis,L504403,John Heinz NWR--impoundment (Philadelphia Co.),2026-06-22 07:19:00,3.0,39.8893501,-75.2601457,True,False,False,S361613357,
chiswi,Chimney Swift,Chaetura pelagica,L504403,John Heinz NWR--impoundment (Philadelphia Co.),2026-06-25 14:56:00,12.0,39.8893501,-75.2601457,True,False,False,S363273690,
osprey,Osprey,Pandion haliaetus,L504403,John Heinz NWR--impoundment (Philadelphia Co.),2026-06-25 14:56:00,1.0,39.8893501,-75.2601457,True,False,False,S363273690,
rebwoo,Red-bellied Woodpecker,Melanerpes carolinus,L504403,John Heinz NWR--impoundment (Philadelphia Co.),2026-06-25 14:56:00,1.0,39.8893501,-75.2601457,True,False,False,S363273690,
norfli,Northern Flicker,Colaptes auratus,L504403,John Heinz NWR--impoundment (Philadelphia Co.),2026-06-25 14:56:00,1.0,39.8893501,-75.2601457,True,False,False,S363273690,
reevir1,Red-eyed Vireo,Vireo olivaceus,L504403,John Heinz NWR--impoundment (Philadelphia Co.),2026-06-25 14:56:00,1.0,39.8893501,-75.2601457,True,False,False,S363273690,
tuftit,Tufted Titmouse,Baeolophus bicolor,L504403,John Heinz NWR--impoundment (Philadelphia Co.),2026-06-25 14:56:00,1.0,39.8893501,-75.2601457,True,False,False,S363273690,
barswa,Barn Swallow,Hirundo rustica,L504403,John Heinz NWR--impoundment (Philadelphia Co.),2026-06-25 14:56:00,7.0,39.8893501,-75.2601457,True,False,False,S363273690,
buggna,Blue-gray Gnatcatcher,Polioptila caerulea,L504403,John Heinz NWR--impoundment (Philadelphia Co.),2026-06-25 14:56:00,1.0,39.8893501,-75.2601457,True,False,False,S363273690,
houwre,Northern House Wren,Troglodytes aedon,L504403,John Heinz NWR--impoundment (Philadelphia Co.),2026-06-25 14:56:00,1.0,39.8893501,-75.2601457,True,False,False,S363273690,
carwre,Carolina Wren,Thryothorus ludovicianus,L504403,John Heinz NWR--impoundment (Philadelphia Co.),2026-06-25 14:56:00,1.0,39.8893501,-75.2601457,True,False,False,S363273690,
amerob,American Robin,Turdus migratorius,L504403,John Heinz NWR--impoundment (Philadelphia Co.),2026-06-25 14:56:00,2.0,39.8893501,-75.2601457,True,False,False,S363273690,
houspa,House Sparrow,Passer domesticus,L504403,John Heinz NWR--impoundment (Philadelphia Co.),2026-06-25 14:56:00,1.0,39.8893501,-75.2601457,True,False,False,S363273690,N
amegfi,American Goldfinch,Spinus tristis,L504403,John Heinz NWR--impoundment (Philadelphia Co.),2026-06-25 14:56:00,1.0,39.8893501,-75.2601457,True,False,False,S363273690,
rewbla,Red-winged Blackbird,Agelaius phoeniceus,L504403,John Heinz NWR--impoundment (Philadelphia Co.),2026-06-25 14:56:00,5.0,39.8893501,-75.2601457,True,False,False,S363273690,
comyel,Common Yellowthroat,Geothlypis trichas,L504403,John Heinz NWR--impoundment (Philadelphia Co.),2026-06-25 14:56:00,1.0,39.8893501,-75.2601457,True,False,False,S363273690,
norcar,Northern Cardinal,Cardinalis cardinalis,L504403,John Heinz NWR--impoundment (Philadelphia Co.),2026-06-25 14:56:00,1.0,39.8893501,-75.2601457,True,False,False,S363273690,
indbun,Indigo Bunting,Passerina cyanea,L504403,John Heinz NWR--impoundment (Philadelphia Co.),2026-06-25 14:56:00,1.0,39.8893501,-75.2601457,True,False,False,S363273690,
moudov,Mourning Dove,Zenaida macroura,L504403,John Heinz NWR--impoundment (Philadelphia Co.),2026-06-25 06:32:00,1.0,39.8893501,-75.2601457,True,False,False,S363059431,
amecro,American Crow,Corvus brachyrhynchos,L504403,John Heinz NWR--impoundment (Philadelphia Co.),2026-06-25 06:32:00,6.0,39.8893501,-75.2601457,True,False,False,S363059431,
treswa,Tree Swallow,Tachycineta bicolor,L504403,John Heinz NWR--impoundment (Philadelphia Co.),2026-06-25 06:32:00,6.0,39.8893501,-75.2601457,True,False,False,S363059431,
grycat,Gray Catbird,Dumetella carolinensis,L504403,John Heinz NWR--impoundment (Philadelphia Co.),2026-06-25 06:32:00,16.0,39.8893501,-75.2601457,True,False,False,S363059431,
sonspa,Song Sparrow,Melospiza melodia,L504403,John Heinz NWR--impoundment (Philadelphia Co.),2026-06-25 06:32:00,2.0,39.8893501,-75.2601457,True,False,False,S363059431,
rebwoo,Red-bellied Woodpecker,Melanerpes carolinus,L504403,John Heinz NWR--impoundment (Philadelphia Co.),2026-06-26 13:21:00,2.0,39.8893501,-75.2601457,True,False,False,S363699494,
barswa,Barn Swallow,Hirundo rustica,L504403,John Heinz NWR--impoundment (Philadelphia Co.),2026-06-26 13:21:00,2.0,39.8893501,-75.2601457,True,False,False,S363699494,
grycat,Gray Catbird,Dumetella carolinensis,L504403,John Heinz NWR--impoundment (Philadelphia Co.),2026-06-26 13:21:00,2.0,39.8893501,-75.2601457,True,False,False,S363699494,
amerob,American Robin,Turdus migratorius,L504403,John Heinz NWR--impoundment (Philadelphia Co.),2026-06-26 13:21:00,3.0,39.8893501,-75.2601457,True,False,False,S363699494,
amegfi,American Goldfinch,Spinus tristis,L504403,John Heinz NWR--impoundment (Philadelphia Co.),2026-06-26 13:21:00,2.0,39.8893501,-75.2601457,True,False,False,S363699494,
rewbla,Red-winged Blackbird,Agelaius phoeniceus,L504403,John Heinz NWR--impoundment (Philadelphia Co.),2026-06-26 13:21:00,2.0,39.8893501,-75.2601457,True,False,False,S363699494,
norcar,Northern Cardinal,Cardinalis cardinalis,L504403,John Heinz NWR--impoundment (Philadelphia Co.),2026-06-26 13:21:00,1.0,39.8893501,-75.2601457,True,False,False,S363699494,
moudov,Mourning Dove,Zenaida macroura,L504403,John Heinz NWR--impoundment (Philadelphia Co.),2026-06-26 10:03:00,1.0,39.8893501,-75.2601457,True,False,False,S363668447,
grbher3,Great Blue Heron,Ardea herodias,L504403,John Heinz NWR--impoundment (Philadelphia Co.),2026-06-26 10:03:00,1.0,39.8893501,-75.2601457,True,False,False,S363668447,
osprey,Osprey,Pandion haliaetus,L504403,John Heinz NWR--impoundment (Philadelphia Co.),2026-06-26 10:03:00,1.0,39.8893501,-75.2601457,True,False,False,S363668447,
easkin,Eastern Kingbird,Tyrannus tyrannus,L504403,John Heinz NWR--impoundment (Philadelphia Co.),2026-06-26 10:03:00,1.0,39.8893501,-75.2601457,True,False,False,S363668447,
amecro,American Crow,Corvus brachyrhynchos,L504403,John Heinz NWR--impoundment (Philadelphia Co.),2026-06-26 10:03:00,4.0,39.8893501,-75.2601457,True,False,False,S363668447,
carchi,Carolina Chickadee,Poecile carolinensis,L504403,John Heinz NWR--impoundment (Philadelphia Co.),2026-06-26 10:03:00,1.0,39.8893501,-75.2601457,True,False,False,S363668447,
treswa,Tree Swallow,Tachycineta bicolor,L504403,John Heinz NWR--impoundment (Philadelphia Co.),2026-06-26 10:03:00,3.0,39.8893501,-75.2601457,True,False,False,S363668447,
whbnut,White-breasted Nuthatch,Sitta carolinensis,L504403,John Heinz NWR--impoundment (Philadelphia Co.),2026-06-26 10:03:00,2.0,39.8893501,-75.2601457,True,False,False,S363668447,
houwre,Northern House Wren,Troglodytes aedon,L504403,John Heinz NWR--impoundment (Philadelphia Co.),2026-06-26 10:03:00,1.0,39.8893501,-75.2601457,True,False,False,S363668447,
comyel,Common Yellowthroat,Geothlypis trichas,L504403,John Heinz NWR--impoundment (Philadelphia Co.),2026-06-26 10:03:00,1.0,39.8893501,-75.2601457,True,False,False,S363668447,
indbun,Indigo Bunting,Passerina cyanea,L504403,John Heinz NWR--impoundment (Philadelphia Co.),2026-06-26 10:03:00,2.0,39.8893501,-75.2601457,True,False,False,S363668447,
mallar3,Mallard,Anas platyrhynchos,L504403,John Heinz NWR--impoundment (Philadelphia Co.),2026-06-27 16:30:00,3.0,39.8893501,-75.2601457,True,False,False,S364466541,
norfli,Northern Flicker,Colaptes auratus,L504403,John Heinz NWR--impoundment (Philadelphia Co.),2026-06-27 16:30:00,3.0,39.8893501,-75.2601457,True,False,False,S364466541,
barswa,Barn Swallow,Hirundo rustica,L504403,John Heinz NWR--impoundment (Philadelphia Co.),2026-06-27 16:30:00,,39.8893501,-75.2601457,True,False,False,S364466541,
marwre,Marsh Wren,Cistothorus palustris,L504403,John Heinz NWR--impoundment (Philadelphia Co.),2026-06-27 16:30:00,1.0,39.8893501,-75.2601457,True,False,False,S364466541,
woothr,Wood Thrush,Hylocichla mustelina,L504403,John Heinz NWR--impoundment (Philadelphia Co.),2026-06-27 16:30:00,1.0,39.8893501,-75.2601457,True,False,False,S364466541,
amerob,American Robin,Turdus migratorius,L504403,John Heinz NWR--impoundment (Philadelphia Co.),2026-06-27 16:30:00,,39.8893501,-75.2601457,True,False,False,S364466541,
houfin,House Finch,Haemorhous mexicanus,L504403,John Heinz NWR--impoundment (Philadelphia Co.),2026-06-27 16:30:00,2.0,39.8893501,-75.2601457,True,False,False,S364466541,N
rewbla,Red-winged Blackbird,Agelaius phoeniceus,L504403,John Heinz NWR--impoundment (Philadelphia Co.),2026-06-27 16:30:00,,39.8893501,-75.2601457,True,False,False,S364466541,
norcar,Northern Cardinal,Cardinalis cardinalis,L504403,John Heinz NWR--impoundment (Philadelphia Co.),2026-06-27 16:30:00,2.0,39.8893501,-75.2601457,True,False,False,S364466541,
cangoo,Canada Goose,Branta canadensis,L504403,John Heinz NWR--impoundment (Philadelphia Co.),2026-06-27 08:00:00,2.0,39.8893501,-75.2601457,True,False,False,S364384505,
moudov,Mourning Dove,Zenaida macroura,L504403,John Heinz NWR--impoundment (Philadelphia Co.),2026-06-27 08:00:00,2.0,39.8893501,-75.2601457,True,False,False,S364384505,
chiswi,Chimney Swift,Chaetura pelagica,L504403,John Heinz NWR--impoundment (Philadelphia Co.),2026-06-27 08:00:00,4.0,39.8893501,-75.2601457,True,False,False,S364384505,
rthhum,Ruby-throated Hummingbird,Archilochus colubris,L504403,John Heinz NWR--impoundment (Philadelphia Co.),2026-06-27 08:00:00,1.0,39.8893501,-75.2601457,True,False,False,S364384505,
grnher,Green Heron,Butorides virescens,L504403,John Heinz NWR--impoundment (Philadelphia Co.),2026-06-27 08:00:00,1.0,39.8893501,-75.2601457,True,False,False,S364384505,
osprey,Osprey,Pandion haliaetus,L504403,John Heinz NWR--impoundment (Philadelphia Co.),2026-06-27 08:00:00,3.0,39.8893501,-75.2601457,True,False,False,S364384505,
rebwoo,Red-bellied Woodpecker,Melanerpes carolinus,L504403,John Heinz NWR--impoundment (Philadelphia Co.),2026-06-27 08:00:00,2.0,39.8893501,-75.2601457,True,False,False,S364384505,
dowwoo,Downy Woodpecker,Dryobates pubescens,L504403,John Heinz NWR--impoundment (Philadelphia Co.),2026-06-27 08:00:00,4.0,39.8893501,-75.2601457,True,False,False,S364384505,
acafly,Acadian Flycatcher,Empidonax virescens,L504403,John Heinz NWR--impoundment (Philadelphia Co.),2026-06-27 08:00:00,3.0,39.8893501,-75.2601457,True,False,False,S364384505,
wilfly,Willow Flycatcher,Empidonax traillii,L504403,John Heinz NWR--impoundment (Philadelphia Co.),2026-06-27 08:00:00,1.0,39.8893501,-75.2601457,True,False,False,S364384505,
grcfly,Great Crested Flycatcher,Myiarchus crinitus,L504403,John Heinz NWR--impoundment (Philadelphia Co.),2026-06-27 08:00:00,4.0,39.8893501,-75.2601457,True,False,False,S364384505,
easkin,Eastern Kingbird,Tyrannus tyrannus,L504403,John Heinz NWR--impoundment (Philadelphia Co.),2026-06-27 08:00:00,2.0,39.8893501,-75.2601457,True,False,False,S364384505,
reevir1,Red-eyed Vireo,Vireo olivaceus,L504403,John Heinz NWR--impoundment (Philadelphia Co.),2026-06-27 08:00:00,4.0,39.8893501,-75.2601457,True,False,False,S364384505,
blujay,Blue Jay,Cyanocitta cristata,L504403,John Heinz NWR--impoundment (Philadelphia Co.),2026-06-27 08:00:00,2.0,39.8893501,-75.2601457,True,False,False,S364384505,
amecro,American Crow,Corvus brachyrhynchos,L504403,John Heinz NWR--impoundment (Philadelphia Co.),2026-06-27 08:00:00,6.0,39.8893501,-75.2601457,True,False,False,S364384505,
fiscro,Fish Crow,Corvus ossifragus,L504403,John Heinz NWR--impoundment (Philadelphia Co.),2026-06-27 08:00:00,2.0,39.8893501,-75.2601457,True,False,False,S364384505,
carchi,Carolina Chickadee,Poecile carolinensis,L504403,John Heinz NWR--impoundment (Philadelphia Co.),2026-06-27 08:00:00,1.0,39.8893501,-75.2601457,True,False,False,S364384505,
tuftit,Tufted Titmouse,Baeolophus bicolor,L504403,John Heinz NWR--impoundment (Philadelphia Co.),2026-06-27 08:00:00,2.0,39.8893501,-75.2601457,True,False,False,S364384505,
treswa,Tree Swallow,Tachycineta bicolor,L504403,John Heinz NWR--impoundment (Philadelphia Co.),2026-06-27 08:00:00,15.0,39.8893501,-75.2601457,True,False,False,S364384505,
nrwswa,Northern Rough-winged Swallow,Stelgidopteryx serripennis,L504403,John Heinz NWR--impoundment (Philadelphia Co.),2026-06-27 08:00:00,1.0,39.8893501,-75.2601457,True,False,False,S364384505,
whbnut,White-breasted Nuthatch,Sitta carolinensis,L504403,John Heinz NWR--impoundment (Philadelphia Co.),2026-06-27 08:00:00,1.0,39.8893501,-75.2601457,True,False,False,S364384505,
buggna,Blue-gray Gnatcatcher,Polioptila caerulea,L504403,John Heinz NWR--impoundment (Philadelphia Co.),2026-06-27 08:00:00,3.0,39.8893501,-75.2601457,True,False,False,S364384505,
houwre,Northern House Wren,Troglodytes aedon,L504403,John Heinz NWR--impoundment (Philadelphia Co.),2026-06-27 08:00:00,4.0,39.8893501,-75.2601457,True,False,False,S364384505,
carwre,Carolina Wren,Thryothorus ludovicianus,L504403,John Heinz NWR--impoundment (Philadelphia Co.),2026-06-27 08:00:00,3.0,39.8893501,-75.2601457,True,False,False,S364384505,
eursta,European Starling,Sturnus vulgaris,L504403,John Heinz NWR--impoundment (Philadelphia Co.),2026-06-27 08:00:00,6.0,39.8893501,-75.2601457,True,False,False,S364384505,N
grycat,Gray Catbird,Dumetella carolinensis,L504403,John Heinz NWR--impoundment (Philadelphia Co.),2026-06-27 08:00:00,32.0,39.8893501,-75.2601457,True,False,False,S364384505,
cedwax,Cedar Waxwing,Bombycilla cedrorum,L504403,John Heinz NWR--impoundment (Philadelphia Co.),2026-06-27 08:00:00,5.0,39.8893501,-75.2601457,True,False,False,S364384505,
amegfi,American Goldfinch,Spinus tristis,L504403,John Heinz NWR--impoundment (Philadelphia Co.),2026-06-27 08:00:00,4.0,39.8893501,-75.2601457,True,False,False,S364384505,
sonspa,Song Sparrow,Melospiza melodia,L504403,John Heinz NWR--impoundment (Philadelphia Co.),2026-06-27 08:00:00,1.0,39.8893501,-75.2601457,True,False,False,S364384505,
balori,Baltimore Oriole,Icterus galbula,L504403,John Heinz NWR--impoundment (Philadelphia Co.),2026-06-27 08:00:00,2.0,39.8893501,-75.2601457,True,False,False,S364384505,
bnhcow,Brown-headed Cowbird,Molothrus ater,L504403,John Heinz NWR--impoundment (Philadelphia Co.),2026-06-27 08:00:00,4.0,39.8893501,-75.2601457,True,False,False,S364384505,
comgra,Common Grackle,Quiscalus quiscula,L504403,John Heinz NWR--impoundment (Philadelphia Co.),2026-06-27 08:00:00,4.0,39.8893501,-75.2601457,True,False,False,S364384505,
comyel,Common Yellowthroat,Geothlypis trichas,L504403,John Heinz NWR--impoundment (Philadelphia Co.),2026-06-27 08:00:00,4.0,39.8893501,-75.2601457,True,False,False,S364384505,
yelwar1,Northern Yellow Warbler,Setophaga aestiva,L504403,John Heinz NWR--impoundment (Philadelphia Co.),2026-06-27 08:00:00,1.0,39.8893501,-75.2601457,True,False,False,S364384505,
indbun,Indigo Bunting,Passerina cyanea,L504403,John Heinz NWR--impoundment (Philadelphia Co.),2026-06-27 08:00:00,4.0,39.8893501,-75.2601457,True,False,False,S364384505,
eawvir1,Eastern Warbling Vireo,Vireo gilvus,L504403,John Heinz NWR--impoundment (Philadelphia Co.),2026-06-27 06:30:00,1.0,39.8893501,-75.2601457,True,False,False,S364082496,
chispa,Chipping Sparrow,Spizella passerina,L504403,John Heinz NWR--impoundment (Philadelphia Co.),2026-06-27 06:30:00,1.0,39.8893501,-75.2601457,True,False,False,S364082496,
osprey,Osprey,Pandion haliaetus,L504403,John Heinz NWR--impoundment (Philadelphia Co.),2026-06-28 11:03:00,1.0,39.8893501,-75.2601457,True,False,False,S364864241,
eawpew,Eastern Wood-Pewee,Contopus virens,L504403,John Heinz NWR--impoundment (Philadelphia Co.),2026-06-28 11:03:00,2.0,39.8893501,-75.2601457,True,False,False,S364864241,
eawvir1,Eastern Warbling Vireo,Vireo gilvus,L504403,John Heinz NWR--impoundment (Philadelphia Co.),2026-06-28 11:03:00,1.0,39.8893501,-75.2601457,True,False,False,S364864241,
reevir1,Red-eyed Vireo,Vireo olivaceus,L504403,John Heinz NWR--impoundment (Philadelphia Co.),2026-06-28 11:03:00,1.0,39.8893501,-75.2601457,True,False,False,S364864241,
blujay,Blue Jay,Cyanocitta cristata,L504403,John Heinz NWR--impoundment (Philadelphia Co.),2026-06-28 11:03:00,1.0,39.8893501,-75.2601457,True,False,False,S364864241,
amecro,American Crow,Corvus brachyrhynchos,L504403,John Heinz NWR--impoundment (Philadelphia Co.),2026-06-28 11:03:00,1.0,39.8893501,-75.2601457,True,False,False,S364864241,
tuftit,Tufted Titmouse,Baeolophus bicolor,L504403,John Heinz NWR--impoundment (Philadelphia Co.),2026-06-28 11:03:00,3.0,39.8893501,-75.2601457,True,False,False,S364864241,
barswa,Barn Swallow,Hirundo rustica,L504403,John Heinz NWR--impoundment (Philadelphia Co.),2026-06-28 11:03:00,,39.8893501,-75.2601457,True,False,False,S364864241,
buggna,Blue-gray Gnatcatcher,Polioptila caerulea,L504403,John Heinz NWR--impoundment (Philadelphia Co.),2026-06-28 11:03:00,1.0,39.8893501,-75.2601457,True,False,False,S364864241,
houwre,Northern House Wren,Troglodytes aedon,L504403,John Heinz NWR--impoundment (Philadelphia Co.),2026-06-28 11:03:00,3.0,39.8893501,-75.2601457,True,False,False,S364864241,
marwre,Marsh Wren,Cistothorus palustris,L504403,John Heinz NWR--impoundment (Philadelphia Co.),2026-06-28 11:03:00,2.0,39.8893501,-75.2601457,True,False,False,S364864241,
carwre,Carolina Wren,Thryothorus ludovicianus,L504403,John Heinz NWR--impoundment (Philadelphia Co.),2026-06-28 11:03:00,1.0,39.8893501,-75.2601457,True,False,False,S364864241,
grycat,Gray Catbird,Dumetella carolinensis,L504403,John Heinz NWR--impoundment (Philadelphia Co.),2026-06-28 11:03:00,2.0,39.8893501,-75.2601457,True,False,False,S364864241,
woothr,Wood Thrush,Hylocichla mustelina,L504403,John Heinz NWR--impoundment (Philadelphia Co.),2026-06-28 11:03:00,1.0,39.8893501,-75.2601457,True,False,False,S364864241,
amerob,American Robin,Turdus migratorius,L504403,John Heinz NWR--impoundment (Philadelphia Co.),2026-06-28 11:03:00,5.0,39.8893501,-75.2601457,True,False,False,S364864241,
rewbla,Red-winged Blackbird,Agelaius phoeniceus,L504403,John Heinz NWR--impoundment (Philadelphia Co.),2026-06-28 11:03:00,3.0,39.8893501,-75.2601457,True,False,False,S364864241,
bnhcow,Brown-headed Cowbird,Molothrus ater,L504403,John Heinz NWR--impoundment (Philadelphia Co.),2026-06-28 11:03:00,1.0,39.8893501,-75.2601457,True,False,False,S364864241,
comyel,Common Yellowthroat,Geothlypis trichas,L504403,John Heinz NWR--impoundment (Philadelphia Co.),2026-06-28 11:03:00,5.0,39.8893501,-75.2601457,True,False,False,S364864241,
yelwar1,Northern Yellow Warbler,Setophaga aestiva,L504403,John Heinz NWR--impoundment (Philadelphia Co.),2026-06-28 11:03:00,1.0,39.8893501,-75.2601457,True,False,False,S364864241,
norcar,Northern Cardinal,Cardinalis cardinalis,L504403,John Heinz NWR--impoundment (Philadelphia Co.),2026-06-28 11:03:00,2.0,39.8893501,-75.2601457,True,False,False,S364864241,
indbun,Indigo Bunting,Passerina cyanea,L504403,John Heinz NWR--impoundment (Philadelphia Co.),2026-06-28 11:03:00,2.0,39.8893501,-75.2601457,True,False,False,S364864241,
rthhum,Ruby-throated Hummingbird,Archilochus colubris,L504403,John Heinz NWR--impoundment (Philadelphia Co.),2026-06-28 10:32:00,1.0,39.8893501,-75.2601457,True,False,False,S364838022,
turvul,Turkey Vulture,Cathartes aura,L504403,John Heinz NWR--impoundment (Philadelphia Co.),2026-06-28 10:32:00,1.0,39.8893501,-75.2601457,True,False,False,S364838022,
rebwoo,Red-bellied Woodpecker,Melanerpes carolinus,L504403,John Heinz NWR--impoundment (Philadelphia Co.),2026-06-28 10:32:00,2.0,39.8893501,-75.2601457,True,False,False,S364838022,
dowwoo,Downy Woodpecker,Dryobates pubescens,L504403,John Heinz NWR--impoundment (Philadelphia Co.),2026-06-28 10:32:00,1.0,39.8893501,-75.2601457,True,False,False,S364838022,
haiwoo,Hairy Woodpecker,Leuconotopicus villosus,L504403,John Heinz NWR--impoundment (Philadelphia Co.),2026-06-28 10:32:00,2.0,39.8893501,-75.2601457,True,False,False,S364838022,
acafly,Acadian Flycatcher,Empidonax virescens,L504403,John Heinz NWR--impoundment (Philadelphia Co.),2026-06-28 10:32:00,1.0,39.8893501,-75.2601457,True,False,False,S364838022,
balori,Baltimore Oriole,Icterus galbula,L504403,John Heinz NWR--impoundment (Philadelphia Co.),2026-06-28 10:32:00,2.0,39.8893501,-75.2601457,True,False,False,S364838022,
moudov,Mourning Dove,Zenaida macroura,L504403,John Heinz NWR--impoundment (Philadelphia Co.),2026-06-28 08:02:00,2.0,39.8893501,-75.2601457,True,False,False,S364760662,
fiscro,Fish Crow,Corvus ossifragus,L504403,John Heinz NWR--impoundment (Philadelphia Co.),2026-06-28 08:02:00,1.0,39.8893501,-75.2601457,True,False,False,S364760662,
treswa,Tree Swallow,Tachycineta bicolor,L504403,John Heinz NWR--impoundment (Philadelphia Co.),2026-06-28 08:02:00,12.0,39.8893501,-75.2601457,True,False,False,S364760662,
sonspa,Song Sparrow,Melospiza melodia,L504403,John Heinz NWR--impoundment (Philadelphia Co.),2026-06-28 08:02:00,1.0,39.8893501,-75.2601457,True,False,False,S364760662,
sposan,Spotted Sandpiper,Actitis macularius,L504403,John Heinz NWR--impoundment (Philadelphia Co.),2026-06-28 07:15:00,1.0,39.8893501,-75.2601457,True,False,False,S364744444,
grbher3,Great Blue Heron,Ardea herodias,L504403,John Heinz NWR--impoundment (Philadelphia Co.),2026-06-28 07:15:00,1.0,39.8893501,-75.2601457,True,False,False,S364744444,
easkin,Eastern Kingbird,Tyrannus tyrannus,L504403,John Heinz NWR--impoundment (Philadelphia Co.),2026-06-28 07:15:00,2.0,39.8893501,-75.2601457,True,False,False,S364744444,
carchi,Carolina Chickadee,Poecile carolinensis,L504403,John Heinz NWR--impoundment (Philadelphia Co.),2026-06-28 07:15:00,2.0,39.8893501,-75.2601457,True,False,False,S364744444,
cedwax,Cedar Waxwing,Bombycilla cedrorum,L504403,John Heinz NWR--impoundment (Philadelphia Co.),2026-06-28 07:15:00,1.0,39.8893501,-75.2601457,True,False,False,S364744444,
amegfi,American Goldfinch,Spinus tristis,L504403,John Heinz NWR--impoundment (Philadelphia Co.),2026-06-28 07:15:00,1.0,39.8893501,-75.2601457,True,False,False,S364744444,
moudov,Mourning Dove,Zenaida macroura,L504403,John Heinz NWR--impoundment (Philadelphia Co.),2026-06-29 09:47:00,,39.8893501,-75.2601457,True,False,False,S365371659,
rthhum,Ruby-throated Hummingbird,Archilochus colubris,L504403,John Heinz NWR--impoundment (Philadelphia Co.),2026-06-29 09:47:00,1.0,39.8893501,-75.2601457,True,False,False,S365371659,
turvul,Turkey Vulture,Cathartes aura,L504403,John Heinz NWR--impoundment (Philadelphia Co.),2026-06-29 09:47:00,2.0,39.8893501,-75.2601457,True,False,False,S365371659,
osprey,Osprey,Pandion haliaetus,L504403,John Heinz NWR--impoundment (Philadelphia Co.),2026-06-29 09:47:00,1.0,39.8893501,-75.2601457,True,False,False,S365371659,
barswa,Barn Swallow,Hirundo rustica,L504403,John Heinz NWR--impoundment (Philadelphia Co.),2026-06-29 09:47:00,,39.8893501,-75.2601457,True,False,False,S365371659,
buggna,Blue-gray Gnatcatcher,Polioptila caerulea,L504403,John Heinz NWR--impoundment (Philadelphia Co.),2026-06-29 09:47:00,1.0,39.8893501,-75.2601457,True,False,False,S365371659,
marwre,Marsh Wren,Cistothorus palustris,L504403,John Heinz NWR--impoundment (Philadelphia Co.),2026-06-29 09:47:00,1.0,39.8893501,-75.2601457,True,False,False,S365371659,
carwre,Carolina Wren,Thryothorus ludovicianus,L504403,John Heinz NWR--impoundment (Philadelphia Co.),2026-06-29 09:47:00,1.0,39.8893501,-75.2601457,True,False,False,S365371659,
amerob,American Robin,Turdus migratorius,L504403,John Heinz NWR--impoundment (Philadelphia Co.),2026-06-29 09:47:00,,39.8893501,-75.2601457,True,False,False,S365371659,
cedwax,Cedar Waxwing,Bombycilla cedrorum,L504403,John Heinz NWR--impoundment (Philadelphia Co.),2026-06-29 09:47:00,3.0,39.8893501,-75.2601457,True,False,False,S365371659,
sonspa,Song Sparrow,Melospiza melodia,L504403,John Heinz NWR--impoundment (Philadelphia Co.),2026-06-29 09:47:00,,39.8893501,-75.2601457,True,False,False,S365371659,
rewbla,Red-winged Blackbird,Agelaius phoeniceus,L504403,John Heinz NWR--impoundment (Philadelphia Co.),2026-06-29 09:47:00,,39.8893501,-75.2601457,True,False,False,S365371659,
comyel,Common Yellowthroat,Geothlypis trichas,L504403,John Heinz NWR--impoundment (Philadelphia Co.),2026-06-29 09:47:00,1.0,39.8893501,-75.2601457,True,False,False,S365371659,
yelwar1,Northern Yellow Warbler,Setophaga aestiva,L504403,John Heinz NWR--impoundment (Philadelphia Co.),2026-06-29 09:47:00,2.0,39.8893501,-75.2601457,True,False,False,S365371659,
norcar,Northern Cardinal,Cardinalis cardinalis,L504403,John Heinz NWR--impoundment (Philadelphia Co.),2026-06-29 09:47:00,1.0,39.8893501,-75.2601457,True,False,False,S365371659,
grycat,Gray Catbird,Dumetella carolinensis,L504403,John Heinz NWR--impoundment (Philadelphia Co.),2026-06-29 06:23:00,2.0,39.8893501,-75.2601457,True,False,False,S365233677,
amered,American Redstart,Setophaga ruticilla,L504403,John Heinz NWR--impoundment (Philadelphia Co.),2026-06-29 06:23:00,1.0,39.8893501,-75.2601457,True,False,False,S365233677,
