species_code,common_name,scientific_name,location_id,location_name,observation_datetime,bird_count,latitude,longitude
cangoo,Canada Goose,Branta canadensis,L1025768,Franklin Delano Roosevelt (FDR) Park,2026-06-01 15:40:00,6,39.9027901,-75.1819754
mallar3,Mallard,Anas platyrhynchos,L1025768,Franklin Delano Roosevelt (FDR) Park,2026-06-01 15:40:00,1,39.9027901,-75.1819754
chiswi,Chimney Swift,Chaetura pelagica,L1025768,Franklin Delano Roosevelt (FDR) Park,2026-06-01 15:40:00,6,39.9027901,-75.1819754
doccor,Double-crested Cormorant,Nannopterum auritum,L1025768,Franklin Delano Roosevelt (FDR) Park,2026-06-01 15:40:00,1,39.9027901,-75.1819754
turvul,Turkey Vulture,Cathartes aura,L1025768,Franklin Delano Roosevelt (FDR) Park,2026-06-01 15:40:00,2,39.9027901,-75.1819754
osprey,Osprey,Pandion haliaetus,L1025768,Franklin Delano Roosevelt (FDR) Park,2026-06-01 15:40:00,2,39.9027901,-75.1819754
rethaw,Red-tailed Hawk,Buteo jamaicensis,L1025768,Franklin Delano Roosevelt (FDR) Park,2026-06-01 15:40:00,1,39.9027901,-75.1819754
norfli,Northern Flicker,Colaptes auratus,L1025768,Franklin Delano Roosevelt (FDR) Park,2026-06-01 15:40:00,1,39.9027901,-75.1819754
eawpew,Eastern Wood-Pewee,Contopus virens,L1025768,Franklin Delano Roosevelt (FDR) Park,2026-06-01 15:40:00,1,39.9027901,-75.1819754
grcfly,Great Crested Flycatcher,Myiarchus crinitus,L1025768,Franklin Delano Roosevelt (FDR) Park,2026-06-01 15:40:00,1,39.9027901,-75.1819754
easkin,Eastern Kingbird,Tyrannus tyrannus,L1025768,Franklin Delano Roosevelt (FDR) Park,2026-06-01 15:40:00,1,39.9027901,-75.1819754
eawvir1,Eastern Warbling Vireo,Vireo gilvus,L1025768,Franklin Delano Roosevelt (FDR) Park,2026-06-01 15:40:00,2,39.9027901,-75.1819754
blujay,Blue Jay,Cyanocitta cristata,L1025768,Franklin Delano Roosevelt (FDR) Park,2026-06-01 15:40:00,2,39.9027901,-75.1819754
amecro,American Crow,Corvus brachyrhynchos,L1025768,Franklin Delano Roosevelt (FDR) Park,2026-06-01 15:40:00,2,39.9027901,-75.1819754
treswa,Tree Swallow,Tachycineta bicolor,L1025768,Franklin Delano Roosevelt (FDR) Park,2026-06-01 15:40:00,5,39.9027901,-75.1819754
nrwswa,Northern Rough-winged Swallow,Stelgidopteryx serripennis,L1025768,Franklin Delano Roosevelt (FDR) Park,2026-06-01 15:40:00,10,39.9027901,-75.1819754
buggna,Blue-gray Gnatcatcher,Polioptila caerulea,L1025768,Franklin Delano Roosevelt (FDR) Park,2026-06-01 15:40:00,2,39.9027901,-75.1819754
houwre,Northern House Wren,Troglodytes aedon,L1025768,Franklin Delano Roosevelt (FDR) Park,2026-06-01 15:40:00,1,39.9027901,-75.1819754
eursta,European Starling,Sturnus vulgaris,L1025768,Franklin Delano Roosevelt (FDR) Park,2026-06-01 15:40:00,2,39.9027901,-75.1819754
grycat,Gray Catbird,Dumetella carolinensis,L1025768,Franklin Delano Roosevelt (FDR) Park,2026-06-01 15:40:00,4,39.9027901,-75.1819754
amerob,American Robin,Turdus migratorius,L1025768,Franklin Delano Roosevelt (FDR) Park,2026-06-01 15:40:00,8,39.9027901,-75.1819754
cedwax,Cedar Waxwing,Bombycilla cedrorum,L1025768,Franklin Delano Roosevelt (FDR) Park,2026-06-01 15:40:00,2,39.9027901,-75.1819754
houfin,House Finch,Haemorhous mexicanus,L1025768,Franklin Delano Roosevelt (FDR) Park,2026-06-01 15:40:00,1,39.9027901,-75.1819754
amegfi,American Goldfinch,Spinus tristis,L1025768,Franklin Delano Roosevelt (FDR) Park,2026-06-01 15:40:00,5,39.9027901,-75.1819754
sonspa,Song Sparrow,Melospiza melodia,L1025768,Franklin Delano Roosevelt (FDR) Park,2026-06-01 15:40:00,1,39.9027901,-75.1819754
balori,Baltimore Oriole,Icterus galbula,L1025768,Franklin Delano Roosevelt (FDR) Park,2026-06-01 15:40:00,1,39.9027901,-75.1819754
rewbla,Red-winged Blackbird,Agelaius phoeniceus,L1025768,Franklin Delano Roosevelt (FDR) Park,2026-06-01 15:40:00,1,39.9027901,-75.1819754
bnhcow,Brown-headed Cowbird,Molothrus ater,L1025768,Franklin Delano Roosevelt (FDR) Park,2026-06-01 15:40:00,4,39.9027901,-75.1819754
comgra,Common Grackle,Quiscalus quiscula,L1025768,Franklin Delano Roosevelt (FDR) Park,2026-06-01 15:40:00,1,39.9027901,-75.1819754
comyel,Common Yellowthroat,Geothlypis trichas,L1025768,Franklin Delano Roosevelt (FDR) Park,2026-06-01 15:40:00,1,39.9027901,-75.1819754
yelwar1,Northern Yellow Warbler,Setophaga aestiva,L1025768,Franklin Delano Roosevelt (FDR) Park,2026-06-01 15:40:00,1,39.9027901,-75.1819754
norcar,Northern Cardinal,Cardinalis cardinalis,L1025768,Franklin Delano Roosevelt (FDR) Park,2026-06-01 15:40:00,1,39.9027901,-75.1819754
moudov,Mourning Dove,Zenaida macroura,L1025768,Franklin Delano Roosevelt (FDR) Park,2026-06-02 17:35:00,4,39.9027901,-75.1819754
osprey,Osprey,Pandion haliaetus,L1025768,Franklin Delano Roosevelt (FDR) Park,2026-06-02 17:35:00,2,39.9027901,-75.1819754
rebwoo,Red-bellied Woodpecker,Melanerpes carolinus,L1025768,Franklin Delano Roosevelt (FDR) Park,2026-06-02 17:35:00,1,39.9027901,-75.1819754
dowwoo,Downy Woodpecker,Dryobates pubescens,L1025768,Franklin Delano Roosevelt (FDR) Park,2026-06-02 17:35:00,1,39.9027901,-75.1819754
norfli,Northern Flicker,Colaptes auratus,L1025768,Franklin Delano Roosevelt (FDR) Park,2026-06-02 17:35:00,1,39.9027901,-75.1819754
eawpew,Eastern Wood-Pewee,Contopus virens,L1025768,Franklin Delano Roosevelt (FDR) Park,2026-06-02 17:35:00,1,39.9027901,-75.1819754
easkin,Eastern Kingbird,Tyrannus tyrannus,L1025768,Franklin Delano Roosevelt (FDR) Park,2026-06-02 17:35:00,2,39.9027901,-75.1819754
eawvir1,Eastern Warbling Vireo,Vireo gilvus,L1025768,Franklin Delano Roosevelt (FDR) Park,2026-06-02 17:35:00,4,39.9027901,-75.1819754
blujay,Blue Jay,Cyanocitta cristata,L1025768,Franklin Delano Roosevelt (FDR) Park,2026-06-02 17:35:00,3,39.9027901,-75.1819754
amecro,American Crow,Corvus brachyrhynchos,L1025768,Franklin Delano Roosevelt (FDR) Park,2026-06-02 17:35:00,3,39.9027901,-75.1819754
nrwswa,Northern Rough-winged Swallow,Stelgidopteryx serripennis,L1025768,Franklin Delano Roosevelt (FDR) Park,2026-06-02 17:35:00,4,39.9027901,-75.1819754
buggna,Blue-gray Gnatcatcher,Polioptila caerulea,L1025768,Franklin Delano Roosevelt (FDR) Park,2026-06-02 17:35:00,3,39.9027901,-75.1819754
grycat,Gray Catbird,Dumetella carolinensis,L1025768,Franklin Delano Roosevelt (FDR) Park,2026-06-02 17:35:00,7,39.9027901,-75.1819754
cedwax,Cedar Waxwing,Bombycilla cedrorum,L1025768,Franklin Delano Roosevelt (FDR) Park,2026-06-02 17:35:00,32,39.9027901,-75.1819754
houspa,House Sparrow,Passer domesticus,L1025768,Franklin Delano Roosevelt (FDR) Park,2026-06-02 17:35:00,1,39.9027901,-75.1819754
houfin,House Finch,Haemorhous mexicanus,L1025768,Franklin Delano Roosevelt (FDR) Park,2026-06-02 17:35:00,2,39.9027901,-75.1819754
amegfi,American Goldfinch,Spinus tristis,L1025768,Franklin Delano Roosevelt (FDR) Park,2026-06-02 17:35:00,2,39.9027901,-75.1819754
chispa,Chipping Sparrow,Spizella passerina,L1025768,Franklin Delano Roosevelt (FDR) Park,2026-06-02 17:35:00,1,39.9027901,-75.1819754
sonspa,Song Sparrow,Melospiza melodia,L1025768,Franklin Delano Roosevelt (FDR) Park,2026-06-02 17:35:00,3,39.9027901,-75.1819754
balori,Baltimore Oriole,Icterus galbula,L1025768,Franklin Delano Roosevelt (FDR) Park,2026-06-02 17:35:00,3,39.9027901,-75.1819754
comgra,Common Grackle,Quiscalus quiscula,L1025768,Franklin Delano Roosevelt (FDR) Park,2026-06-02 17:35:00,5,39.9027901,-75.1819754
yelwar1,Northern Yellow Warbler,Setophaga aestiva,L1025768,Franklin Delano Roosevelt (FDR) Park,2026-06-02 17:35:00,2,39.9027901,-75.1819754
mallar3,Mallard,Anas platyrhynchos,L1025768,Franklin Delano Roosevelt (FDR) Park,2026-06-05 08:21:00,1,39.9027901,-75.1819754
moudov,Mourning Dove,Zenaida macroura,L1025768,Franklin Delano Roosevelt (FDR) Park,2026-06-05 08:21:00,1,39.9027901,-75.1819754
rebwoo,Red-bellied Woodpecker,Melanerpes carolinus,L1025768,Franklin Delano Roosevelt (FDR) Park,2026-06-05 08:21:00,1,39.9027901,-75.1819754
eawpew,Eastern Wood-Pewee,Contopus virens,L1025768,Franklin Delano Roosevelt (FDR) Park,2026-06-05 08:21:00,1,39.9027901,-75.1819754
grcfly,Great Crested Flycatcher,Myiarchus crinitus,L1025768,Franklin Delano Roosevelt (FDR) Park,2026-06-05 08:21:00,3,39.9027901,-75.1819754
easkin,Eastern Kingbird,Tyrannus tyrannus,L1025768,Franklin Delano Roosevelt (FDR) Park,2026-06-05 08:21:00,1,39.9027901,-75.1819754
eawvir1,Eastern Warbling Vireo,Vireo gilvus,L1025768,Franklin Delano Roosevelt (FDR) Park,2026-06-05 08:21:00,1,39.9027901,-75.1819754
treswa,Tree Swallow,Tachycineta bicolor,L1025768,Franklin Delano Roosevelt (FDR) Park,2026-06-05 08:21:00,2,39.9027901,-75.1819754
nrwswa,Northern Rough-winged Swallow,Stelgidopteryx serripennis,L1025768,Franklin Delano Roosevelt (FDR) Park,2026-06-05 08:21:00,10,39.9027901,-75.1819754
eursta,European Starling,Sturnus vulgaris,L1025768,Franklin Delano Roosevelt (FDR) Park,2026-06-05 08:21:00,1,39.9027901,-75.1819754
grycat,Gray Catbird,Dumetella carolinensis,L1025768,Franklin Delano Roosevelt (FDR) Park,2026-06-05 08:21:00,10,39.9027901,-75.1819754
amerob,American Robin,Turdus migratorius,L1025768,Franklin Delano Roosevelt (FDR) Park,2026-06-05 08:21:00,40,39.9027901,-75.1819754
cedwax,Cedar Waxwing,Bombycilla cedrorum,L1025768,Franklin Delano Roosevelt (FDR) Park,2026-06-05 08:21:00,3,39.9027901,-75.1819754
houspa,House Sparrow,Passer domesticus,L1025768,Franklin Delano Roosevelt (FDR) Park,2026-06-05 08:21:00,1,39.9027901,-75.1819754
houfin,House Finch,Haemorhous mexicanus,L1025768,Franklin Delano Roosevelt (FDR) Park,2026-06-05 08:21:00,3,39.9027901,-75.1819754
sonspa,Song Sparrow,Melospiza melodia,L1025768,Franklin Delano Roosevelt (FDR) Park,2026-06-05 08:21:00,2,39.9027901,-75.1819754
balori,Baltimore Oriole,Icterus galbula,L1025768,Franklin Delano Roosevelt (FDR) Park,2026-06-05 08:21:00,3,39.9027901,-75.1819754
rewbla,Red-winged Blackbird,Agelaius phoeniceus,L1025768,Franklin Delano Roosevelt (FDR) Park,2026-06-05 08:21:00,40,39.9027901,-75.1819754
bnhcow,Brown-headed Cowbird,Molothrus ater,L1025768,Franklin Delano Roosevelt (FDR) Park,2026-06-05 08:21:00,5,39.9027901,-75.1819754
comyel,Common Yellowthroat,Geothlypis trichas,L1025768,Franklin Delano Roosevelt (FDR) Park,2026-06-05 08:21:00,2,39.9027901,-75.1819754
norcar,Northern Cardinal,Cardinalis cardinalis,L1025768,Franklin Delano Roosevelt (FDR) Park,2026-06-05 08:21:00,3,39.9027901,-75.1819754
indbun,Indigo Bunting,Passerina cyanea,L1025768,Franklin Delano Roosevelt (FDR) Park,2026-06-05 08:21:00,1,39.9027901,-75.1819754
bbwduc,Black-bellied Whistling-Duck,Dendrocygna autumnalis,L1025768,Franklin Delano Roosevelt (FDR) Park,2026-06-06 17:41:00,1,39.9027901,-75.1819754
eawvir1,Eastern Warbling Vireo,Vireo gilvus,L1025768,Franklin Delano Roosevelt (FDR) Park,2026-06-06 17:41:00,1,39.9027901,-75.1819754
treswa,Tree Swallow,Tachycineta bicolor,L1025768,Franklin Delano Roosevelt (FDR) Park,2026-06-06 17:41:00,1,39.9027901,-75.1819754
nrwswa,Northern Rough-winged Swallow,Stelgidopteryx serripennis,L1025768,Franklin Delano Roosevelt (FDR) Park,2026-06-06 17:41:00,2,39.9027901,-75.1819754
buggna,Blue-gray Gnatcatcher,Polioptila caerulea,L1025768,Franklin Delano Roosevelt (FDR) Park,2026-06-06 17:41:00,1,39.9027901,-75.1819754
amerob,American Robin,Turdus migratorius,L1025768,Franklin Delano Roosevelt (FDR) Park,2026-06-06 17:41:00,3,39.9027901,-75.1819754
amegfi,American Goldfinch,Spinus tristis,L1025768,Franklin Delano Roosevelt (FDR) Park,2026-06-06 17:41:00,1,39.9027901,-75.1819754
balori,Baltimore Oriole,Icterus galbula,L1025768,Franklin Delano Roosevelt (FDR) Park,2026-06-06 17:41:00,2,39.9027901,-75.1819754
yelwar1,Northern Yellow Warbler,Setophaga aestiva,L1025768,Franklin Delano Roosevelt (FDR) Park,2026-06-06 17:41:00,1,39.9027901,-75.1819754
norcar,Northern Cardinal,Cardinalis cardinalis,L1025768,Franklin Delano Roosevelt (FDR) Park,2026-06-06 17:41:00,1,39.9027901,-75.1819754
mallar3,Mallard,Anas platyrhynchos,L1025768,Franklin Delano Roosevelt (FDR) Park,2026-06-06 17:40:00,5,39.9027901,-75.1819754
rewbla,Red-winged Blackbird,Agelaius phoeniceus,L1025768,Franklin Delano Roosevelt (FDR) Park,2026-06-06 17:40:00,3,39.9027901,-75.1819754
comgra,Common Grackle,Quiscalus quiscula,L1025768,Franklin Delano Roosevelt (FDR) Park,2026-06-06 17:40:00,1,39.9027901,-75.1819754
moudov,Mourning Dove,Zenaida macroura,L1025768,Franklin Delano Roosevelt (FDR) Park,2026-06-06 17:29:00,2,39.9027901,-75.1819754
osprey,Osprey,Pandion haliaetus,L1025768,Franklin Delano Roosevelt (FDR) Park,2026-06-06 17:29:00,1,39.9027901,-75.1819754
norfli,Northern Flicker,Colaptes auratus,L1025768,Franklin Delano Roosevelt (FDR) Park,2026-06-06 17:29:00,1,39.9027901,-75.1819754
grycat,Gray Catbird,Dumetella carolinensis,L1025768,Franklin Delano Roosevelt (FDR) Park,2026-06-06 17:29:00,4,39.9027901,-75.1819754
cedwax,Cedar Waxwing,Bombycilla cedrorum,L1025768,Franklin Delano Roosevelt (FDR) Park,2026-06-06 17:29:00,15,39.9027901,-75.1819754
bnhcow,Brown-headed Cowbird,Molothrus ater,L1025768,Franklin Delano Roosevelt (FDR) Park,2026-06-06 17:29:00,1,39.9027901,-75.1819754
comyel,Common Yellowthroat,Geothlypis trichas,L1025768,Franklin Delano Roosevelt (FDR) Park,2026-06-06 17:29:00,1,39.9027901,-75.1819754
rocpig,Rock Pigeon,Columba livia,L1025768,Franklin Delano Roosevelt (FDR) Park,2026-06-06 17:26:00,4,39.9027901,-75.1819754
chiswi,Chimney Swift,Chaetura pelagica,L1025768,Franklin Delano Roosevelt (FDR) Park,2026-06-06 17:26:00,1,39.9027901,-75.1819754
dowwoo,Downy Woodpecker,Dryobates pubescens,L1025768,Franklin Delano Roosevelt (FDR) Park,2026-06-06 17:26:00,1,39.9027901,-75.1819754
grcfly,Great Crested Flycatcher,Myiarchus crinitus,L1025768,Franklin Delano Roosevelt (FDR) Park,2026-06-06 17:26:00,1,39.9027901,-75.1819754
easkin,Eastern Kingbird,Tyrannus tyrannus,L1025768,Franklin Delano Roosevelt (FDR) Park,2026-06-06 17:26:00,2,39.9027901,-75.1819754
reevir1,Red-eyed Vireo,Vireo olivaceus,L1025768,Franklin Delano Roosevelt (FDR) Park,2026-06-06 17:26:00,1,39.9027901,-75.1819754
amecro,American Crow,Corvus brachyrhynchos,L1025768,Franklin Delano Roosevelt (FDR) Park,2026-06-06 17:26:00,2,39.9027901,-75.1819754
fiscro,Fish Crow,Corvus ossifragus,L1025768,Franklin Delano Roosevelt (FDR) Park,2026-06-06 17:26:00,1,39.9027901,-75.1819754
tuftit,Tufted Titmouse,Baeolophus bicolor,L1025768,Franklin Delano Roosevelt (FDR) Park,2026-06-06 17:26:00,1,39.9027901,-75.1819754
eursta,European Starling,Sturnus vulgaris,L1025768,Franklin Delano Roosevelt (FDR) Park,2026-06-06 17:26:00,6,39.9027901,-75.1819754
normoc,Northern Mockingbird,Mimus polyglottos,L1025768,Franklin Delano Roosevelt (FDR) Park,2026-06-06 17:26:00,1,39.9027901,-75.1819754
sonspa,Song Sparrow,Melospiza melodia,L1025768,Franklin Delano Roosevelt (FDR) Park,2026-06-06 17:26:00,2,39.9027901,-75.1819754
orcori,Orchard Oriole,Icterus spurius,L1025768,Franklin Delano Roosevelt (FDR) Park,2026-06-06 17:26:00,2,39.9027901,-75.1819754
turvul,Turkey Vulture,Cathartes aura,L1025768,Franklin Delano Roosevelt (FDR) Park,2026-06-06 17:19:00,1,39.9027901,-75.1819754
eawpew,Eastern Wood-Pewee,Contopus virens,L1025768,Franklin Delano Roosevelt (FDR) Park,2026-06-06 17:19:00,1,39.9027901,-75.1819754
rebwoo,Red-bellied Woodpecker,Melanerpes carolinus,L1025768,Franklin Delano Roosevelt (FDR) Park,2026-06-06 16:14:00,1,39.9027901,-75.1819754
houspa,House Sparrow,Passer domesticus,L1025768,Franklin Delano Roosevelt (FDR) Park,2026-06-06 16:14:00,1,39.9027901,-75.1819754
chispa,Chipping Sparrow,Spizella passerina,L1025768,Franklin Delano Roosevelt (FDR) Park,2026-06-06 16:14:00,1,39.9027901,-75.1819754
doccor,Double-crested Cormorant,Nannopterum auritum,L1025768,Franklin Delano Roosevelt (FDR) Park,2026-06-06 15:14:00,1,39.9027901,-75.1819754
grbher3,Great Blue Heron,Ardea herodias,L1025768,Franklin Delano Roosevelt (FDR) Park,2026-06-06 15:14:00,1,39.9027901,-75.1819754
barswa,Barn Swallow,Hirundo rustica,L1025768,Franklin Delano Roosevelt (FDR) Park,2026-06-06 14:18:00,3,39.9027901,-75.1819754
houfin,House Finch,Haemorhous mexicanus,L1025768,Franklin Delano Roosevelt (FDR) Park,2026-06-06 13:41:00,1,39.9027901,-75.1819754
amekes,American Kestrel,Falco sparverius,L1025768,Franklin Delano Roosevelt (FDR) Park,2026-06-06 10:45:00,1,39.9027901,-75.1819754
mallar3,Mallard,Anas platyrhynchos,L1025768,Franklin Delano Roosevelt (FDR) Park,2026-06-07 14:30:00,2,39.9027901,-75.1819754
bnhcow,Brown-headed Cowbird,Molothrus ater,L1025768,Franklin Delano Roosevelt (FDR) Park,2026-06-07 14:30:00,1,39.9027901,-75.1819754
eawvir1,Eastern Warbling Vireo,Vireo gilvus,L1025768,Franklin Delano Roosevelt (FDR) Park,2026-06-07 11:00:00,1,39.9027901,-75.1819754
treswa,Tree Swallow,Tachycineta bicolor,L1025768,Franklin Delano Roosevelt (FDR) Park,2026-06-07 11:00:00,5,39.9027901,-75.1819754
grycat,Gray Catbird,Dumetella carolinensis,L1025768,Franklin Delano Roosevelt (FDR) Park,2026-06-07 11:00:00,4,39.9027901,-75.1819754
houfin,House Finch,Haemorhous mexicanus,L1025768,Franklin Delano Roosevelt (FDR) Park,2026-06-07 11:00:00,4,39.9027901,-75.1819754
orcori,Orchard Oriole,Icterus spurius,L1025768,Franklin Delano Roosevelt (FDR) Park,2026-06-07 11:00:00,1,39.9027901,-75.1819754
balori,Baltimore Oriole,Icterus galbula,L1025768,Franklin Delano Roosevelt (FDR) Park,2026-06-07 11:00:00,3,39.9027901,-75.1819754
comgra,Common Grackle,Quiscalus quiscula,L1025768,Franklin Delano Roosevelt (FDR) Park,2026-06-07 11:00:00,10,39.9027901,-75.1819754
comyel,Common Yellowthroat,Geothlypis trichas,L1025768,Franklin Delano Roosevelt (FDR) Park,2026-06-07 11:00:00,1,39.9027901,-75.1819754
cangoo,Canada Goose,Branta canadensis,L1025768,Franklin Delano Roosevelt (FDR) Park,2026-06-07 08:51:00,1,39.9027901,-75.1819754
moudov,Mourning Dove,Zenaida macroura,L1025768,Franklin Delano Roosevelt (FDR) Park,2026-06-07 08:51:00,4,39.9027901,-75.1819754
grbher3,Great Blue Heron,Ardea herodias,L1025768,Franklin Delano Roosevelt (FDR) Park,2026-06-07 08:51:00,1,39.9027901,-75.1819754
turvul,Turkey Vulture,Cathartes aura,L1025768,Franklin Delano Roosevelt (FDR) Park,2026-06-07 08:51:00,3,39.9027901,-75.1819754
baleag,Bald Eagle,Haliaeetus leucocephalus,L1025768,Franklin Delano Roosevelt (FDR) Park,2026-06-07 08:51:00,1,39.9027901,-75.1819754
dowwoo,Downy Woodpecker,Dryobates pubescens,L1025768,Franklin Delano Roosevelt (FDR) Park,2026-06-07 08:51:00,1,39.9027901,-75.1819754
grcfly,Great Crested Flycatcher,Myiarchus crinitus,L1025768,Franklin Delano Roosevelt (FDR) Park,2026-06-07 08:51:00,1,39.9027901,-75.1819754
eursta,European Starling,Sturnus vulgaris,L1025768,Franklin Delano Roosevelt (FDR) Park,2026-06-07 08:51:00,7,39.9027901,-75.1819754
houspa,House Sparrow,Passer domesticus,L1025768,Franklin Delano Roosevelt (FDR) Park,2026-06-07 08:51:00,4,39.9027901,-75.1819754
amegfi,American Goldfinch,Spinus tristis,L1025768,Franklin Delano Roosevelt (FDR) Park,2026-06-07 08:51:00,1,39.9027901,-75.1819754
sonspa,Song Sparrow,Melospiza melodia,L1025768,Franklin Delano Roosevelt (FDR) Park,2026-06-07 08:51:00,2,39.9027901,-75.1819754
norcar,Northern Cardinal,Cardinalis cardinalis,L1025768,Franklin Delano Roosevelt (FDR) Park,2026-06-07 08:51:00,2,39.9027901,-75.1819754
x00004,Mallard x American Black Duck (hybrid),Anas platyrhynchos x rubripes,L1025768,Franklin Delano Roosevelt (FDR) Park,2026-06-07 08:26:00,1,39.9027901,-75.1819754
easkin,Eastern Kingbird,Tyrannus tyrannus,L1025768,Franklin Delano Roosevelt (FDR) Park,2026-06-07 08:26:00,1,39.9027901,-75.1819754
nrwswa,Northern Rough-winged Swallow,Stelgidopteryx serripennis,L1025768,Franklin Delano Roosevelt (FDR) Park,2026-06-07 08:26:00,10,39.9027901,-75.1819754
cedwax,Cedar Waxwing,Bombycilla cedrorum,L1025768,Franklin Delano Roosevelt (FDR) Park,2026-06-07 08:26:00,1,39.9027901,-75.1819754
rocpig,Rock Pigeon,Columba livia,L1025768,Franklin Delano Roosevelt (FDR) Park,2026-06-07 08:21:00,1,39.9027901,-75.1819754
chiswi,Chimney Swift,Chaetura pelagica,L1025768,Franklin Delano Roosevelt (FDR) Park,2026-06-07 08:21:00,3,39.9027901,-75.1819754
osprey,Osprey,Pandion haliaetus,L1025768,Franklin Delano Roosevelt (FDR) Park,2026-06-07 08:21:00,2,39.9027901,-75.1819754
rebwoo,Red-bellied Woodpecker,Melanerpes carolinus,L1025768,Franklin Delano Roosevelt (FDR) Park,2026-06-07 08:21:00,1,39.9027901,-75.1819754
amekes,American Kestrel,Falco sparverius,L1025768,Franklin Delano Roosevelt (FDR) Park,2026-06-07 08:21:00,1,39.9027901,-75.1819754
eawpew,Eastern Wood-Pewee,Contopus virens,L1025768,Franklin Delano Roosevelt (FDR) Park,2026-06-07 08:21:00,3,39.9027901,-75.1819754
amecro,American Crow,Corvus brachyrhynchos,L1025768,Franklin Delano Roosevelt (FDR) Park,2026-06-07 08:21:00,1,39.9027901,-75.1819754
buggna,Blue-gray Gnatcatcher,Polioptila caerulea,L1025768,Franklin Delano Roosevelt (FDR) Park,2026-06-07 08:21:00,1,39.9027901,-75.1819754
houwre,Northern House Wren,Troglodytes aedon,L1025768,Franklin Delano Roosevelt (FDR) Park,2026-06-07 08:21:00,2,39.9027901,-75.1819754
carwre,Carolina Wren,Thryothorus ludovicianus,L1025768,Franklin Delano Roosevelt (FDR) Park,2026-06-07 08:21:00,1,39.9027901,-75.1819754
normoc,Northern Mockingbird,Mimus polyglottos,L1025768,Franklin Delano Roosevelt (FDR) Park,2026-06-07 08:21:00,1,39.9027901,-75.1819754
woothr,Wood Thrush,Hylocichla mustelina,L1025768,Franklin Delano Roosevelt (FDR) Park,2026-06-07 08:21:00,1,39.9027901,-75.1819754
indbun,Indigo Bunting,Passerina cyanea,L1025768,Franklin Delano Roosevelt (FDR) Park,2026-06-07 08:21:00,1,39.9027901,-75.1819754
mallar3,Mallard,Anas platyrhynchos,L1025768,Franklin Delano Roosevelt (FDR) Park,2026-06-09 14:40:00,21,39.9027901,-75.1819754
moudov,Mourning Dove,Zenaida macroura,L1025768,Franklin Delano Roosevelt (FDR) Park,2026-06-09 14:40:00,2,39.9027901,-75.1819754
chiswi,Chimney Swift,Chaetura pelagica,L1025768,Franklin Delano Roosevelt (FDR) Park,2026-06-09 14:40:00,1,39.9027901,-75.1819754
rthhum,Ruby-throated Hummingbird,Archilochus colubris,L1025768,Franklin Delano Roosevelt (FDR) Park,2026-06-09 14:40:00,2,39.9027901,-75.1819754
doccor,Double-crested Cormorant,Nannopterum auritum,L1025768,Franklin Delano Roosevelt (FDR) Park,2026-06-09 14:40:00,2,39.9027901,-75.1819754
leabit,Least Bittern,Botaurus exilis,L1025768,Franklin Delano Roosevelt (FDR) Park,2026-06-09 14:40:00,1,39.9027901,-75.1819754
grbher3,Great Blue Heron,Ardea herodias,L1025768,Franklin Delano Roosevelt (FDR) Park,2026-06-09 14:40:00,1,39.9027901,-75.1819754
turvul,Turkey Vulture,Cathartes aura,L1025768,Franklin Delano Roosevelt (FDR) Park,2026-06-09 14:40:00,3,39.9027901,-75.1819754
amekes,American Kestrel,Falco sparverius,L1025768,Franklin Delano Roosevelt (FDR) Park,2026-06-09 14:40:00,1,39.9027901,-75.1819754
eawpew,Eastern Wood-Pewee,Contopus virens,L1025768,Franklin Delano Roosevelt (FDR) Park,2026-06-09 14:40:00,1,39.9027901,-75.1819754
easkin,Eastern Kingbird,Tyrannus tyrannus,L1025768,Franklin Delano Roosevelt (FDR) Park,2026-06-09 14:40:00,7,39.9027901,-75.1819754
treswa,Tree Swallow,Tachycineta bicolor,L1025768,Franklin Delano Roosevelt (FDR) Park,2026-06-09 14:40:00,32,39.9027901,-75.1819754
nrwswa,Northern Rough-winged Swallow,Stelgidopteryx serripennis,L1025768,Franklin Delano Roosevelt (FDR) Park,2026-06-09 14:40:00,5,39.9027901,-75.1819754
barswa,Barn Swallow,Hirundo rustica,L1025768,Franklin Delano Roosevelt (FDR) Park,2026-06-09 14:40:00,1,39.9027901,-75.1819754
buggna,Blue-gray Gnatcatcher,Polioptila caerulea,L1025768,Franklin Delano Roosevelt (FDR) Park,2026-06-09 14:40:00,1,39.9027901,-75.1819754
eursta,European Starling,Sturnus vulgaris,L1025768,Franklin Delano Roosevelt (FDR) Park,2026-06-09 14:40:00,5,39.9027901,-75.1819754
grycat,Gray Catbird,Dumetella carolinensis,L1025768,Franklin Delano Roosevelt (FDR) Park,2026-06-09 14:40:00,7,39.9027901,-75.1819754
amerob,American Robin,Turdus migratorius,L1025768,Franklin Delano Roosevelt (FDR) Park,2026-06-09 14:40:00,50,39.9027901,-75.1819754
cedwax,Cedar Waxwing,Bombycilla cedrorum,L1025768,Franklin Delano Roosevelt (FDR) Park,2026-06-09 14:40:00,3,39.9027901,-75.1819754
houspa,House Sparrow,Passer domesticus,L1025768,Franklin Delano Roosevelt (FDR) Park,2026-06-09 14:40:00,14,39.9027901,-75.1819754
amegfi,American Goldfinch,Spinus tristis,L1025768,Franklin Delano Roosevelt (FDR) Park,2026-06-09 14:40:00,1,39.9027901,-75.1819754
balori,Baltimore Oriole,Icterus galbula,L1025768,Franklin Delano Roosevelt (FDR) Park,2026-06-09 14:40:00,5,39.9027901,-75.1819754
rewbla,Red-winged Blackbird,Agelaius phoeniceus,L1025768,Franklin Delano Roosevelt (FDR) Park,2026-06-09 14:40:00,24,39.9027901,-75.1819754
bnhcow,Brown-headed Cowbird,Molothrus ater,L1025768,Franklin Delano Roosevelt (FDR) Park,2026-06-09 14:40:00,6,39.9027901,-75.1819754
comgra,Common Grackle,Quiscalus quiscula,L1025768,Franklin Delano Roosevelt (FDR) Park,2026-06-09 14:40:00,4,39.9027901,-75.1819754
norcar,Northern Cardinal,Cardinalis cardinalis,L1025768,Franklin Delano Roosevelt (FDR) Park,2026-06-09 14:40:00,3,39.9027901,-75.1819754
mallar3,Mallard,Anas platyrhynchos,L1025768,Franklin Delano Roosevelt (FDR) Park,2026-06-10 14:45:00,27,39.9027901,-75.1819754
moudov,Mourning Dove,Zenaida macroura,L1025768,Franklin Delano Roosevelt (FDR) Park,2026-06-10 14:45:00,1,39.9027901,-75.1819754
chiswi,Chimney Swift,Chaetura pelagica,L1025768,Franklin Delano Roosevelt (FDR) Park,2026-06-10 14:45:00,1,39.9027901,-75.1819754
laugul,Laughing Gull,Leucophaeus atricilla,L1025768,Franklin Delano Roosevelt (FDR) Park,2026-06-10 14:45:00,2,39.9027901,-75.1819754
doccor,Double-crested Cormorant,Nannopterum auritum,L1025768,Franklin Delano Roosevelt (FDR) Park,2026-06-10 14:45:00,1,39.9027901,-75.1819754
norfli,Northern Flicker,Colaptes auratus,L1025768,Franklin Delano Roosevelt (FDR) Park,2026-06-10 14:45:00,2,39.9027901,-75.1819754
eawpew,Eastern Wood-Pewee,Contopus virens,L1025768,Franklin Delano Roosevelt (FDR) Park,2026-06-10 14:45:00,2,39.9027901,-75.1819754
eawvir1,Eastern Warbling Vireo,Vireo gilvus,L1025768,Franklin Delano Roosevelt (FDR) Park,2026-06-10 14:45:00,3,39.9027901,-75.1819754
reevir1,Red-eyed Vireo,Vireo olivaceus,L1025768,Franklin Delano Roosevelt (FDR) Park,2026-06-10 14:45:00,1,39.9027901,-75.1819754
treswa,Tree Swallow,Tachycineta bicolor,L1025768,Franklin Delano Roosevelt (FDR) Park,2026-06-10 14:45:00,7,39.9027901,-75.1819754
nrwswa,Northern Rough-winged Swallow,Stelgidopteryx serripennis,L1025768,Franklin Delano Roosevelt (FDR) Park,2026-06-10 14:45:00,6,39.9027901,-75.1819754
buggna,Blue-gray Gnatcatcher,Polioptila caerulea,L1025768,Franklin Delano Roosevelt (FDR) Park,2026-06-10 14:45:00,1,39.9027901,-75.1819754
eursta,European Starling,Sturnus vulgaris,L1025768,Franklin Delano Roosevelt (FDR) Park,2026-06-10 14:45:00,5,39.9027901,-75.1819754
grycat,Gray Catbird,Dumetella carolinensis,L1025768,Franklin Delano Roosevelt (FDR) Park,2026-06-10 14:45:00,10,39.9027901,-75.1819754
amerob,American Robin,Turdus migratorius,L1025768,Franklin Delano Roosevelt (FDR) Park,2026-06-10 14:45:00,30,39.9027901,-75.1819754
cedwax,Cedar Waxwing,Bombycilla cedrorum,L1025768,Franklin Delano Roosevelt (FDR) Park,2026-06-10 14:45:00,5,39.9027901,-75.1819754
houspa,House Sparrow,Passer domesticus,L1025768,Franklin Delano Roosevelt (FDR) Park,2026-06-10 14:45:00,4,39.9027901,-75.1819754
houfin,House Finch,Haemorhous mexicanus,L1025768,Franklin Delano Roosevelt (FDR) Park,2026-06-10 14:45:00,2,39.9027901,-75.1819754
orcori,Orchard Oriole,Icterus spurius,L1025768,Franklin Delano Roosevelt (FDR) Park,2026-06-10 14:45:00,1,39.9027901,-75.1819754
balori,Baltimore Oriole,Icterus galbula,L1025768,Franklin Delano Roosevelt (FDR) Park,2026-06-10 14:45:00,4,39.9027901,-75.1819754
rewbla,Red-winged Blackbird,Agelaius phoeniceus,L1025768,Franklin Delano Roosevelt (FDR) Park,2026-06-10 14:45:00,14,39.9027901,-75.1819754
bnhcow,Brown-headed Cowbird,Molothrus ater,L1025768,Franklin Delano Roosevelt (FDR) Park,2026-06-10 14:45:00,1,39.9027901,-75.1819754
comgra,Common Grackle,Quiscalus quiscula,L1025768,Franklin Delano Roosevelt (FDR) Park,2026-06-10 14:45:00,10,39.9027901,-75.1819754
norcar,Northern Cardinal,Cardinalis cardinalis,L1025768,Franklin Delano Roosevelt (FDR) Park,2026-06-10 14:45:00,2,39.9027901,-75.1819754
cangoo,Canada Goose,Branta canadensis,L1025768,Franklin Delano Roosevelt (FDR) Park,2026-06-10 10:37:00,4,39.9027901,-75.1819754
turvul,Turkey Vulture,Cathartes aura,L1025768,Franklin Delano Roosevelt (FDR) Park,2026-06-10 10:37:00,2,39.9027901,-75.1819754
osprey,Osprey,Pandion haliaetus,L1025768,Franklin Delano Roosevelt (FDR) Park,2026-06-10 10:37:00,1,39.9027901,-75.1819754
amegfi,American Goldfinch,Spinus tristis,L1025768,Franklin Delano Roosevelt (FDR) Park,2026-06-10 10:37:00,1,39.9027901,-75.1819754
chispa,Chipping Sparrow,Spizella passerina,L1025768,Franklin Delano Roosevelt (FDR) Park,2026-06-10 10:37:00,1,39.9027901,-75.1819754
sonspa,Song Sparrow,Melospiza melodia,L1025768,Franklin Delano Roosevelt (FDR) Park,2026-06-10 10:37:00,2,39.9027901,-75.1819754
yelwar1,Northern Yellow Warbler,Setophaga aestiva,L1025768,Franklin Delano Roosevelt (FDR) Park,2026-06-10 10:37:00,1,39.9027901,-75.1819754
rebwoo,Red-bellied Woodpecker,Melanerpes carolinus,L1025768,Franklin Delano Roosevelt (FDR) Park,2026-06-10 10:16:00,3,39.9027901,-75.1819754
dowwoo,Downy Woodpecker,Dryobates pubescens,L1025768,Franklin Delano Roosevelt (FDR) Park,2026-06-10 10:16:00,1,39.9027901,-75.1819754
grcfly,Great Crested Flycatcher,Myiarchus crinitus,L1025768,Franklin Delano Roosevelt (FDR) Park,2026-06-10 10:16:00,2,39.9027901,-75.1819754
easkin,Eastern Kingbird,Tyrannus tyrannus,L1025768,Franklin Delano Roosevelt (FDR) Park,2026-06-10 10:16:00,1,39.9027901,-75.1819754
blujay,Blue Jay,Cyanocitta cristata,L1025768,Franklin Delano Roosevelt (FDR) Park,2026-06-10 10:16:00,2,39.9027901,-75.1819754
carwre,Carolina Wren,Thryothorus ludovicianus,L1025768,Franklin Delano Roosevelt (FDR) Park,2026-06-10 10:16:00,1,39.9027901,-75.1819754
mallar3,Mallard,Anas platyrhynchos,L1025768,Franklin Delano Roosevelt (FDR) Park,2026-06-13 10:55:00,28,39.9027901,-75.1819754
moudov,Mourning Dove,Zenaida macroura,L1025768,Franklin Delano Roosevelt (FDR) Park,2026-06-13 10:55:00,1,39.9027901,-75.1819754
chiswi,Chimney Swift,Chaetura pelagica,L1025768,Franklin Delano Roosevelt (FDR) Park,2026-06-13 10:55:00,5,39.9027901,-75.1819754
blkvul,Black Vulture,Coragyps atratus,L1025768,Franklin Delano Roosevelt (FDR) Park,2026-06-13 10:55:00,2,39.9027901,-75.1819754
turvul,Turkey Vulture,Cathartes aura,L1025768,Franklin Delano Roosevelt (FDR) Park,2026-06-13 10:55:00,4,39.9027901,-75.1819754
osprey,Osprey,Pandion haliaetus,L1025768,Franklin Delano Roosevelt (FDR) Park,2026-06-13 10:55:00,2,39.9027901,-75.1819754
eawpew,Eastern Wood-Pewee,Contopus virens,L1025768,Franklin Delano Roosevelt (FDR) Park,2026-06-13 10:55:00,1,39.9027901,-75.1819754
easkin,Eastern Kingbird,Tyrannus tyrannus,L1025768,Franklin Delano Roosevelt (FDR) Park,2026-06-13 10:55:00,1,39.9027901,-75.1819754
treswa,Tree Swallow,Tachycineta bicolor,L1025768,Franklin Delano Roosevelt (FDR) Park,2026-06-13 10:55:00,19,39.9027901,-75.1819754
nrwswa,Northern Rough-winged Swallow,Stelgidopteryx serripennis,L1025768,Franklin Delano Roosevelt (FDR) Park,2026-06-13 10:55:00,3,39.9027901,-75.1819754
barswa,Barn Swallow,Hirundo rustica,L1025768,Franklin Delano Roosevelt (FDR) Park,2026-06-13 10:55:00,2,39.9027901,-75.1819754
eursta,European Starling,Sturnus vulgaris,L1025768,Franklin Delano Roosevelt (FDR) Park,2026-06-13 10:55:00,1,39.9027901,-75.1819754
grycat,Gray Catbird,Dumetella carolinensis,L1025768,Franklin Delano Roosevelt (FDR) Park,2026-06-13 10:55:00,5,39.9027901,-75.1819754
amerob,American Robin,Turdus migratorius,L1025768,Franklin Delano Roosevelt (FDR) Park,2026-06-13 10:55:00,30,39.9027901,-75.1819754
houspa,House Sparrow,Passer domesticus,L1025768,Franklin Delano Roosevelt (FDR) Park,2026-06-13 10:55:00,4,39.9027901,-75.1819754
houfin,House Finch,Haemorhous mexicanus,L1025768,Franklin Delano Roosevelt (FDR) Park,2026-06-13 10:55:00,3,39.9027901,-75.1819754
amegfi,American Goldfinch,Spinus tristis,L1025768,Franklin Delano Roosevelt (FDR) Park,2026-06-13 10:55:00,2,39.9027901,-75.1819754
orcori,Orchard Oriole,Icterus spurius,L1025768,Franklin Delano Roosevelt (FDR) Park,2026-06-13 10:55:00,1,39.9027901,-75.1819754
balori,Baltimore Oriole,Icterus galbula,L1025768,Franklin Delano Roosevelt (FDR) Park,2026-06-13 10:55:00,3,39.9027901,-75.1819754
rewbla,Red-winged Blackbird,Agelaius phoeniceus,L1025768,Franklin Delano Roosevelt (FDR) Park,2026-06-13 10:55:00,14,39.9027901,-75.1819754
bnhcow,Brown-headed Cowbird,Molothrus ater,L1025768,Franklin Delano Roosevelt (FDR) Park,2026-06-13 10:55:00,3,39.9027901,-75.1819754
comgra,Common Grackle,Quiscalus quiscula,L1025768,Franklin Delano Roosevelt (FDR) Park,2026-06-13 10:55:00,5,39.9027901,-75.1819754
amered,American Redstart,Setophaga ruticilla,L1025768,Franklin Delano Roosevelt (FDR) Park,2026-06-13 10:55:00,1,39.9027901,-75.1819754
norcar,Northern Cardinal,Cardinalis cardinalis,L1025768,Franklin Delano Roosevelt (FDR) Park,2026-06-13 10:55:00,4,39.9027901,-75.1819754
doccor,Double-crested Cormorant,Nannopterum auritum,L1025768,Franklin Delano Roosevelt (FDR) Park,2026-06-13 06:56:00,1,39.9027901,-75.1819754
eawvir1,Eastern Warbling Vireo,Vireo gilvus,L1025768,Franklin Delano Roosevelt (FDR) Park,2026-06-13 06:56:00,3,39.9027901,-75.1819754
cedwax,Cedar Waxwing,Bombycilla cedrorum,L1025768,Franklin Delano Roosevelt (FDR) Park,2026-06-13 06:56:00,3,39.9027901,-75.1819754
mallar3,Mallard,Anas platyrhynchos,L1025768,Franklin Delano Roosevelt (FDR) Park,2026-06-16 19:35:00,4,39.9027901,-75.1819754
moudov,Mourning Dove,Zenaida macroura,L1025768,Franklin Delano Roosevelt (FDR) Park,2026-06-16 19:35:00,1,39.9027901,-75.1819754
easkin,Eastern Kingbird,Tyrannus tyrannus,L1025768,Franklin Delano Roosevelt (FDR) Park,2026-06-16 19:35:00,1,39.9027901,-75.1819754
nrwswa,Northern Rough-winged Swallow,Stelgidopteryx serripennis,L1025768,Franklin Delano Roosevelt (FDR) Park,2026-06-16 19:35:00,2,39.9027901,-75.1819754
grycat,Gray Catbird,Dumetella carolinensis,L1025768,Franklin Delano Roosevelt (FDR) Park,2026-06-16 19:35:00,2,39.9027901,-75.1819754
amerob,American Robin,Turdus migratorius,L1025768,Franklin Delano Roosevelt (FDR) Park,2026-06-16 19:35:00,10,39.9027901,-75.1819754
cedwax,Cedar Waxwing,Bombycilla cedrorum,L1025768,Franklin Delano Roosevelt (FDR) Park,2026-06-16 19:35:00,4,39.9027901,-75.1819754
houfin,House Finch,Haemorhous mexicanus,L1025768,Franklin Delano Roosevelt (FDR) Park,2026-06-16 19:35:00,1,39.9027901,-75.1819754
orcori,Orchard Oriole,Icterus spurius,L1025768,Franklin Delano Roosevelt (FDR) Park,2026-06-16 19:35:00,1,39.9027901,-75.1819754
balori,Baltimore Oriole,Icterus galbula,L1025768,Franklin Delano Roosevelt (FDR) Park,2026-06-16 19:35:00,3,39.9027901,-75.1819754
rewbla,Red-winged Blackbird,Agelaius phoeniceus,L1025768,Franklin Delano Roosevelt (FDR) Park,2026-06-16 19:35:00,6,39.9027901,-75.1819754
chiswi,Chimney Swift,Chaetura pelagica,L1025768,Franklin Delano Roosevelt (FDR) Park,2026-06-16 18:38:00,4,39.9027901,-75.1819754
doccor,Double-crested Cormorant,Nannopterum auritum,L1025768,Franklin Delano Roosevelt (FDR) Park,2026-06-16 18:38:00,1,39.9027901,-75.1819754
dowwoo,Downy Woodpecker,Dryobates pubescens,L1025768,Franklin Delano Roosevelt (FDR) Park,2026-06-16 18:38:00,1,39.9027901,-75.1819754
norfli,Northern Flicker,Colaptes auratus,L1025768,Franklin Delano Roosevelt (FDR) Park,2026-06-16 18:38:00,1,39.9027901,-75.1819754
eawvir1,Eastern Warbling Vireo,Vireo gilvus,L1025768,Franklin Delano Roosevelt (FDR) Park,2026-06-16 18:38:00,6,39.9027901,-75.1819754
amecro,American Crow,Corvus brachyrhynchos,L1025768,Franklin Delano Roosevelt (FDR) Park,2026-06-16 18:38:00,1,39.9027901,-75.1819754
treswa,Tree Swallow,Tachycineta bicolor,L1025768,Franklin Delano Roosevelt (FDR) Park,2026-06-16 18:38:00,4,39.9027901,-75.1819754
barswa,Barn Swallow,Hirundo rustica,L1025768,Franklin Delano Roosevelt (FDR) Park,2026-06-16 18:38:00,2,39.9027901,-75.1819754
eursta,European Starling,Sturnus vulgaris,L1025768,Franklin Delano Roosevelt (FDR) Park,2026-06-16 18:38:00,2,39.9027901,-75.1819754
houspa,House Sparrow,Passer domesticus,L1025768,Franklin Delano Roosevelt (FDR) Park,2026-06-16 18:38:00,6,39.9027901,-75.1819754
bnhcow,Brown-headed Cowbird,Molothrus ater,L1025768,Franklin Delano Roosevelt (FDR) Park,2026-06-16 18:38:00,1,39.9027901,-75.1819754
comgra,Common Grackle,Quiscalus quiscula,L1025768,Franklin Delano Roosevelt (FDR) Park,2026-06-16 18:38:00,6,39.9027901,-75.1819754
norcar,Northern Cardinal,Cardinalis cardinalis,L1025768,Franklin Delano Roosevelt (FDR) Park,2026-06-16 18:38:00,2,39.9027901,-75.1819754
rebwoo,Red-bellied Woodpecker,Melanerpes carolinus,L1025768,Franklin Delano Roosevelt (FDR) Park,2026-06-16 17:52:00,2,39.9027901,-75.1819754
haiwoo,Hairy Woodpecker,Leuconotopicus villosus,L1025768,Franklin Delano Roosevelt (FDR) Park,2026-06-16 17:52:00,1,39.9027901,-75.1819754
eawpew,Eastern Wood-Pewee,Contopus virens,L1025768,Franklin Delano Roosevelt (FDR) Park,2026-06-16 17:52:00,1,39.9027901,-75.1819754
blujay,Blue Jay,Cyanocitta cristata,L1025768,Franklin Delano Roosevelt (FDR) Park,2026-06-16 17:52:00,1,39.9027901,-75.1819754
buggna,Blue-gray Gnatcatcher,Polioptila caerulea,L1025768,Franklin Delano Roosevelt (FDR) Park,2026-06-16 17:52:00,2,39.9027901,-75.1819754
carwre,Carolina Wren,Thryothorus ludovicianus,L1025768,Franklin Delano Roosevelt (FDR) Park,2026-06-16 17:52:00,3,39.9027901,-75.1819754
amegfi,American Goldfinch,Spinus tristis,L1025768,Franklin Delano Roosevelt (FDR) Park,2026-06-16 17:52:00,6,39.9027901,-75.1819754
turvul,Turkey Vulture,Cathartes aura,L1025768,Franklin Delano Roosevelt (FDR) Park,2026-06-16 15:39:00,1,39.9027901,-75.1819754
grcfly,Great Crested Flycatcher,Myiarchus crinitus,L1025768,Franklin Delano Roosevelt (FDR) Park,2026-06-16 15:39:00,1,39.9027901,-75.1819754
normoc,Northern Mockingbird,Mimus polyglottos,L1025768,Franklin Delano Roosevelt (FDR) Park,2026-06-16 15:39:00,1,39.9027901,-75.1819754
sonspa,Song Sparrow,Melospiza melodia,L1025768,Franklin Delano Roosevelt (FDR) Park,2026-06-16 15:39:00,1,39.9027901,-75.1819754
mallar3,Mallard,Anas platyrhynchos,L1025768,Franklin Delano Roosevelt (FDR) Park,2026-06-17 06:21:00,18,39.9027901,-75.1819754
moudov,Mourning Dove,Zenaida macroura,L1025768,Franklin Delano Roosevelt (FDR) Park,2026-06-17 06:21:00,8,39.9027901,-75.1819754
chiswi,Chimney Swift,Chaetura pelagica,L1025768,Franklin Delano Roosevelt (FDR) Park,2026-06-17 06:21:00,1,39.9027901,-75.1819754
doccor,Double-crested Cormorant,Nannopterum auritum,L1025768,Franklin Delano Roosevelt (FDR) Park,2026-06-17 06:21:00,2,39.9027901,-75.1819754
osprey,Osprey,Pandion haliaetus,L1025768,Franklin Delano Roosevelt (FDR) Park,2026-06-17 06:21:00,1,39.9027901,-75.1819754
norfli,Northern Flicker,Colaptes auratus,L1025768,Franklin Delano Roosevelt (FDR) Park,2026-06-17 06:21:00,3,39.9027901,-75.1819754
eawpew,Eastern Wood-Pewee,Contopus virens,L1025768,Franklin Delano Roosevelt (FDR) Park,2026-06-17 06:21:00,2,39.9027901,-75.1819754
easkin,Eastern Kingbird,Tyrannus tyrannus,L1025768,Franklin Delano Roosevelt (FDR) Park,2026-06-17 06:21:00,2,39.9027901,-75.1819754
eawvir1,Eastern Warbling Vireo,Vireo gilvus,L1025768,Franklin Delano Roosevelt (FDR) Park,2026-06-17 06:21:00,1,39.9027901,-75.1819754
blujay,Blue Jay,Cyanocitta cristata,L1025768,Franklin Delano Roosevelt (FDR) Park,2026-06-17 06:21:00,2,39.9027901,-75.1819754
treswa,Tree Swallow,Tachycineta bicolor,L1025768,Franklin Delano Roosevelt (FDR) Park,2026-06-17 06:21:00,15,39.9027901,-75.1819754
nrwswa,Northern Rough-winged Swallow,Stelgidopteryx serripennis,L1025768,Franklin Delano Roosevelt (FDR) Park,2026-06-17 06:21:00,9,39.9027901,-75.1819754
buggna,Blue-gray Gnatcatcher,Polioptila caerulea,L1025768,Franklin Delano Roosevelt (FDR) Park,2026-06-17 06:21:00,1,39.9027901,-75.1819754
eursta,European Starling,Sturnus vulgaris,L1025768,Franklin Delano Roosevelt (FDR) Park,2026-06-17 06:21:00,5,39.9027901,-75.1819754
grycat,Gray Catbird,Dumetella carolinensis,L1025768,Franklin Delano Roosevelt (FDR) Park,2026-06-17 06:21:00,4,39.9027901,-75.1819754
amerob,American Robin,Turdus migratorius,L1025768,Franklin Delano Roosevelt (FDR) Park,2026-06-17 06:21:00,72,39.9027901,-75.1819754
cedwax,Cedar Waxwing,Bombycilla cedrorum,L1025768,Franklin Delano Roosevelt (FDR) Park,2026-06-17 06:21:00,3,39.9027901,-75.1819754
houspa,House Sparrow,Passer domesticus,L1025768,Franklin Delano Roosevelt (FDR) Park,2026-06-17 06:21:00,6,39.9027901,-75.1819754
sonspa,Song Sparrow,Melospiza melodia,L1025768,Franklin Delano Roosevelt (FDR) Park,2026-06-17 06:21:00,1,39.9027901,-75.1819754
balori,Baltimore Oriole,Icterus galbula,L1025768,Franklin Delano Roosevelt (FDR) Park,2026-06-17 06:21:00,2,39.9027901,-75.1819754
rewbla,Red-winged Blackbird,Agelaius phoeniceus,L1025768,Franklin Delano Roosevelt (FDR) Park,2026-06-17 06:21:00,37,39.9027901,-75.1819754
bnhcow,Brown-headed Cowbird,Molothrus ater,L1025768,Franklin Delano Roosevelt (FDR) Park,2026-06-17 06:21:00,1,39.9027901,-75.1819754
comgra,Common Grackle,Quiscalus quiscula,L1025768,Franklin Delano Roosevelt (FDR) Park,2026-06-17 06:21:00,7,39.9027901,-75.1819754
norcar,Northern Cardinal,Cardinalis cardinalis,L1025768,Franklin Delano Roosevelt (FDR) Park,2026-06-17 06:21:00,3,39.9027901,-75.1819754
mallar3,Mallard,Anas platyrhynchos,L1025768,Franklin Delano Roosevelt (FDR) Park,2026-06-20 18:14:00,3,39.9027901,-75.1819754
doccor,Double-crested Cormorant,Nannopterum auritum,L1025768,Franklin Delano Roosevelt (FDR) Park,2026-06-20 18:14:00,1,39.9027901,-75.1819754
osprey,Osprey,Pandion haliaetus,L1025768,Franklin Delano Roosevelt (FDR) Park,2026-06-20 18:14:00,1,39.9027901,-75.1819754
norfli,Northern Flicker,Colaptes auratus,L1025768,Franklin Delano Roosevelt (FDR) Park,2026-06-20 18:14:00,1,39.9027901,-75.1819754
treswa,Tree Swallow,Tachycineta bicolor,L1025768,Franklin Delano Roosevelt (FDR) Park,2026-06-20 18:14:00,2,39.9027901,-75.1819754
grycat,Gray Catbird,Dumetella carolinensis,L1025768,Franklin Delano Roosevelt (FDR) Park,2026-06-20 18:14:00,1,39.9027901,-75.1819754
amerob,American Robin,Turdus migratorius,L1025768,Franklin Delano Roosevelt (FDR) Park,2026-06-20 18:14:00,4,39.9027901,-75.1819754
sonspa,Song Sparrow,Melospiza melodia,L1025768,Franklin Delano Roosevelt (FDR) Park,2026-06-20 18:14:00,1,39.9027901,-75.1819754
balori,Baltimore Oriole,Icterus galbula,L1025768,Franklin Delano Roosevelt (FDR) Park,2026-06-20 18:14:00,1,39.9027901,-75.1819754
rewbla,Red-winged Blackbird,Agelaius phoeniceus,L1025768,Franklin Delano Roosevelt (FDR) Park,2026-06-20 18:14:00,2,39.9027901,-75.1819754
comgra,Common Grackle,Quiscalus quiscula,L1025768,Franklin Delano Roosevelt (FDR) Park,2026-06-20 18:14:00,2,39.9027901,-75.1819754
norcar,Northern Cardinal,Cardinalis cardinalis,L1025768,Franklin Delano Roosevelt (FDR) Park,2026-06-20 18:14:00,1,39.9027901,-75.1819754
moudov,Mourning Dove,Zenaida macroura,L1025768,Franklin Delano Roosevelt (FDR) Park,2026-06-20 10:53:00,2,39.9027901,-75.1819754
chiswi,Chimney Swift,Chaetura pelagica,L1025768,Franklin Delano Roosevelt (FDR) Park,2026-06-20 10:53:00,2,39.9027901,-75.1819754
grbher3,Great Blue Heron,Ardea herodias,L1025768,Franklin Delano Roosevelt (FDR) Park,2026-06-20 10:53:00,1,39.9027901,-75.1819754
blkvul,Black Vulture,Coragyps atratus,L1025768,Franklin Delano Roosevelt (FDR) Park,2026-06-20 10:53:00,1,39.9027901,-75.1819754
turvul,Turkey Vulture,Cathartes aura,L1025768,Franklin Delano Roosevelt (FDR) Park,2026-06-20 10:53:00,1,39.9027901,-75.1819754
dowwoo,Downy Woodpecker,Dryobates pubescens,L1025768,Franklin Delano Roosevelt (FDR) Park,2026-06-20 10:53:00,1,39.9027901,-75.1819754
eawpew,Eastern Wood-Pewee,Contopus virens,L1025768,Franklin Delano Roosevelt (FDR) Park,2026-06-20 10:53:00,2,39.9027901,-75.1819754
easkin,Eastern Kingbird,Tyrannus tyrannus,L1025768,Franklin Delano Roosevelt (FDR) Park,2026-06-20 10:53:00,1,39.9027901,-75.1819754
nrwswa,Northern Rough-winged Swallow,Stelgidopteryx serripennis,L1025768,Franklin Delano Roosevelt (FDR) Park,2026-06-20 10:53:00,1,39.9027901,-75.1819754
barswa,Barn Swallow,Hirundo rustica,L1025768,Franklin Delano Roosevelt (FDR) Park,2026-06-20 10:53:00,1,39.9027901,-75.1819754
eursta,European Starling,Sturnus vulgaris,L1025768,Franklin Delano Roosevelt (FDR) Park,2026-06-20 10:53:00,1,39.9027901,-75.1819754
cangoo,Canada Goose,Branta canadensis,L1025768,Franklin Delano Roosevelt (FDR) Park,2026-06-20 07:40:00,2,39.9027901,-75.1819754
rethaw,Red-tailed Hawk,Buteo jamaicensis,L1025768,Franklin Delano Roosevelt (FDR) Park,2026-06-20 07:40:00,1,39.9027901,-75.1819754
rebwoo,Red-bellied Woodpecker,Melanerpes carolinus,L1025768,Franklin Delano Roosevelt (FDR) Park,2026-06-20 07:40:00,1,39.9027901,-75.1819754
haiwoo,Hairy Woodpecker,Leuconotopicus villosus,L1025768,Franklin Delano Roosevelt (FDR) Park,2026-06-20 07:40:00,1,39.9027901,-75.1819754
wilfly,Willow Flycatcher,Empidonax traillii,L1025768,Franklin Delano Roosevelt (FDR) Park,2026-06-20 07:40:00,1,39.9027901,-75.1819754
eawvir1,Eastern Warbling Vireo,Vireo gilvus,L1025768,Franklin Delano Roosevelt (FDR) Park,2026-06-20 07:40:00,3,39.9027901,-75.1819754
reevir1,Red-eyed Vireo,Vireo olivaceus,L1025768,Franklin Delano Roosevelt (FDR) Park,2026-06-20 07:40:00,1,39.9027901,-75.1819754
blujay,Blue Jay,Cyanocitta cristata,L1025768,Franklin Delano Roosevelt (FDR) Park,2026-06-20 07:40:00,3,39.9027901,-75.1819754
buggna,Blue-gray Gnatcatcher,Polioptila caerulea,L1025768,Franklin Delano Roosevelt (FDR) Park,2026-06-20 07:40:00,2,39.9027901,-75.1819754
houwre,Northern House Wren,Troglodytes aedon,L1025768,Franklin Delano Roosevelt (FDR) Park,2026-06-20 07:40:00,3,39.9027901,-75.1819754
carwre,Carolina Wren,Thryothorus ludovicianus,L1025768,Franklin Delano Roosevelt (FDR) Park,2026-06-20 07:40:00,3,39.9027901,-75.1819754
cedwax,Cedar Waxwing,Bombycilla cedrorum,L1025768,Franklin Delano Roosevelt (FDR) Park,2026-06-20 07:40:00,9,39.9027901,-75.1819754
houspa,House Sparrow,Passer domesticus,L1025768,Franklin Delano Roosevelt (FDR) Park,2026-06-20 07:40:00,6,39.9027901,-75.1819754
houfin,House Finch,Haemorhous mexicanus,L1025768,Franklin Delano Roosevelt (FDR) Park,2026-06-20 07:40:00,5,39.9027901,-75.1819754
amegfi,American Goldfinch,Spinus tristis,L1025768,Franklin Delano Roosevelt (FDR) Park,2026-06-20 07:40:00,6,39.9027901,-75.1819754
orcori,Orchard Oriole,Icterus spurius,L1025768,Franklin Delano Roosevelt (FDR) Park,2026-06-20 07:40:00,3,39.9027901,-75.1819754
bnhcow,Brown-headed Cowbird,Molothrus ater,L1025768,Franklin Delano Roosevelt (FDR) Park,2026-06-20 07:40:00,6,39.9027901,-75.1819754
comyel,Common Yellowthroat,Geothlypis trichas,L1025768,Franklin Delano Roosevelt (FDR) Park,2026-06-20 07:40:00,4,39.9027901,-75.1819754
yelwar1,Northern Yellow Warbler,Setophaga aestiva,L1025768,Franklin Delano Roosevelt (FDR) Park,2026-06-20 07:40:00,3,39.9027901,-75.1819754
scatan,Scarlet Tanager,Piranga olivacea,L1025768,Franklin Delano Roosevelt (FDR) Park,2026-06-20 07:40:00,1,39.9027901,-75.1819754
indbun,Indigo Bunting,Passerina cyanea,L1025768,Franklin Delano Roosevelt (FDR) Park,2026-06-20 07:40:00,2,39.9027901,-75.1819754
cangoo,Canada Goose,Branta canadensis,L1025768,Franklin Delano Roosevelt (FDR) Park,2026-06-21 08:56:00,2,39.9027901,-75.1819754
mallar3,Mallard,Anas platyrhynchos,L1025768,Franklin Delano Roosevelt (FDR) Park,2026-06-21 08:56:00,6,39.9027901,-75.1819754
moudov,Mourning Dove,Zenaida macroura,L1025768,Franklin Delano Roosevelt (FDR) Park,2026-06-21 08:56:00,2,39.9027901,-75.1819754
rthhum,Ruby-throated Hummingbird,Archilochus colubris,L1025768,Franklin Delano Roosevelt (FDR) Park,2026-06-21 08:56:00,1,39.9027901,-75.1819754
laugul,Laughing Gull,Leucophaeus atricilla,L1025768,Franklin Delano Roosevelt (FDR) Park,2026-06-21 08:56:00,6,39.9027901,-75.1819754
doccor,Double-crested Cormorant,Nannopterum auritum,L1025768,Franklin Delano Roosevelt (FDR) Park,2026-06-21 08:56:00,1,39.9027901,-75.1819754
blkvul,Black Vulture,Coragyps atratus,L1025768,Franklin Delano Roosevelt (FDR) Park,2026-06-21 08:56:00,3,39.9027901,-75.1819754
osprey,Osprey,Pandion haliaetus,L1025768,Franklin Delano Roosevelt (FDR) Park,2026-06-21 08:56:00,1,39.9027901,-75.1819754
rebwoo,Red-bellied Woodpecker,Melanerpes carolinus,L1025768,Franklin Delano Roosevelt (FDR) Park,2026-06-21 08:56:00,1,39.9027901,-75.1819754
dowwoo,Downy Woodpecker,Dryobates pubescens,L1025768,Franklin Delano Roosevelt (FDR) Park,2026-06-21 08:56:00,2,39.9027901,-75.1819754
eawpew,Eastern Wood-Pewee,Contopus virens,L1025768,Franklin Delano Roosevelt (FDR) Park,2026-06-21 08:56:00,3,39.9027901,-75.1819754
wilfly,Willow Flycatcher,Empidonax traillii,L1025768,Franklin Delano Roosevelt (FDR) Park,2026-06-21 08:56:00,1,39.9027901,-75.1819754
easkin,Eastern Kingbird,Tyrannus tyrannus,L1025768,Franklin Delano Roosevelt (FDR) Park,2026-06-21 08:56:00,4,39.9027901,-75.1819754
eawvir1,Eastern Warbling Vireo,Vireo gilvus,L1025768,Franklin Delano Roosevelt (FDR) Park,2026-06-21 08:56:00,5,39.9027901,-75.1819754
reevir1,Red-eyed Vireo,Vireo olivaceus,L1025768,Franklin Delano Roosevelt (FDR) Park,2026-06-21 08:56:00,1,39.9027901,-75.1819754
blujay,Blue Jay,Cyanocitta cristata,L1025768,Franklin Delano Roosevelt (FDR) Park,2026-06-21 08:56:00,2,39.9027901,-75.1819754
treswa,Tree Swallow,Tachycineta bicolor,L1025768,Franklin Delano Roosevelt (FDR) Park,2026-06-21 08:56:00,2,39.9027901,-75.1819754
nrwswa,Northern Rough-winged Swallow,Stelgidopteryx serripennis,L1025768,Franklin Delano Roosevelt (FDR) Park,2026-06-21 08:56:00,17,39.9027901,-75.1819754
buggna,Blue-gray Gnatcatcher,Polioptila caerulea,L1025768,Franklin Delano Roosevelt (FDR) Park,2026-06-21 08:56:00,3,39.9027901,-75.1819754
carwre,Carolina Wren,Thryothorus ludovicianus,L1025768,Franklin Delano Roosevelt (FDR) Park,2026-06-21 08:56:00,1,39.9027901,-75.1819754
grycat,Gray Catbird,Dumetella carolinensis,L1025768,Franklin Delano Roosevelt (FDR) Park,2026-06-21 08:56:00,13,39.9027901,-75.1819754
normoc,Northern Mockingbird,Mimus polyglottos,L1025768,Franklin Delano Roosevelt (FDR) Park,2026-06-21 08:56:00,1,39.9027901,-75.1819754
amerob,American Robin,Turdus migratorius,L1025768,Franklin Delano Roosevelt (FDR) Park,2026-06-21 08:56:00,38,39.9027901,-75.1819754
cedwax,Cedar Waxwing,Bombycilla cedrorum,L1025768,Franklin Delano Roosevelt (FDR) Park,2026-06-21 08:56:00,7,39.9027901,-75.1819754
houspa,House Sparrow,Passer domesticus,L1025768,Franklin Delano Roosevelt (FDR) Park,2026-06-21 08:56:00,6,39.9027901,-75.1819754
houfin,House Finch,Haemorhous mexicanus,L1025768,Franklin Delano Roosevelt (FDR) Park,2026-06-21 08:56:00,2,39.9027901,-75.1819754
amegfi,American Goldfinch,Spinus tristis,L1025768,Franklin Delano Roosevelt (FDR) Park,2026-06-21 08:56:00,8,39.9027901,-75.1819754
chispa,Chipping Sparrow,Spizella passerina,L1025768,Franklin Delano Roosevelt (FDR) Park,2026-06-21 08:56:00,2,39.9027901,-75.1819754
sonspa,Song Sparrow,Melospiza melodia,L1025768,Franklin Delano Roosevelt (FDR) Park,2026-06-21 08:56:00,4,39.9027901,-75.1819754
balori,Baltimore Oriole,Icterus galbula,L1025768,Franklin Delano Roosevelt (FDR) Park,2026-06-21 08:56:00,4,39.9027901,-75.1819754
rewbla,Red-winged Blackbird,Agelaius phoeniceus,L1025768,Franklin Delano Roosevelt (FDR) Park,2026-06-21 08:56:00,14,39.9027901,-75.1819754
bnhcow,Brown-headed Cowbird,Molothrus ater,L1025768,Franklin Delano Roosevelt (FDR) Park,2026-06-21 08:56:00,18,39.9027901,-75.1819754
comgra,Common Grackle,Quiscalus quiscula,L1025768,Franklin Delano Roosevelt (FDR) Park,2026-06-21 08:56:00,7,39.9027901,-75.1819754
comyel,Common Yellowthroat,Geothlypis trichas,L1025768,Franklin Delano Roosevelt (FDR) Park,2026-06-21 08:56:00,3,39.9027901,-75.1819754
yelwar1,Northern Yellow Warbler,Setophaga aestiva,L1025768,Franklin Delano Roosevelt (FDR) Park,2026-06-21 08:56:00,2,39.9027901,-75.1819754
norcar,Northern Cardinal,Cardinalis cardinalis,L1025768,Franklin Delano Roosevelt (FDR) Park,2026-06-21 08:56:00,4,39.9027901,-75.1819754
indbun,Indigo Bunting,Passerina cyanea,L1025768,Franklin Delano Roosevelt (FDR) Park,2026-06-21 08:56:00,4,39.9027901,-75.1819754
mallar3,Mallard,Anas platyrhynchos,L1025768,Franklin Delano Roosevelt (FDR) Park,2026-06-22 07:52:00,7,39.9027901,-75.1819754
doccor,Double-crested Cormorant,Nannopterum auritum,L1025768,Franklin Delano Roosevelt (FDR) Park,2026-06-22 07:52:00,1,39.9027901,-75.1819754
grbher3,Great Blue Heron,Ardea herodias,L1025768,Franklin Delano Roosevelt (FDR) Park,2026-06-22 07:52:00,1,39.9027901,-75.1819754
osprey,Osprey,Pandion haliaetus,L1025768,Franklin Delano Roosevelt (FDR) Park,2026-06-22 07:52:00,1,39.9027901,-75.1819754
dowwoo,Downy Woodpecker,Dryobates pubescens,L1025768,Franklin Delano Roosevelt (FDR) Park,2026-06-22 07:52:00,1,39.9027901,-75.1819754
norfli,Northern Flicker,Colaptes auratus,L1025768,Franklin Delano Roosevelt (FDR) Park,2026-06-22 07:52:00,1,39.9027901,-75.1819754
eawpew,Eastern Wood-Pewee,Contopus virens,L1025768,Franklin Delano Roosevelt (FDR) Park,2026-06-22 07:52:00,1,39.9027901,-75.1819754
eawvir1,Eastern Warbling Vireo,Vireo gilvus,L1025768,Franklin Delano Roosevelt (FDR) Park,2026-06-22 07:52:00,3,39.9027901,-75.1819754
reevir1,Red-eyed Vireo,Vireo olivaceus,L1025768,Franklin Delano Roosevelt (FDR) Park,2026-06-22 07:52:00,1,39.9027901,-75.1819754
treswa,Tree Swallow,Tachycineta bicolor,L1025768,Franklin Delano Roosevelt (FDR) Park,2026-06-22 07:52:00,9,39.9027901,-75.1819754
nrwswa,Northern Rough-winged Swallow,Stelgidopteryx serripennis,L1025768,Franklin Delano Roosevelt (FDR) Park,2026-06-22 07:52:00,4,39.9027901,-75.1819754
eursta,European Starling,Sturnus vulgaris,L1025768,Franklin Delano Roosevelt (FDR) Park,2026-06-22 07:52:00,6,39.9027901,-75.1819754
grycat,Gray Catbird,Dumetella carolinensis,L1025768,Franklin Delano Roosevelt (FDR) Park,2026-06-22 07:52:00,4,39.9027901,-75.1819754
amerob,American Robin,Turdus migratorius,L1025768,Franklin Delano Roosevelt (FDR) Park,2026-06-22 07:52:00,11,39.9027901,-75.1819754
cedwax,Cedar Waxwing,Bombycilla cedrorum,L1025768,Franklin Delano Roosevelt (FDR) Park,2026-06-22 07:52:00,5,39.9027901,-75.1819754
houspa,House Sparrow,Passer domesticus,L1025768,Franklin Delano Roosevelt (FDR) Park,2026-06-22 07:52:00,3,39.9027901,-75.1819754
amegfi,American Goldfinch,Spinus tristis,L1025768,Franklin Delano Roosevelt (FDR) Park,2026-06-22 07:52:00,3,39.9027901,-75.1819754
sonspa,Song Sparrow,Melospiza melodia,L1025768,Franklin Delano Roosevelt (FDR) Park,2026-06-22 07:52:00,1,39.9027901,-75.1819754
orcori,Orchard Oriole,Icterus spurius,L1025768,Franklin Delano Roosevelt (FDR) Park,2026-06-22 07:52:00,1,39.9027901,-75.1819754
balori,Baltimore Oriole,Icterus galbula,L1025768,Franklin Delano Roosevelt (FDR) Park,2026-06-22 07:52:00,2,39.9027901,-75.1819754
rewbla,Red-winged Blackbird,Agelaius phoeniceus,L1025768,Franklin Delano Roosevelt (FDR) Park,2026-06-22 07:52:00,10,39.9027901,-75.1819754
comgra,Common Grackle,Quiscalus quiscula,L1025768,Franklin Delano Roosevelt (FDR) Park,2026-06-22 07:52:00,7,39.9027901,-75.1819754
norcar,Northern Cardinal,Cardinalis cardinalis,L1025768,Franklin Delano Roosevelt (FDR) Park,2026-06-22 07:52:00,1,39.9027901,-75.1819754
mallar3,Mallard,Anas platyrhynchos,L1025768,Franklin Delano Roosevelt (FDR) Park,2026-06-24 13:50:00,16,39.9027901,-75.1819754
moudov,Mourning Dove,Zenaida macroura,L1025768,Franklin Delano Roosevelt (FDR) Park,2026-06-24 13:50:00,2,39.9027901,-75.1819754
doccor,Double-crested Cormorant,Nannopterum auritum,L1025768,Franklin Delano Roosevelt (FDR) Park,2026-06-24 13:50:00,1,39.9027901,-75.1819754
osprey,Osprey,Pandion haliaetus,L1025768,Franklin Delano Roosevelt (FDR) Park,2026-06-24 13:50:00,1,39.9027901,-75.1819754
easkin,Eastern Kingbird,Tyrannus tyrannus,L1025768,Franklin Delano Roosevelt (FDR) Park,2026-06-24 13:50:00,1,39.9027901,-75.1819754
amerob,American Robin,Turdus migratorius,L1025768,Franklin Delano Roosevelt (FDR) Park,2026-06-24 13:50:00,12,39.9027901,-75.1819754
houspa,House Sparrow,Passer domesticus,L1025768,Franklin Delano Roosevelt (FDR) Park,2026-06-24 13:50:00,1,39.9027901,-75.1819754
houfin,House Finch,Haemorhous mexicanus,L1025768,Franklin Delano Roosevelt (FDR) Park,2026-06-24 13:50:00,1,39.9027901,-75.1819754
mallar3,Mallard,Anas platyrhynchos,L1025768,Franklin Delano Roosevelt (FDR) Park,2026-06-26 10:54:00,2,39.9027901,-75.1819754
chiswi,Chimney Swift,Chaetura pelagica,L1025768,Franklin Delano Roosevelt (FDR) Park,2026-06-26 10:54:00,5,39.9027901,-75.1819754
eawpew,Eastern Wood-Pewee,Contopus virens,L1025768,Franklin Delano Roosevelt (FDR) Park,2026-06-26 10:54:00,1,39.9027901,-75.1819754
amecro,American Crow,Corvus brachyrhynchos,L1025768,Franklin Delano Roosevelt (FDR) Park,2026-06-26 10:54:00,1,39.9027901,-75.1819754
buggna,Blue-gray Gnatcatcher,Polioptila caerulea,L1025768,Franklin Delano Roosevelt (FDR) Park,2026-06-26 10:54:00,1,39.9027901,-75.1819754
eursta,European Starling,Sturnus vulgaris,L1025768,Franklin Delano Roosevelt (FDR) Park,2026-06-26 10:54:00,2,39.9027901,-75.1819754
grycat,Gray Catbird,Dumetella carolinensis,L1025768,Franklin Delano Roosevelt (FDR) Park,2026-06-26 10:54:00,2,39.9027901,-75.1819754
amerob,American Robin,Turdus migratorius,L1025768,Franklin Delano Roosevelt (FDR) Park,2026-06-26 10:54:00,20,39.9027901,-75.1819754
houspa,House Sparrow,Passer domesticus,L1025768,Franklin Delano Roosevelt (FDR) Park,2026-06-26 10:54:00,50,39.9027901,-75.1819754
amegfi,American Goldfinch,Spinus tristis,L1025768,Franklin Delano Roosevelt (FDR) Park,2026-06-26 10:54:00,15,39.9027901,-75.1819754
chispa,Chipping Sparrow,Spizella passerina,L1025768,Franklin Delano Roosevelt (FDR) Park,2026-06-26 10:54:00,2,39.9027901,-75.1819754
rewbla,Red-winged Blackbird,Agelaius phoeniceus,L1025768,Franklin Delano Roosevelt (FDR) Park,2026-06-26 10:54:00,21,39.9027901,-75.1819754
comgra,Common Grackle,Quiscalus quiscula,L1025768,Franklin Delano Roosevelt (FDR) Park,2026-06-26 10:54:00,2,39.9027901,-75.1819754
norcar,Northern Cardinal,Cardinalis cardinalis,L1025768,Franklin Delano Roosevelt (FDR) Park,2026-06-26 10:54:00,1,39.9027901,-75.1819754
moudov,Mourning Dove,Zenaida macroura,L1025768,Franklin Delano Roosevelt (FDR) Park,2026-06-26 08:15:00,6,39.9027901,-75.1819754
laugul,Laughing Gull,Leucophaeus atricilla,L1025768,Franklin Delano Roosevelt (FDR) Park,2026-06-26 08:15:00,1,39.9027901,-75.1819754
doccor,Double-crested Cormorant,Nannopterum auritum,L1025768,Franklin Delano Roosevelt (FDR) Park,2026-06-26 08:15:00,2,39.9027901,-75.1819754
grbher3,Great Blue Heron,Ardea herodias,L1025768,Franklin Delano Roosevelt (FDR) Park,2026-06-26 08:15:00,1,39.9027901,-75.1819754
turvul,Turkey Vulture,Cathartes aura,L1025768,Franklin Delano Roosevelt (FDR) Park,2026-06-26 08:15:00,2,39.9027901,-75.1819754
rebwoo,Red-bellied Woodpecker,Melanerpes carolinus,L1025768,Franklin Delano Roosevelt (FDR) Park,2026-06-26 08:15:00,3,39.9027901,-75.1819754
dowwoo,Downy Woodpecker,Dryobates pubescens,L1025768,Franklin Delano Roosevelt (FDR) Park,2026-06-26 08:15:00,2,39.9027901,-75.1819754
norfli,Northern Flicker,Colaptes auratus,L1025768,Franklin Delano Roosevelt (FDR) Park,2026-06-26 08:15:00,3,39.9027901,-75.1819754
easkin,Eastern Kingbird,Tyrannus tyrannus,L1025768,Franklin Delano Roosevelt (FDR) Park,2026-06-26 08:15:00,4,39.9027901,-75.1819754
eawvir1,Eastern Warbling Vireo,Vireo gilvus,L1025768,Franklin Delano Roosevelt (FDR) Park,2026-06-26 08:15:00,7,39.9027901,-75.1819754
blujay,Blue Jay,Cyanocitta cristata,L1025768,Franklin Delano Roosevelt (FDR) Park,2026-06-26 08:15:00,2,39.9027901,-75.1819754
fiscro,Fish Crow,Corvus ossifragus,L1025768,Franklin Delano Roosevelt (FDR) Park,2026-06-26 08:15:00,1,39.9027901,-75.1819754
treswa,Tree Swallow,Tachycineta bicolor,L1025768,Franklin Delano Roosevelt (FDR) Park,2026-06-26 08:15:00,16,39.9027901,-75.1819754
nrwswa,Northern Rough-winged Swallow,Stelgidopteryx serripennis,L1025768,Franklin Delano Roosevelt (FDR) Park,2026-06-26 08:15:00,12,39.9027901,-75.1819754
carwre,Carolina Wren,Thryothorus ludovicianus,L1025768,Franklin Delano Roosevelt (FDR) Park,2026-06-26 08:15:00,2,39.9027901,-75.1819754
cedwax,Cedar Waxwing,Bombycilla cedrorum,L1025768,Franklin Delano Roosevelt (FDR) Park,2026-06-26 08:15:00,9,39.9027901,-75.1819754
houfin,House Finch,Haemorhous mexicanus,L1025768,Franklin Delano Roosevelt (FDR) Park,2026-06-26 08:15:00,4,39.9027901,-75.1819754
sonspa,Song Sparrow,Melospiza melodia,L1025768,Franklin Delano Roosevelt (FDR) Park,2026-06-26 08:15:00,3,39.9027901,-75.1819754
orcori,Orchard Oriole,Icterus spurius,L1025768,Franklin Delano Roosevelt (FDR) Park,2026-06-26 08:15:00,2,39.9027901,-75.1819754
balori,Baltimore Oriole,Icterus galbula,L1025768,Franklin Delano Roosevelt (FDR) Park,2026-06-26 08:15:00,6,39.9027901,-75.1819754
bnhcow,Brown-headed Cowbird,Molothrus ater,L1025768,Franklin Delano Roosevelt (FDR) Park,2026-06-26 08:15:00,11,39.9027901,-75.1819754
comyel,Common Yellowthroat,Geothlypis trichas,L1025768,Franklin Delano Roosevelt (FDR) Park,2026-06-26 08:15:00,1,39.9027901,-75.1819754
mallar3,Mallard,Anas platyrhynchos,L1025768,Franklin Delano Roosevelt (FDR) Park,2026-06-28 09:46:00,3,39.9027901,-75.1819754
moudov,Mourning Dove,Zenaida macroura,L1025768,Franklin Delano Roosevelt (FDR) Park,2026-06-28 09:46:00,2,39.9027901,-75.1819754
chiswi,Chimney Swift,Chaetura pelagica,L1025768,Franklin Delano Roosevelt (FDR) Park,2026-06-28 09:46:00,4,39.9027901,-75.1819754
ribgul,Ring-billed Gull,Larus delawarensis,L1025768,Franklin Delano Roosevelt (FDR) Park,2026-06-28 09:46:00,2,39.9027901,-75.1819754
turvul,Turkey Vulture,Cathartes aura,L1025768,Franklin Delano Roosevelt (FDR) Park,2026-06-28 09:46:00,1,39.9027901,-75.1819754
dowwoo,Downy Woodpecker,Dryobates pubescens,L1025768,Franklin Delano Roosevelt (FDR) Park,2026-06-28 09:46:00,2,39.9027901,-75.1819754
norfli,Northern Flicker,Colaptes auratus,L1025768,Franklin Delano Roosevelt (FDR) Park,2026-06-28 09:46:00,2,39.9027901,-75.1819754
eawpew,Eastern Wood-Pewee,Contopus virens,L1025768,Franklin Delano Roosevelt (FDR) Park,2026-06-28 09:46:00,1,39.9027901,-75.1819754
grcfly,Great Crested Flycatcher,Myiarchus crinitus,L1025768,Franklin Delano Roosevelt (FDR) Park,2026-06-28 09:46:00,1,39.9027901,-75.1819754
easkin,Eastern Kingbird,Tyrannus tyrannus,L1025768,Franklin Delano Roosevelt (FDR) Park,2026-06-28 09:46:00,1,39.9027901,-75.1819754
treswa,Tree Swallow,Tachycineta bicolor,L1025768,Franklin Delano Roosevelt (FDR) Park,2026-06-28 09:46:00,8,39.9027901,-75.1819754
barswa,Barn Swallow,Hirundo rustica,L1025768,Franklin Delano Roosevelt (FDR) Park,2026-06-28 09:46:00,8,39.9027901,-75.1819754
cedwax,Cedar Waxwing,Bombycilla cedrorum,L1025768,Franklin Delano Roosevelt (FDR) Park,2026-06-28 09:46:00,3,39.9027901,-75.1819754
amegfi,American Goldfinch,Spinus tristis,L1025768,Franklin Delano Roosevelt (FDR) Park,2026-06-28 09:46:00,1,39.9027901,-75.1819754
chispa,Chipping Sparrow,Spizella passerina,L1025768,Franklin Delano Roosevelt (FDR) Park,2026-06-28 09:46:00,5,39.9027901,-75.1819754
sonspa,Song Sparrow,Melospiza melodia,L1025768,Franklin Delano Roosevelt (FDR) Park,2026-06-28 09:46:00,1,39.9027901,-75.1819754
balori,Baltimore Oriole,Icterus galbula,L1025768,Franklin Delano Roosevelt (FDR) Park,2026-06-28 09:46:00,4,39.9027901,-75.1819754
rewbla,Red-winged Blackbird,Agelaius phoeniceus,L1025768,Franklin Delano Roosevelt (FDR) Park,2026-06-28 09:46:00,11,39.9027901,-75.1819754
bnhcow,Brown-headed Cowbird,Molothrus ater,L1025768,Franklin Delano Roosevelt (FDR) Park,2026-06-28 09:46:00,2,39.9027901,-75.1819754
laugul,Laughing Gull,Leucophaeus atricilla,L1025768,Franklin Delano Roosevelt (FDR) Park,2026-06-28 09:10:00,2,39.9027901,-75.1819754
doccor,Double-crested Cormorant,Nannopterum auritum,L1025768,Franklin Delano Roosevelt (FDR) Park,2026-06-28 09:10:00,4,39.9027901,-75.1819754
rebwoo,Red-bellied Woodpecker,Melanerpes carolinus,L1025768,Franklin Delano Roosevelt (FDR) Park,2026-06-28 09:10:00,1,39.9027901,-75.1819754
eawvir1,Eastern Warbling Vireo,Vireo gilvus,L1025768,Franklin Delano Roosevelt (FDR) Park,2026-06-28 09:10:00,1,39.9027901,-75.1819754
eursta,European Starling,Sturnus vulgaris,L1025768,Franklin Delano Roosevelt (FDR) Park,2026-06-28 09:10:00,2,39.9027901,-75.1819754
grycat,Gray Catbird,Dumetella carolinensis,L1025768,Franklin Delano Roosevelt (FDR) Park,2026-06-28 09:10:00,6,39.9027901,-75.1819754
amerob,American Robin,Turdus migratorius,L1025768,Franklin Delano Roosevelt (FDR) Park,2026-06-28 09:10:00,19,39.9027901,-75.1819754
houspa,House Sparrow,Passer domesticus,L1025768,Franklin Delano Roosevelt (FDR) Park,2026-06-28 09:10:00,8,39.9027901,-75.1819754
comgra,Common Grackle,Quiscalus quiscula,L1025768,Franklin Delano Roosevelt (FDR) Park,2026-06-28 09:10:00,1,39.9027901,-75.1819754
norcar,Northern Cardinal,Cardinalis cardinalis,L1025768,Franklin Delano Roosevelt (FDR) Park,2026-06-28 09:10:00,1,39.9027901,-75.1819754
amecro,American Crow,Corvus brachyrhynchos,L1025768,Franklin Delano Roosevelt (FDR) Park,2026-06-28 09:07:00,1,39.9027901,-75.1819754
buggna,Blue-gray Gnatcatcher,Polioptila caerulea,L1025768,Franklin Delano Roosevelt (FDR) Park,2026-06-28 09:07:00,8,39.9027901,-75.1819754
houwre,Northern House Wren,Troglodytes aedon,L1025768,Franklin Delano Roosevelt (FDR) Park,2026-06-28 09:07:00,1,39.9027901,-75.1819754
houfin,House Finch,Haemorhous mexicanus,L1025768,Franklin Delano Roosevelt (FDR) Park,2026-06-28 09:07:00,3,39.9027901,-75.1819754
comyel,Common Yellowthroat,Geothlypis trichas,L1025768,Franklin Delano Roosevelt (FDR) Park,2026-06-28 09:07:00,3,39.9027901,-75.1819754
doccor,Double-crested Cormorant,Nannopterum auritum,L1069194,Philadelphia Naval Yard (restricted access),2026-06-01 16:11:00,1,39.8876082,-75.1659143
houfin,House Finch,Haemorhous mexicanus,L1069194,Philadelphia Naval Yard (restricted access),2026-06-01 15:53:00,1,39.8876082,-75.1659143
rocpig,Rock Pigeon,Columba livia,L1069194,Philadelphia Naval Yard (restricted access),2026-06-01 15:33:00,2,39.8876082,-75.1659143
osprey,Osprey,Pandion haliaetus,L1069194,Philadelphia Naval Yard (restricted access),2026-06-01 15:33:00,2,39.8876082,-75.1659143
eursta,European Starling,Sturnus vulgaris,L1069194,Philadelphia Naval Yard (restricted access),2026-06-01 15:33:00,1,39.8876082,-75.1659143
normoc,Northern Mockingbird,Mimus polyglottos,L1069194,Philadelphia Naval Yard (restricted access),2026-06-01 15:33:00,1,39.8876082,-75.1659143
houspa,House Sparrow,Passer domesticus,L1069194,Philadelphia Naval Yard (restricted access),2026-06-01 15:33:00,4,39.8876082,-75.1659143
mallar3,Mallard,Anas platyrhynchos,L1069194,Philadelphia Naval Yard (restricted access),2026-06-01 05:45:00,6,39.8876082,-75.1659143
moudov,Mourning Dove,Zenaida macroura,L1069194,Philadelphia Naval Yard (restricted access),2026-06-01 05:45:00,2,39.8876082,-75.1659143
chiswi,Chimney Swift,Chaetura pelagica,L1069194,Philadelphia Naval Yard (restricted access),2026-06-01 05:45:00,1,39.8876082,-75.1659143
laugul,Laughing Gull,Leucophaeus atricilla,L1069194,Philadelphia Naval Yard (restricted access),2026-06-01 05:45:00,5,39.8876082,-75.1659143
ribgul,Ring-billed Gull,Larus delawarensis,L1069194,Philadelphia Naval Yard (restricted access),2026-06-01 05:45:00,3,39.8876082,-75.1659143
amhgul1,American Herring Gull,Larus smithsonianus,L1069194,Philadelphia Naval Yard (restricted access),2026-06-01 05:45:00,1,39.8876082,-75.1659143
caster1,Caspian Tern,Hydroprogne caspia,L1069194,Philadelphia Naval Yard (restricted access),2026-06-01 05:45:00,1,39.8876082,-75.1659143
grbher3,Great Blue Heron,Ardea herodias,L1069194,Philadelphia Naval Yard (restricted access),2026-06-01 05:45:00,2,39.8876082,-75.1659143
baleag,Bald Eagle,Haliaeetus leucocephalus,L1069194,Philadelphia Naval Yard (restricted access),2026-06-01 05:45:00,2,39.8876082,-75.1659143
rethaw,Red-tailed Hawk,Buteo jamaicensis,L1069194,Philadelphia Naval Yard (restricted access),2026-06-01 05:45:00,1,39.8876082,-75.1659143
norfli,Northern Flicker,Colaptes auratus,L1069194,Philadelphia Naval Yard (restricted access),2026-06-01 05:45:00,1,39.8876082,-75.1659143
grcfly,Great Crested Flycatcher,Myiarchus crinitus,L1069194,Philadelphia Naval Yard (restricted access),2026-06-01 05:45:00,1,39.8876082,-75.1659143
easkin,Eastern Kingbird,Tyrannus tyrannus,L1069194,Philadelphia Naval Yard (restricted access),2026-06-01 05:45:00,5,39.8876082,-75.1659143
eawvir1,Eastern Warbling Vireo,Vireo gilvus,L1069194,Philadelphia Naval Yard (restricted access),2026-06-01 05:45:00,2,39.8876082,-75.1659143
reevir1,Red-eyed Vireo,Vireo olivaceus,L1069194,Philadelphia Naval Yard (restricted access),2026-06-01 05:45:00,2,39.8876082,-75.1659143
blujay,Blue Jay,Cyanocitta cristata,L1069194,Philadelphia Naval Yard (restricted access),2026-06-01 05:45:00,1,39.8876082,-75.1659143
amecro,American Crow,Corvus brachyrhynchos,L1069194,Philadelphia Naval Yard (restricted access),2026-06-01 05:45:00,1,39.8876082,-75.1659143
nrwswa,Northern Rough-winged Swallow,Stelgidopteryx serripennis,L1069194,Philadelphia Naval Yard (restricted access),2026-06-01 05:45:00,7,39.8876082,-75.1659143
barswa,Barn Swallow,Hirundo rustica,L1069194,Philadelphia Naval Yard (restricted access),2026-06-01 05:45:00,4,39.8876082,-75.1659143
houwre,Northern House Wren,Troglodytes aedon,L1069194,Philadelphia Naval Yard (restricted access),2026-06-01 05:45:00,1,39.8876082,-75.1659143
carwre,Carolina Wren,Thryothorus ludovicianus,L1069194,Philadelphia Naval Yard (restricted access),2026-06-01 05:45:00,1,39.8876082,-75.1659143
grycat,Gray Catbird,Dumetella carolinensis,L1069194,Philadelphia Naval Yard (restricted access),2026-06-01 05:45:00,1,39.8876082,-75.1659143
swathr,Swainson's Thrush,Catharus ustulatus,L1069194,Philadelphia Naval Yard (restricted access),2026-06-01 05:45:00,1,39.8876082,-75.1659143
amerob,American Robin,Turdus migratorius,L1069194,Philadelphia Naval Yard (restricted access),2026-06-01 05:45:00,12,39.8876082,-75.1659143
cedwax,Cedar Waxwing,Bombycilla cedrorum,L1069194,Philadelphia Naval Yard (restricted access),2026-06-01 05:45:00,7,39.8876082,-75.1659143
amegfi,American Goldfinch,Spinus tristis,L1069194,Philadelphia Naval Yard (restricted access),2026-06-01 05:45:00,5,39.8876082,-75.1659143
chispa,Chipping Sparrow,Spizella passerina,L1069194,Philadelphia Naval Yard (restricted access),2026-06-01 05:45:00,2,39.8876082,-75.1659143
sonspa,Song Sparrow,Melospiza melodia,L1069194,Philadelphia Naval Yard (restricted access),2026-06-01 05:45:00,1,39.8876082,-75.1659143
orcori,Orchard Oriole,Icterus spurius,L1069194,Philadelphia Naval Yard (restricted access),2026-06-01 05:45:00,2,39.8876082,-75.1659143
balori,Baltimore Oriole,Icterus galbula,L1069194,Philadelphia Naval Yard (restricted access),2026-06-01 05:45:00,4,39.8876082,-75.1659143
rewbla,Red-winged Blackbird,Agelaius phoeniceus,L1069194,Philadelphia Naval Yard (restricted access),2026-06-01 05:45:00,4,39.8876082,-75.1659143
bnhcow,Brown-headed Cowbird,Molothrus ater,L1069194,Philadelphia Naval Yard (restricted access),2026-06-01 05:45:00,2,39.8876082,-75.1659143
comyel,Common Yellowthroat,Geothlypis trichas,L1069194,Philadelphia Naval Yard (restricted access),2026-06-01 05:45:00,1,39.8876082,-75.1659143
yelwar1,Northern Yellow Warbler,Setophaga aestiva,L1069194,Philadelphia Naval Yard (restricted access),2026-06-01 05:45:00,1,39.8876082,-75.1659143
bkpwar,Blackpoll Warbler,Setophaga striata,L1069194,Philadelphia Naval Yard (restricted access),2026-06-01 05:45:00,1,39.8876082,-75.1659143
norcar,Northern Cardinal,Cardinalis cardinalis,L1069194,Philadelphia Naval Yard (restricted access),2026-06-01 05:45:00,3,39.8876082,-75.1659143
blugrb1,Blue Grosbeak,Passerina caerulea,L1069194,Philadelphia Naval Yard (restricted access),2026-06-01 05:45:00,1,39.8876082,-75.1659143
indbun,Indigo Bunting,Passerina cyanea,L1069194,Philadelphia Naval Yard (restricted access),2026-06-01 05:45:00,4,39.8876082,-75.1659143
mallar3,Mallard,Anas platyrhynchos,L1069194,Philadelphia Naval Yard (restricted access),2026-06-02 05:57:00,6,39.8876082,-75.1659143
rocpig,Rock Pigeon,Columba livia,L1069194,Philadelphia Naval Yard (restricted access),2026-06-02 05:57:00,3,39.8876082,-75.1659143
moudov,Mourning Dove,Zenaida macroura,L1069194,Philadelphia Naval Yard (restricted access),2026-06-02 05:57:00,1,39.8876082,-75.1659143
chiswi,Chimney Swift,Chaetura pelagica,L1069194,Philadelphia Naval Yard (restricted access),2026-06-02 05:57:00,7,39.8876082,-75.1659143
ribgul,Ring-billed Gull,Larus delawarensis,L1069194,Philadelphia Naval Yard (restricted access),2026-06-02 05:57:00,2,39.8876082,-75.1659143
amhgul1,American Herring Gull,Larus smithsonianus,L1069194,Philadelphia Naval Yard (restricted access),2026-06-02 05:57:00,1,39.8876082,-75.1659143
doccor,Double-crested Cormorant,Nannopterum auritum,L1069194,Philadelphia Naval Yard (restricted access),2026-06-02 05:57:00,12,39.8876082,-75.1659143
turvul,Turkey Vulture,Cathartes aura,L1069194,Philadelphia Naval Yard (restricted access),2026-06-02 05:57:00,2,39.8876082,-75.1659143
osprey,Osprey,Pandion haliaetus,L1069194,Philadelphia Naval Yard (restricted access),2026-06-02 05:57:00,3,39.8876082,-75.1659143
baleag,Bald Eagle,Haliaeetus leucocephalus,L1069194,Philadelphia Naval Yard (restricted access),2026-06-02 05:57:00,1,39.8876082,-75.1659143
dowwoo,Downy Woodpecker,Dryobates pubescens,L1069194,Philadelphia Naval Yard (restricted access),2026-06-02 05:57:00,1,39.8876082,-75.1659143
norfli,Northern Flicker,Colaptes auratus,L1069194,Philadelphia Naval Yard (restricted access),2026-06-02 05:57:00,1,39.8876082,-75.1659143
wilfly,Willow Flycatcher,Empidonax traillii,L1069194,Philadelphia Naval Yard (restricted access),2026-06-02 05:57:00,1,39.8876082,-75.1659143
grcfly,Great Crested Flycatcher,Myiarchus crinitus,L1069194,Philadelphia Naval Yard (restricted access),2026-06-02 05:57:00,1,39.8876082,-75.1659143
easkin,Eastern Kingbird,Tyrannus tyrannus,L1069194,Philadelphia Naval Yard (restricted access),2026-06-02 05:57:00,4,39.8876082,-75.1659143
eawvir1,Eastern Warbling Vireo,Vireo gilvus,L1069194,Philadelphia Naval Yard (restricted access),2026-06-02 05:57:00,4,39.8876082,-75.1659143
reevir1,Red-eyed Vireo,Vireo olivaceus,L1069194,Philadelphia Naval Yard (restricted access),2026-06-02 05:57:00,2,39.8876082,-75.1659143
blujay,Blue Jay,Cyanocitta cristata,L1069194,Philadelphia Naval Yard (restricted access),2026-06-02 05:57:00,1,39.8876082,-75.1659143
amecro,American Crow,Corvus brachyrhynchos,L1069194,Philadelphia Naval Yard (restricted access),2026-06-02 05:57:00,1,39.8876082,-75.1659143
comrav,Common Raven,Corvus corax,L1069194,Philadelphia Naval Yard (restricted access),2026-06-02 05:57:00,1,39.8876082,-75.1659143
treswa,Tree Swallow,Tachycineta bicolor,L1069194,Philadelphia Naval Yard (restricted access),2026-06-02 05:57:00,6,39.8876082,-75.1659143
nrwswa,Northern Rough-winged Swallow,Stelgidopteryx serripennis,L1069194,Philadelphia Naval Yard (restricted access),2026-06-02 05:57:00,4,39.8876082,-75.1659143
barswa,Barn Swallow,Hirundo rustica,L1069194,Philadelphia Naval Yard (restricted access),2026-06-02 05:57:00,8,39.8876082,-75.1659143
carwre,Carolina Wren,Thryothorus ludovicianus,L1069194,Philadelphia Naval Yard (restricted access),2026-06-02 05:57:00,2,39.8876082,-75.1659143
eursta,European Starling,Sturnus vulgaris,L1069194,Philadelphia Naval Yard (restricted access),2026-06-02 05:57:00,3,39.8876082,-75.1659143
grycat,Gray Catbird,Dumetella carolinensis,L1069194,Philadelphia Naval Yard (restricted access),2026-06-02 05:57:00,2,39.8876082,-75.1659143
brnthr,Brown Thrasher,Toxostoma rufum,L1069194,Philadelphia Naval Yard (restricted access),2026-06-02 05:57:00,1,39.8876082,-75.1659143
normoc,Northern Mockingbird,Mimus polyglottos,L1069194,Philadelphia Naval Yard (restricted access),2026-06-02 05:57:00,2,39.8876082,-75.1659143
amerob,American Robin,Turdus migratorius,L1069194,Philadelphia Naval Yard (restricted access),2026-06-02 05:57:00,6,39.8876082,-75.1659143
cedwax,Cedar Waxwing,Bombycilla cedrorum,L1069194,Philadelphia Naval Yard (restricted access),2026-06-02 05:57:00,8,39.8876082,-75.1659143
houspa,House Sparrow,Passer domesticus,L1069194,Philadelphia Naval Yard (restricted access),2026-06-02 05:57:00,11,39.8876082,-75.1659143
houfin,House Finch,Haemorhous mexicanus,L1069194,Philadelphia Naval Yard (restricted access),2026-06-02 05:57:00,4,39.8876082,-75.1659143
amegfi,American Goldfinch,Spinus tristis,L1069194,Philadelphia Naval Yard (restricted access),2026-06-02 05:57:00,8,39.8876082,-75.1659143
chispa,Chipping Sparrow,Spizella passerina,L1069194,Philadelphia Naval Yard (restricted access),2026-06-02 05:57:00,3,39.8876082,-75.1659143
sonspa,Song Sparrow,Melospiza melodia,L1069194,Philadelphia Naval Yard (restricted access),2026-06-02 05:57:00,1,39.8876082,-75.1659143
orcori,Orchard Oriole,Icterus spurius,L1069194,Philadelphia Naval Yard (restricted access),2026-06-02 05:57:00,1,39.8876082,-75.1659143
balori,Baltimore Oriole,Icterus galbula,L1069194,Philadelphia Naval Yard (restricted access),2026-06-02 05:57:00,4,39.8876082,-75.1659143
rewbla,Red-winged Blackbird,Agelaius phoeniceus,L1069194,Philadelphia Naval Yard (restricted access),2026-06-02 05:57:00,3,39.8876082,-75.1659143
bnhcow,Brown-headed Cowbird,Molothrus ater,L1069194,Philadelphia Naval Yard (restricted access),2026-06-02 05:57:00,6,39.8876082,-75.1659143
bkpwar,Blackpoll Warbler,Setophaga striata,L1069194,Philadelphia Naval Yard (restricted access),2026-06-02 05:57:00,1,39.8876082,-75.1659143
norcar,Northern Cardinal,Cardinalis cardinalis,L1069194,Philadelphia Naval Yard (restricted access),2026-06-02 05:57:00,2,39.8876082,-75.1659143
blugrb1,Blue Grosbeak,Passerina caerulea,L1069194,Philadelphia Naval Yard (restricted access),2026-06-02 05:57:00,1,39.8876082,-75.1659143
indbun,Indigo Bunting,Passerina cyanea,L1069194,Philadelphia Naval Yard (restricted access),2026-06-02 05:57:00,3,39.8876082,-75.1659143
cangoo,Canada Goose,Branta canadensis,L1069194,Philadelphia Naval Yard (restricted access),2026-06-03 05:54:00,60,39.8876082,-75.1659143
mallar3,Mallard,Anas platyrhynchos,L1069194,Philadelphia Naval Yard (restricted access),2026-06-03 05:54:00,6,39.8876082,-75.1659143
rocpig,Rock Pigeon,Columba livia,L1069194,Philadelphia Naval Yard (restricted access),2026-06-03 05:54:00,3,39.8876082,-75.1659143
chiswi,Chimney Swift,Chaetura pelagica,L1069194,Philadelphia Naval Yard (restricted access),2026-06-03 05:54:00,3,39.8876082,-75.1659143
laugul,Laughing Gull,Leucophaeus atricilla,L1069194,Philadelphia Naval Yard (restricted access),2026-06-03 05:54:00,16,39.8876082,-75.1659143
ribgul,Ring-billed Gull,Larus delawarensis,L1069194,Philadelphia Naval Yard (restricted access),2026-06-03 05:54:00,7,39.8876082,-75.1659143
comloo,Common Loon,Gavia immer,L1069194,Philadelphia Naval Yard (restricted access),2026-06-03 05:54:00,1,39.8876082,-75.1659143
doccor,Double-crested Cormorant,Nannopterum auritum,L1069194,Philadelphia Naval Yard (restricted access),2026-06-03 05:54:00,17,39.8876082,-75.1659143
grbher3,Great Blue Heron,Ardea herodias,L1069194,Philadelphia Naval Yard (restricted access),2026-06-03 05:54:00,2,39.8876082,-75.1659143
osprey,Osprey,Pandion haliaetus,L1069194,Philadelphia Naval Yard (restricted access),2026-06-03 05:54:00,6,39.8876082,-75.1659143
baleag,Bald Eagle,Haliaeetus leucocephalus,L1069194,Philadelphia Naval Yard (restricted access),2026-06-03 05:54:00,2,39.8876082,-75.1659143
norfli,Northern Flicker,Colaptes auratus,L1069194,Philadelphia Naval Yard (restricted access),2026-06-03 05:54:00,1,39.8876082,-75.1659143
grcfly,Great Crested Flycatcher,Myiarchus crinitus,L1069194,Philadelphia Naval Yard (restricted access),2026-06-03 05:54:00,1,39.8876082,-75.1659143
easkin,Eastern Kingbird,Tyrannus tyrannus,L1069194,Philadelphia Naval Yard (restricted access),2026-06-03 05:54:00,3,39.8876082,-75.1659143
eawvir1,Eastern Warbling Vireo,Vireo gilvus,L1069194,Philadelphia Naval Yard (restricted access),2026-06-03 05:54:00,1,39.8876082,-75.1659143
reevir1,Red-eyed Vireo,Vireo olivaceus,L1069194,Philadelphia Naval Yard (restricted access),2026-06-03 05:54:00,1,39.8876082,-75.1659143
amecro,American Crow,Corvus brachyrhynchos,L1069194,Philadelphia Naval Yard (restricted access),2026-06-03 05:54:00,1,39.8876082,-75.1659143
banswa,Bank Swallow,Riparia riparia,L1069194,Philadelphia Naval Yard (restricted access),2026-06-03 05:54:00,4,39.8876082,-75.1659143
treswa,Tree Swallow,Tachycineta bicolor,L1069194,Philadelphia Naval Yard (restricted access),2026-06-03 05:54:00,2,39.8876082,-75.1659143
nrwswa,Northern Rough-winged Swallow,Stelgidopteryx serripennis,L1069194,Philadelphia Naval Yard (restricted access),2026-06-03 05:54:00,5,39.8876082,-75.1659143
barswa,Barn Swallow,Hirundo rustica,L1069194,Philadelphia Naval Yard (restricted access),2026-06-03 05:54:00,15,39.8876082,-75.1659143
carwre,Carolina Wren,Thryothorus ludovicianus,L1069194,Philadelphia Naval Yard (restricted access),2026-06-03 05:54:00,1,39.8876082,-75.1659143
eursta,European Starling,Sturnus vulgaris,L1069194,Philadelphia Naval Yard (restricted access),2026-06-03 05:54:00,14,39.8876082,-75.1659143
brnthr,Brown Thrasher,Toxostoma rufum,L1069194,Philadelphia Naval Yard (restricted access),2026-06-03 05:54:00,1,39.8876082,-75.1659143
normoc,Northern Mockingbird,Mimus polyglottos,L1069194,Philadelphia Naval Yard (restricted access),2026-06-03 05:54:00,2,39.8876082,-75.1659143
amerob,American Robin,Turdus migratorius,L1069194,Philadelphia Naval Yard (restricted access),2026-06-03 05:54:00,6,39.8876082,-75.1659143
cedwax,Cedar Waxwing,Bombycilla cedrorum,L1069194,Philadelphia Naval Yard (restricted access),2026-06-03 05:54:00,4,39.8876082,-75.1659143
houspa,House Sparrow,Passer domesticus,L1069194,Philadelphia Naval Yard (restricted access),2026-06-03 05:54:00,11,39.8876082,-75.1659143
houfin,House Finch,Haemorhous mexicanus,L1069194,Philadelphia Naval Yard (restricted access),2026-06-03 05:54:00,1,39.8876082,-75.1659143
amegfi,American Goldfinch,Spinus tristis,L1069194,Philadelphia Naval Yard (restricted access),2026-06-03 05:54:00,2,39.8876082,-75.1659143
chispa,Chipping Sparrow,Spizella passerina,L1069194,Philadelphia Naval Yard (restricted access),2026-06-03 05:54:00,3,39.8876082,-75.1659143
orcori,Orchard Oriole,Icterus spurius,L1069194,Philadelphia Naval Yard (restricted access),2026-06-03 05:54:00,1,39.8876082,-75.1659143
balori,Baltimore Oriole,Icterus galbula,L1069194,Philadelphia Naval Yard (restricted access),2026-06-03 05:54:00,3,39.8876082,-75.1659143
rewbla,Red-winged Blackbird,Agelaius phoeniceus,L1069194,Philadelphia Naval Yard (restricted access),2026-06-03 05:54:00,5,39.8876082,-75.1659143
bnhcow,Brown-headed Cowbird,Molothrus ater,L1069194,Philadelphia Naval Yard (restricted access),2026-06-03 05:54:00,7,39.8876082,-75.1659143
comgra,Common Grackle,Quiscalus quiscula,L1069194,Philadelphia Naval Yard (restricted access),2026-06-03 05:54:00,1,39.8876082,-75.1659143
bkpwar,Blackpoll Warbler,Setophaga striata,L1069194,Philadelphia Naval Yard (restricted access),2026-06-03 05:54:00,1,39.8876082,-75.1659143
norcar,Northern Cardinal,Cardinalis cardinalis,L1069194,Philadelphia Naval Yard (restricted access),2026-06-03 05:54:00,1,39.8876082,-75.1659143
blugrb1,Blue Grosbeak,Passerina caerulea,L1069194,Philadelphia Naval Yard (restricted access),2026-06-03 05:54:00,1,39.8876082,-75.1659143
indbun,Indigo Bunting,Passerina cyanea,L1069194,Philadelphia Naval Yard (restricted access),2026-06-03 05:54:00,2,39.8876082,-75.1659143
nrwswa,Northern Rough-winged Swallow,Stelgidopteryx serripennis,L1069194,Philadelphia Naval Yard (restricted access),2026-06-04 12:36:00,1,39.8876082,-75.1659143
mallar3,Mallard,Anas platyrhynchos,L1069194,Philadelphia Naval Yard (restricted access),2026-06-04 06:05:00,5,39.8876082,-75.1659143
moudov,Mourning Dove,Zenaida macroura,L1069194,Philadelphia Naval Yard (restricted access),2026-06-04 06:05:00,1,39.8876082,-75.1659143
doccor,Double-crested Cormorant,Nannopterum auritum,L1069194,Philadelphia Naval Yard (restricted access),2026-06-04 06:05:00,12,39.8876082,-75.1659143
grbher3,Great Blue Heron,Ardea herodias,L1069194,Philadelphia Naval Yard (restricted access),2026-06-04 06:05:00,1,39.8876082,-75.1659143
osprey,Osprey,Pandion haliaetus,L1069194,Philadelphia Naval Yard (restricted access),2026-06-04 06:05:00,2,39.8876082,-75.1659143
baleag,Bald Eagle,Haliaeetus leucocephalus,L1069194,Philadelphia Naval Yard (restricted access),2026-06-04 06:05:00,1,39.8876082,-75.1659143
eawpew,Eastern Wood-Pewee,Contopus virens,L1069194,Philadelphia Naval Yard (restricted access),2026-06-04 06:05:00,1,39.8876082,-75.1659143
wilfly,Willow Flycatcher,Empidonax traillii,L1069194,Philadelphia Naval Yard (restricted access),2026-06-04 06:05:00,1,39.8876082,-75.1659143
grcfly,Great Crested Flycatcher,Myiarchus crinitus,L1069194,Philadelphia Naval Yard (restricted access),2026-06-04 06:05:00,1,39.8876082,-75.1659143
easkin,Eastern Kingbird,Tyrannus tyrannus,L1069194,Philadelphia Naval Yard (restricted access),2026-06-04 06:05:00,2,39.8876082,-75.1659143
eawvir1,Eastern Warbling Vireo,Vireo gilvus,L1069194,Philadelphia Naval Yard (restricted access),2026-06-04 06:05:00,1,39.8876082,-75.1659143
reevir1,Red-eyed Vireo,Vireo olivaceus,L1069194,Philadelphia Naval Yard (restricted access),2026-06-04 06:05:00,1,39.8876082,-75.1659143
barswa,Barn Swallow,Hirundo rustica,L1069194,Philadelphia Naval Yard (restricted access),2026-06-04 06:05:00,5,39.8876082,-75.1659143
carwre,Carolina Wren,Thryothorus ludovicianus,L1069194,Philadelphia Naval Yard (restricted access),2026-06-04 06:05:00,1,39.8876082,-75.1659143
eursta,European Starling,Sturnus vulgaris,L1069194,Philadelphia Naval Yard (restricted access),2026-06-04 06:05:00,6,39.8876082,-75.1659143
grycat,Gray Catbird,Dumetella carolinensis,L1069194,Philadelphia Naval Yard (restricted access),2026-06-04 06:05:00,2,39.8876082,-75.1659143
normoc,Northern Mockingbird,Mimus polyglottos,L1069194,Philadelphia Naval Yard (restricted access),2026-06-04 06:05:00,2,39.8876082,-75.1659143
amerob,American Robin,Turdus migratorius,L1069194,Philadelphia Naval Yard (restricted access),2026-06-04 06:05:00,14,39.8876082,-75.1659143
cedwax,Cedar Waxwing,Bombycilla cedrorum,L1069194,Philadelphia Naval Yard (restricted access),2026-06-04 06:05:00,10,39.8876082,-75.1659143
houspa,House Sparrow,Passer domesticus,L1069194,Philadelphia Naval Yard (restricted access),2026-06-04 06:05:00,3,39.8876082,-75.1659143
houfin,House Finch,Haemorhous mexicanus,L1069194,Philadelphia Naval Yard (restricted access),2026-06-04 06:05:00,3,39.8876082,-75.1659143
amegfi,American Goldfinch,Spinus tristis,L1069194,Philadelphia Naval Yard (restricted access),2026-06-04 06:05:00,3,39.8876082,-75.1659143
chispa,Chipping Sparrow,Spizella passerina,L1069194,Philadelphia Naval Yard (restricted access),2026-06-04 06:05:00,1,39.8876082,-75.1659143
sonspa,Song Sparrow,Melospiza melodia,L1069194,Philadelphia Naval Yard (restricted access),2026-06-04 06:05:00,1,39.8876082,-75.1659143
orcori,Orchard Oriole,Icterus spurius,L1069194,Philadelphia Naval Yard (restricted access),2026-06-04 06:05:00,2,39.8876082,-75.1659143
balori,Baltimore Oriole,Icterus galbula,L1069194,Philadelphia Naval Yard (restricted access),2026-06-04 06:05:00,5,39.8876082,-75.1659143
rewbla,Red-winged Blackbird,Agelaius phoeniceus,L1069194,Philadelphia Naval Yard (restricted access),2026-06-04 06:05:00,2,39.8876082,-75.1659143
bnhcow,Brown-headed Cowbird,Molothrus ater,L1069194,Philadelphia Naval Yard (restricted access),2026-06-04 06:05:00,5,39.8876082,-75.1659143
comgra,Common Grackle,Quiscalus quiscula,L1069194,Philadelphia Naval Yard (restricted access),2026-06-04 06:05:00,3,39.8876082,-75.1659143
comyel,Common Yellowthroat,Geothlypis trichas,L1069194,Philadelphia Naval Yard (restricted access),2026-06-04 06:05:00,1,39.8876082,-75.1659143
yelwar1,Northern Yellow Warbler,Setophaga aestiva,L1069194,Philadelphia Naval Yard (restricted access),2026-06-04 06:05:00,1,39.8876082,-75.1659143
norcar,Northern Cardinal,Cardinalis cardinalis,L1069194,Philadelphia Naval Yard (restricted access),2026-06-04 06:05:00,2,39.8876082,-75.1659143
indbun,Indigo Bunting,Passerina cyanea,L1069194,Philadelphia Naval Yard (restricted access),2026-06-04 06:05:00,2,39.8876082,-75.1659143
mallar3,Mallard,Anas platyrhynchos,L1069194,Philadelphia Naval Yard (restricted access),2026-06-05 06:14:00,5,39.8876082,-75.1659143
rocpig,Rock Pigeon,Columba livia,L1069194,Philadelphia Naval Yard (restricted access),2026-06-05 06:14:00,10,39.8876082,-75.1659143
chiswi,Chimney Swift,Chaetura pelagica,L1069194,Philadelphia Naval Yard (restricted access),2026-06-05 06:14:00,1,39.8876082,-75.1659143
laugul,Laughing Gull,Leucophaeus atricilla,L1069194,Philadelphia Naval Yard (restricted access),2026-06-05 06:14:00,1,39.8876082,-75.1659143
ribgul,Ring-billed Gull,Larus delawarensis,L1069194,Philadelphia Naval Yard (restricted access),2026-06-05 06:14:00,2,39.8876082,-75.1659143
doccor,Double-crested Cormorant,Nannopterum auritum,L1069194,Philadelphia Naval Yard (restricted access),2026-06-05 06:14:00,42,39.8876082,-75.1659143
grbher3,Great Blue Heron,Ardea herodias,L1069194,Philadelphia Naval Yard (restricted access),2026-06-05 06:14:00,1,39.8876082,-75.1659143
osprey,Osprey,Pandion haliaetus,L1069194,Philadelphia Naval Yard (restricted access),2026-06-05 06:14:00,2,39.8876082,-75.1659143
baleag,Bald Eagle,Haliaeetus leucocephalus,L1069194,Philadelphia Naval Yard (restricted access),2026-06-05 06:14:00,1,39.8876082,-75.1659143
eawpew,Eastern Wood-Pewee,Contopus virens,L1069194,Philadelphia Naval Yard (restricted access),2026-06-05 06:14:00,1,39.8876082,-75.1659143
grcfly,Great Crested Flycatcher,Myiarchus crinitus,L1069194,Philadelphia Naval Yard (restricted access),2026-06-05 06:14:00,2,39.8876082,-75.1659143
easkin,Eastern Kingbird,Tyrannus tyrannus,L1069194,Philadelphia Naval Yard (restricted access),2026-06-05 06:14:00,4,39.8876082,-75.1659143
eawvir1,Eastern Warbling Vireo,Vireo gilvus,L1069194,Philadelphia Naval Yard (restricted access),2026-06-05 06:14:00,1,39.8876082,-75.1659143
reevir1,Red-eyed Vireo,Vireo olivaceus,L1069194,Philadelphia Naval Yard (restricted access),2026-06-05 06:14:00,1,39.8876082,-75.1659143
amecro,American Crow,Corvus brachyrhynchos,L1069194,Philadelphia Naval Yard (restricted access),2026-06-05 06:14:00,2,39.8876082,-75.1659143
treswa,Tree Swallow,Tachycineta bicolor,L1069194,Philadelphia Naval Yard (restricted access),2026-06-05 06:14:00,2,39.8876082,-75.1659143
purmar,Purple Martin,Progne subis,L1069194,Philadelphia Naval Yard (restricted access),2026-06-05 06:14:00,1,39.8876082,-75.1659143
nrwswa,Northern Rough-winged Swallow,Stelgidopteryx serripennis,L1069194,Philadelphia Naval Yard (restricted access),2026-06-05 06:14:00,1,39.8876082,-75.1659143
barswa,Barn Swallow,Hirundo rustica,L1069194,Philadelphia Naval Yard (restricted access),2026-06-05 06:14:00,5,39.8876082,-75.1659143
carwre,Carolina Wren,Thryothorus ludovicianus,L1069194,Philadelphia Naval Yard (restricted access),2026-06-05 06:14:00,1,39.8876082,-75.1659143
eursta,European Starling,Sturnus vulgaris,L1069194,Philadelphia Naval Yard (restricted access),2026-06-05 06:14:00,2,39.8876082,-75.1659143
normoc,Northern Mockingbird,Mimus polyglottos,L1069194,Philadelphia Naval Yard (restricted access),2026-06-05 06:14:00,2,39.8876082,-75.1659143
amerob,American Robin,Turdus migratorius,L1069194,Philadelphia Naval Yard (restricted access),2026-06-05 06:14:00,5,39.8876082,-75.1659143
cedwax,Cedar Waxwing,Bombycilla cedrorum,L1069194,Philadelphia Naval Yard (restricted access),2026-06-05 06:14:00,3,39.8876082,-75.1659143
houspa,House Sparrow,Passer domesticus,L1069194,Philadelphia Naval Yard (restricted access),2026-06-05 06:14:00,12,39.8876082,-75.1659143
houfin,House Finch,Haemorhous mexicanus,L1069194,Philadelphia Naval Yard (restricted access),2026-06-05 06:14:00,2,39.8876082,-75.1659143
amegfi,American Goldfinch,Spinus tristis,L1069194,Philadelphia Naval Yard (restricted access),2026-06-05 06:14:00,2,39.8876082,-75.1659143
chispa,Chipping Sparrow,Spizella passerina,L1069194,Philadelphia Naval Yard (restricted access),2026-06-05 06:14:00,2,39.8876082,-75.1659143
sonspa,Song Sparrow,Melospiza melodia,L1069194,Philadelphia Naval Yard (restricted access),2026-06-05 06:14:00,1,39.8876082,-75.1659143
orcori,Orchard Oriole,Icterus spurius,L1069194,Philadelphia Naval Yard (restricted access),2026-06-05 06:14:00,2,39.8876082,-75.1659143
balori,Baltimore Oriole,Icterus galbula,L1069194,Philadelphia Naval Yard (restricted access),2026-06-05 06:14:00,3,39.8876082,-75.1659143
rewbla,Red-winged Blackbird,Agelaius phoeniceus,L1069194,Philadelphia Naval Yard (restricted access),2026-06-05 06:14:00,2,39.8876082,-75.1659143
bnhcow,Brown-headed Cowbird,Molothrus ater,L1069194,Philadelphia Naval Yard (restricted access),2026-06-05 06:14:00,2,39.8876082,-75.1659143
ovenbi1,Ovenbird,Seiurus aurocapilla,L1069194,Philadelphia Naval Yard (restricted access),2026-06-05 06:14:00,1,39.8876082,-75.1659143
amered,American Redstart,Setophaga ruticilla,L1069194,Philadelphia Naval Yard (restricted access),2026-06-05 06:14:00,1,39.8876082,-75.1659143
norcar,Northern Cardinal,Cardinalis cardinalis,L1069194,Philadelphia Naval Yard (restricted access),2026-06-05 06:14:00,2,39.8876082,-75.1659143
blugrb1,Blue Grosbeak,Passerina caerulea,L1069194,Philadelphia Naval Yard (restricted access),2026-06-05 06:14:00,1,39.8876082,-75.1659143
indbun,Indigo Bunting,Passerina cyanea,L1069194,Philadelphia Naval Yard (restricted access),2026-06-05 06:14:00,2,39.8876082,-75.1659143
barswa,Barn Swallow,Hirundo rustica,L1069194,Philadelphia Naval Yard (restricted access),2026-06-06 16:59:00,3,39.8876082,-75.1659143
cangoo,Canada Goose,Branta canadensis,L1069194,Philadelphia Naval Yard (restricted access),2026-06-07 10:10:00,2,39.8876082,-75.1659143
mallar3,Mallard,Anas platyrhynchos,L1069194,Philadelphia Naval Yard (restricted access),2026-06-07 10:10:00,1,39.8876082,-75.1659143
moudov,Mourning Dove,Zenaida macroura,L1069194,Philadelphia Naval Yard (restricted access),2026-06-07 10:10:00,2,39.8876082,-75.1659143
laugul,Laughing Gull,Leucophaeus atricilla,L1069194,Philadelphia Naval Yard (restricted access),2026-06-07 10:10:00,6,39.8876082,-75.1659143
ribgul,Ring-billed Gull,Larus delawarensis,L1069194,Philadelphia Naval Yard (restricted access),2026-06-07 10:10:00,1,39.8876082,-75.1659143
turvul,Turkey Vulture,Cathartes aura,L1069194,Philadelphia Naval Yard (restricted access),2026-06-07 10:10:00,2,39.8876082,-75.1659143
osprey,Osprey,Pandion haliaetus,L1069194,Philadelphia Naval Yard (restricted access),2026-06-07 10:10:00,1,39.8876082,-75.1659143
grcfly,Great Crested Flycatcher,Myiarchus crinitus,L1069194,Philadelphia Naval Yard (restricted access),2026-06-07 10:10:00,1,39.8876082,-75.1659143
easkin,Eastern Kingbird,Tyrannus tyrannus,L1069194,Philadelphia Naval Yard (restricted access),2026-06-07 10:10:00,1,39.8876082,-75.1659143
eawvir1,Eastern Warbling Vireo,Vireo gilvus,L1069194,Philadelphia Naval Yard (restricted access),2026-06-07 10:10:00,2,39.8876082,-75.1659143
nrwswa,Northern Rough-winged Swallow,Stelgidopteryx serripennis,L1069194,Philadelphia Naval Yard (restricted access),2026-06-07 10:10:00,2,39.8876082,-75.1659143
barswa,Barn Swallow,Hirundo rustica,L1069194,Philadelphia Naval Yard (restricted access),2026-06-07 10:10:00,8,39.8876082,-75.1659143
eursta,European Starling,Sturnus vulgaris,L1069194,Philadelphia Naval Yard (restricted access),2026-06-07 10:10:00,5,39.8876082,-75.1659143
amerob,American Robin,Turdus migratorius,L1069194,Philadelphia Naval Yard (restricted access),2026-06-07 10:10:00,8,39.8876082,-75.1659143
cedwax,Cedar Waxwing,Bombycilla cedrorum,L1069194,Philadelphia Naval Yard (restricted access),2026-06-07 10:10:00,9,39.8876082,-75.1659143
chispa,Chipping Sparrow,Spizella passerina,L1069194,Philadelphia Naval Yard (restricted access),2026-06-07 10:10:00,1,39.8876082,-75.1659143
orcori,Orchard Oriole,Icterus spurius,L1069194,Philadelphia Naval Yard (restricted access),2026-06-07 10:10:00,1,39.8876082,-75.1659143
balori,Baltimore Oriole,Icterus galbula,L1069194,Philadelphia Naval Yard (restricted access),2026-06-07 10:10:00,2,39.8876082,-75.1659143
bnhcow,Brown-headed Cowbird,Molothrus ater,L1069194,Philadelphia Naval Yard (restricted access),2026-06-07 10:10:00,1,39.8876082,-75.1659143
indbun,Indigo Bunting,Passerina cyanea,L1069194,Philadelphia Naval Yard (restricted access),2026-06-07 10:10:00,1,39.8876082,-75.1659143
rocpig,Rock Pigeon,Columba livia,L1069194,Philadelphia Naval Yard (restricted access),2026-06-07 06:34:00,3,39.8876082,-75.1659143
chiswi,Chimney Swift,Chaetura pelagica,L1069194,Philadelphia Naval Yard (restricted access),2026-06-07 06:34:00,4,39.8876082,-75.1659143
amhgul1,American Herring Gull,Larus smithsonianus,L1069194,Philadelphia Naval Yard (restricted access),2026-06-07 06:34:00,1,39.8876082,-75.1659143
doccor,Double-crested Cormorant,Nannopterum auritum,L1069194,Philadelphia Naval Yard (restricted access),2026-06-07 06:34:00,12,39.8876082,-75.1659143
grbher3,Great Blue Heron,Ardea herodias,L1069194,Philadelphia Naval Yard (restricted access),2026-06-07 06:34:00,2,39.8876082,-75.1659143
baleag,Bald Eagle,Haliaeetus leucocephalus,L1069194,Philadelphia Naval Yard (restricted access),2026-06-07 06:34:00,1,39.8876082,-75.1659143
dowwoo,Downy Woodpecker,Dryobates pubescens,L1069194,Philadelphia Naval Yard (restricted access),2026-06-07 06:34:00,1,39.8876082,-75.1659143
blujay,Blue Jay,Cyanocitta cristata,L1069194,Philadelphia Naval Yard (restricted access),2026-06-07 06:34:00,1,39.8876082,-75.1659143
amecro,American Crow,Corvus brachyrhynchos,L1069194,Philadelphia Naval Yard (restricted access),2026-06-07 06:34:00,1,39.8876082,-75.1659143
treswa,Tree Swallow,Tachycineta bicolor,L1069194,Philadelphia Naval Yard (restricted access),2026-06-07 06:34:00,2,39.8876082,-75.1659143
purmar,Purple Martin,Progne subis,L1069194,Philadelphia Naval Yard (restricted access),2026-06-07 06:34:00,1,39.8876082,-75.1659143
carwre,Carolina Wren,Thryothorus ludovicianus,L1069194,Philadelphia Naval Yard (restricted access),2026-06-07 06:34:00,1,39.8876082,-75.1659143
grycat,Gray Catbird,Dumetella carolinensis,L1069194,Philadelphia Naval Yard (restricted access),2026-06-07 06:34:00,1,39.8876082,-75.1659143
normoc,Northern Mockingbird,Mimus polyglottos,L1069194,Philadelphia Naval Yard (restricted access),2026-06-07 06:34:00,3,39.8876082,-75.1659143
houspa,House Sparrow,Passer domesticus,L1069194,Philadelphia Naval Yard (restricted access),2026-06-07 06:34:00,8,39.8876082,-75.1659143
houfin,House Finch,Haemorhous mexicanus,L1069194,Philadelphia Naval Yard (restricted access),2026-06-07 06:34:00,2,39.8876082,-75.1659143
amegfi,American Goldfinch,Spinus tristis,L1069194,Philadelphia Naval Yard (restricted access),2026-06-07 06:34:00,5,39.8876082,-75.1659143
comgra,Common Grackle,Quiscalus quiscula,L1069194,Philadelphia Naval Yard (restricted access),2026-06-07 06:34:00,1,39.8876082,-75.1659143
norcar,Northern Cardinal,Cardinalis cardinalis,L1069194,Philadelphia Naval Yard (restricted access),2026-06-07 06:34:00,1,39.8876082,-75.1659143
osprey,Osprey,Pandion haliaetus,L1069194,Philadelphia Naval Yard (restricted access),2026-06-08 13:52:00,4,39.8876082,-75.1659143
houfin,House Finch,Haemorhous mexicanus,L1069194,Philadelphia Naval Yard (restricted access),2026-06-08 13:52:00,1,39.8876082,-75.1659143
cangoo,Canada Goose,Branta canadensis,L1069194,Philadelphia Naval Yard (restricted access),2026-06-08 05:52:00,13,39.8876082,-75.1659143
mallar3,Mallard,Anas platyrhynchos,L1069194,Philadelphia Naval Yard (restricted access),2026-06-08 05:52:00,4,39.8876082,-75.1659143
rocpig,Rock Pigeon,Columba livia,L1069194,Philadelphia Naval Yard (restricted access),2026-06-08 05:52:00,11,39.8876082,-75.1659143
moudov,Mourning Dove,Zenaida macroura,L1069194,Philadelphia Naval Yard (restricted access),2026-06-08 05:52:00,1,39.8876082,-75.1659143
chiswi,Chimney Swift,Chaetura pelagica,L1069194,Philadelphia Naval Yard (restricted access),2026-06-08 05:52:00,3,39.8876082,-75.1659143
laugul,Laughing Gull,Leucophaeus atricilla,L1069194,Philadelphia Naval Yard (restricted access),2026-06-08 05:52:00,1,39.8876082,-75.1659143
ribgul,Ring-billed Gull,Larus delawarensis,L1069194,Philadelphia Naval Yard (restricted access),2026-06-08 05:52:00,8,39.8876082,-75.1659143
caster1,Caspian Tern,Hydroprogne caspia,L1069194,Philadelphia Naval Yard (restricted access),2026-06-08 05:52:00,1,39.8876082,-75.1659143
doccor,Double-crested Cormorant,Nannopterum auritum,L1069194,Philadelphia Naval Yard (restricted access),2026-06-08 05:52:00,13,39.8876082,-75.1659143
grbher3,Great Blue Heron,Ardea herodias,L1069194,Philadelphia Naval Yard (restricted access),2026-06-08 05:52:00,1,39.8876082,-75.1659143
turvul,Turkey Vulture,Cathartes aura,L1069194,Philadelphia Naval Yard (restricted access),2026-06-08 05:52:00,2,39.8876082,-75.1659143
baleag,Bald Eagle,Haliaeetus leucocephalus,L1069194,Philadelphia Naval Yard (restricted access),2026-06-08 05:52:00,2,39.8876082,-75.1659143
grcfly,Great Crested Flycatcher,Myiarchus crinitus,L1069194,Philadelphia Naval Yard (restricted access),2026-06-08 05:52:00,1,39.8876082,-75.1659143
easkin,Eastern Kingbird,Tyrannus tyrannus,L1069194,Philadelphia Naval Yard (restricted access),2026-06-08 05:52:00,3,39.8876082,-75.1659143
eawvir1,Eastern Warbling Vireo,Vireo gilvus,L1069194,Philadelphia Naval Yard (restricted access),2026-06-08 05:52:00,2,39.8876082,-75.1659143
blujay,Blue Jay,Cyanocitta cristata,L1069194,Philadelphia Naval Yard (restricted access),2026-06-08 05:52:00,1,39.8876082,-75.1659143
amecro,American Crow,Corvus brachyrhynchos,L1069194,Philadelphia Naval Yard (restricted access),2026-06-08 05:52:00,1,39.8876082,-75.1659143
fiscro,Fish Crow,Corvus ossifragus,L1069194,Philadelphia Naval Yard (restricted access),2026-06-08 05:52:00,1,39.8876082,-75.1659143
nrwswa,Northern Rough-winged Swallow,Stelgidopteryx serripennis,L1069194,Philadelphia Naval Yard (restricted access),2026-06-08 05:52:00,1,39.8876082,-75.1659143
barswa,Barn Swallow,Hirundo rustica,L1069194,Philadelphia Naval Yard (restricted access),2026-06-08 05:52:00,4,39.8876082,-75.1659143
carwre,Carolina Wren,Thryothorus ludovicianus,L1069194,Philadelphia Naval Yard (restricted access),2026-06-08 05:52:00,1,39.8876082,-75.1659143
eursta,European Starling,Sturnus vulgaris,L1069194,Philadelphia Naval Yard (restricted access),2026-06-08 05:52:00,4,39.8876082,-75.1659143
grycat,Gray Catbird,Dumetella carolinensis,L1069194,Philadelphia Naval Yard (restricted access),2026-06-08 05:52:00,2,39.8876082,-75.1659143
normoc,Northern Mockingbird,Mimus polyglottos,L1069194,Philadelphia Naval Yard (restricted access),2026-06-08 05:52:00,2,39.8876082,-75.1659143
amerob,American Robin,Turdus migratorius,L1069194,Philadelphia Naval Yard (restricted access),2026-06-08 05:52:00,6,39.8876082,-75.1659143
cedwax,Cedar Waxwing,Bombycilla cedrorum,L1069194,Philadelphia Naval Yard (restricted access),2026-06-08 05:52:00,8,39.8876082,-75.1659143
houspa,House Sparrow,Passer domesticus,L1069194,Philadelphia Naval Yard (restricted access),2026-06-08 05:52:00,9,39.8876082,-75.1659143
orcori,Orchard Oriole,Icterus spurius,L1069194,Philadelphia Naval Yard (restricted access),2026-06-08 05:52:00,1,39.8876082,-75.1659143
balori,Baltimore Oriole,Icterus galbula,L1069194,Philadelphia Naval Yard (restricted access),2026-06-08 05:52:00,5,39.8876082,-75.1659143
rewbla,Red-winged Blackbird,Agelaius phoeniceus,L1069194,Philadelphia Naval Yard (restricted access),2026-06-08 05:52:00,1,39.8876082,-75.1659143
bnhcow,Brown-headed Cowbird,Molothrus ater,L1069194,Philadelphia Naval Yard (restricted access),2026-06-08 05:52:00,3,39.8876082,-75.1659143
comgra,Common Grackle,Quiscalus quiscula,L1069194,Philadelphia Naval Yard (restricted access),2026-06-08 05:52:00,1,39.8876082,-75.1659143
norcar,Northern Cardinal,Cardinalis cardinalis,L1069194,Philadelphia Naval Yard (restricted access),2026-06-08 05:52:00,2,39.8876082,-75.1659143
indbun,Indigo Bunting,Passerina cyanea,L1069194,Philadelphia Naval Yard (restricted access),2026-06-08 05:52:00,2,39.8876082,-75.1659143
cangoo,Canada Goose,Branta canadensis,L1069194,Philadelphia Naval Yard (restricted access),2026-06-09 06:03:00,44,39.8876082,-75.1659143
mallar3,Mallard,Anas platyrhynchos,L1069194,Philadelphia Naval Yard (restricted access),2026-06-09 06:03:00,6,39.8876082,-75.1659143
rocpig,Rock Pigeon,Columba livia,L1069194,Philadelphia Naval Yard (restricted access),2026-06-09 06:03:00,1,39.8876082,-75.1659143
moudov,Mourning Dove,Zenaida macroura,L1069194,Philadelphia Naval Yard (restricted access),2026-06-09 06:03:00,1,39.8876082,-75.1659143
chiswi,Chimney Swift,Chaetura pelagica,L1069194,Philadelphia Naval Yard (restricted access),2026-06-09 06:03:00,1,39.8876082,-75.1659143
laugul,Laughing Gull,Leucophaeus atricilla,L1069194,Philadelphia Naval Yard (restricted access),2026-06-09 06:03:00,1,39.8876082,-75.1659143
ribgul,Ring-billed Gull,Larus delawarensis,L1069194,Philadelphia Naval Yard (restricted access),2026-06-09 06:03:00,1,39.8876082,-75.1659143
doccor,Double-crested Cormorant,Nannopterum auritum,L1069194,Philadelphia Naval Yard (restricted access),2026-06-09 06:03:00,12,39.8876082,-75.1659143
osprey,Osprey,Pandion haliaetus,L1069194,Philadelphia Naval Yard (restricted access),2026-06-09 06:03:00,3,39.8876082,-75.1659143
baleag,Bald Eagle,Haliaeetus leucocephalus,L1069194,Philadelphia Naval Yard (restricted access),2026-06-09 06:03:00,1,39.8876082,-75.1659143
grcfly,Great Crested Flycatcher,Myiarchus crinitus,L1069194,Philadelphia Naval Yard (restricted access),2026-06-09 06:03:00,1,39.8876082,-75.1659143
easkin,Eastern Kingbird,Tyrannus tyrannus,L1069194,Philadelphia Naval Yard (restricted access),2026-06-09 06:03:00,3,39.8876082,-75.1659143
eawvir1,Eastern Warbling Vireo,Vireo gilvus,L1069194,Philadelphia Naval Yard (restricted access),2026-06-09 06:03:00,1,39.8876082,-75.1659143
reevir1,Red-eyed Vireo,Vireo olivaceus,L1069194,Philadelphia Naval Yard (restricted access),2026-06-09 06:03:00,1,39.8876082,-75.1659143
blujay,Blue Jay,Cyanocitta cristata,L1069194,Philadelphia Naval Yard (restricted access),2026-06-09 06:03:00,1,39.8876082,-75.1659143
amecro,American Crow,Corvus brachyrhynchos,L1069194,Philadelphia Naval Yard (restricted access),2026-06-09 06:03:00,1,39.8876082,-75.1659143
treswa,Tree Swallow,Tachycineta bicolor,L1069194,Philadelphia Naval Yard (restricted access),2026-06-09 06:03:00,1,39.8876082,-75.1659143
barswa,Barn Swallow,Hirundo rustica,L1069194,Philadelphia Naval Yard (restricted access),2026-06-09 06:03:00,1,39.8876082,-75.1659143
carwre,Carolina Wren,Thryothorus ludovicianus,L1069194,Philadelphia Naval Yard (restricted access),2026-06-09 06:03:00,1,39.8876082,-75.1659143
eursta,European Starling,Sturnus vulgaris,L1069194,Philadelphia Naval Yard (restricted access),2026-06-09 06:03:00,5,39.8876082,-75.1659143
grycat,Gray Catbird,Dumetella carolinensis,L1069194,Philadelphia Naval Yard (restricted access),2026-06-09 06:03:00,2,39.8876082,-75.1659143
normoc,Northern Mockingbird,Mimus polyglottos,L1069194,Philadelphia Naval Yard (restricted access),2026-06-09 06:03:00,3,39.8876082,-75.1659143
amerob,American Robin,Turdus migratorius,L1069194,Philadelphia Naval Yard (restricted access),2026-06-09 06:03:00,8,39.8876082,-75.1659143
cedwax,Cedar Waxwing,Bombycilla cedrorum,L1069194,Philadelphia Naval Yard (restricted access),2026-06-09 06:03:00,9,39.8876082,-75.1659143
houspa,House Sparrow,Passer domesticus,L1069194,Philadelphia Naval Yard (restricted access),2026-06-09 06:03:00,13,39.8876082,-75.1659143
houfin,House Finch,Haemorhous mexicanus,L1069194,Philadelphia Naval Yard (restricted access),2026-06-09 06:03:00,1,39.8876082,-75.1659143
amegfi,American Goldfinch,Spinus tristis,L1069194,Philadelphia Naval Yard (restricted access),2026-06-09 06:03:00,2,39.8876082,-75.1659143
chispa,Chipping Sparrow,Spizella passerina,L1069194,Philadelphia Naval Yard (restricted access),2026-06-09 06:03:00,2,39.8876082,-75.1659143
orcori,Orchard Oriole,Icterus spurius,L1069194,Philadelphia Naval Yard (restricted access),2026-06-09 06:03:00,1,39.8876082,-75.1659143
balori,Baltimore Oriole,Icterus galbula,L1069194,Philadelphia Naval Yard (restricted access),2026-06-09 06:03:00,2,39.8876082,-75.1659143
rewbla,Red-winged Blackbird,Agelaius phoeniceus,L1069194,Philadelphia Naval Yard (restricted access),2026-06-09 06:03:00,1,39.8876082,-75.1659143
bnhcow,Brown-headed Cowbird,Molothrus ater,L1069194,Philadelphia Naval Yard (restricted access),2026-06-09 06:03:00,4,39.8876082,-75.1659143
norcar,Northern Cardinal,Cardinalis cardinalis,L1069194,Philadelphia Naval Yard (restricted access),2026-06-09 06:03:00,2,39.8876082,-75.1659143
indbun,Indigo Bunting,Passerina cyanea,L1069194,Philadelphia Naval Yard (restricted access),2026-06-09 06:03:00,2,39.8876082,-75.1659143
cangoo,Canada Goose,Branta canadensis,L1069194,Philadelphia Naval Yard (restricted access),2026-06-10 06:05:00,37,39.8876082,-75.1659143
mallar3,Mallard,Anas platyrhynchos,L1069194,Philadelphia Naval Yard (restricted access),2026-06-10 06:05:00,4,39.8876082,-75.1659143
rocpig,Rock Pigeon,Columba livia,L1069194,Philadelphia Naval Yard (restricted access),2026-06-10 06:05:00,12,39.8876082,-75.1659143
laugul,Laughing Gull,Leucophaeus atricilla,L1069194,Philadelphia Naval Yard (restricted access),2026-06-10 06:05:00,2,39.8876082,-75.1659143
ribgul,Ring-billed Gull,Larus delawarensis,L1069194,Philadelphia Naval Yard (restricted access),2026-06-10 06:05:00,1,39.8876082,-75.1659143
caster1,Caspian Tern,Hydroprogne caspia,L1069194,Philadelphia Naval Yard (restricted access),2026-06-10 06:05:00,2,39.8876082,-75.1659143
doccor,Double-crested Cormorant,Nannopterum auritum,L1069194,Philadelphia Naval Yard (restricted access),2026-06-10 06:05:00,6,39.8876082,-75.1659143
grbher3,Great Blue Heron,Ardea herodias,L1069194,Philadelphia Naval Yard (restricted access),2026-06-10 06:05:00,1,39.8876082,-75.1659143
blkvul,Black Vulture,Coragyps atratus,L1069194,Philadelphia Naval Yard (restricted access),2026-06-10 06:05:00,1,39.8876082,-75.1659143
osprey,Osprey,Pandion haliaetus,L1069194,Philadelphia Naval Yard (restricted access),2026-06-10 06:05:00,5,39.8876082,-75.1659143
baleag,Bald Eagle,Haliaeetus leucocephalus,L1069194,Philadelphia Naval Yard (restricted access),2026-06-10 06:05:00,2,39.8876082,-75.1659143
easkin,Eastern Kingbird,Tyrannus tyrannus,L1069194,Philadelphia Naval Yard (restricted access),2026-06-10 06:05:00,4,39.8876082,-75.1659143
eawvir1,Eastern Warbling Vireo,Vireo gilvus,L1069194,Philadelphia Naval Yard (restricted access),2026-06-10 06:05:00,1,39.8876082,-75.1659143
reevir1,Red-eyed Vireo,Vireo olivaceus,L1069194,Philadelphia Naval Yard (restricted access),2026-06-10 06:05:00,1,39.8876082,-75.1659143
amecro,American Crow,Corvus brachyrhynchos,L1069194,Philadelphia Naval Yard (restricted access),2026-06-10 06:05:00,1,39.8876082,-75.1659143
treswa,Tree Swallow,Tachycineta bicolor,L1069194,Philadelphia Naval Yard (restricted access),2026-06-10 06:05:00,2,39.8876082,-75.1659143
nrwswa,Northern Rough-winged Swallow,Stelgidopteryx serripennis,L1069194,Philadelphia Naval Yard (restricted access),2026-06-10 06:05:00,1,39.8876082,-75.1659143
barswa,Barn Swallow,Hirundo rustica,L1069194,Philadelphia Naval Yard (restricted access),2026-06-10 06:05:00,4,39.8876082,-75.1659143
eursta,European Starling,Sturnus vulgaris,L1069194,Philadelphia Naval Yard (restricted access),2026-06-10 06:05:00,7,39.8876082,-75.1659143
grycat,Gray Catbird,Dumetella carolinensis,L1069194,Philadelphia Naval Yard (restricted access),2026-06-10 06:05:00,3,39.8876082,-75.1659143
normoc,Northern Mockingbird,Mimus polyglottos,L1069194,Philadelphia Naval Yard (restricted access),2026-06-10 06:05:00,2,39.8876082,-75.1659143
amerob,American Robin,Turdus migratorius,L1069194,Philadelphia Naval Yard (restricted access),2026-06-10 06:05:00,5,39.8876082,-75.1659143
cedwax,Cedar Waxwing,Bombycilla cedrorum,L1069194,Philadelphia Naval Yard (restricted access),2026-06-10 06:05:00,8,39.8876082,-75.1659143
houspa,House Sparrow,Passer domesticus,L1069194,Philadelphia Naval Yard (restricted access),2026-06-10 06:05:00,16,39.8876082,-75.1659143
amegfi,American Goldfinch,Spinus tristis,L1069194,Philadelphia Naval Yard (restricted access),2026-06-10 06:05:00,1,39.8876082,-75.1659143
chispa,Chipping Sparrow,Spizella passerina,L1069194,Philadelphia Naval Yard (restricted access),2026-06-10 06:05:00,1,39.8876082,-75.1659143
orcori,Orchard Oriole,Icterus spurius,L1069194,Philadelphia Naval Yard (restricted access),2026-06-10 06:05:00,1,39.8876082,-75.1659143
balori,Baltimore Oriole,Icterus galbula,L1069194,Philadelphia Naval Yard (restricted access),2026-06-10 06:05:00,3,39.8876082,-75.1659143
rewbla,Red-winged Blackbird,Agelaius phoeniceus,L1069194,Philadelphia Naval Yard (restricted access),2026-06-10 06:05:00,1,39.8876082,-75.1659143
bnhcow,Brown-headed Cowbird,Molothrus ater,L1069194,Philadelphia Naval Yard (restricted access),2026-06-10 06:05:00,2,39.8876082,-75.1659143
norcar,Northern Cardinal,Cardinalis cardinalis,L1069194,Philadelphia Naval Yard (restricted access),2026-06-10 06:05:00,1,39.8876082,-75.1659143
indbun,Indigo Bunting,Passerina cyanea,L1069194,Philadelphia Naval Yard (restricted access),2026-06-10 06:05:00,1,39.8876082,-75.1659143
mallar3,Mallard,Anas platyrhynchos,L1069194,Philadelphia Naval Yard (restricted access),2026-06-11 06:05:00,6,39.8876082,-75.1659143
rocpig,Rock Pigeon,Columba livia,L1069194,Philadelphia Naval Yard (restricted access),2026-06-11 06:05:00,8,39.8876082,-75.1659143
moudov,Mourning Dove,Zenaida macroura,L1069194,Philadelphia Naval Yard (restricted access),2026-06-11 06:05:00,1,39.8876082,-75.1659143
chiswi,Chimney Swift,Chaetura pelagica,L1069194,Philadelphia Naval Yard (restricted access),2026-06-11 06:05:00,2,39.8876082,-75.1659143
ribgul,Ring-billed Gull,Larus delawarensis,L1069194,Philadelphia Naval Yard (restricted access),2026-06-11 06:05:00,2,39.8876082,-75.1659143
doccor,Double-crested Cormorant,Nannopterum auritum,L1069194,Philadelphia Naval Yard (restricted access),2026-06-11 06:05:00,16,39.8876082,-75.1659143
grnher,Green Heron,Butorides virescens,L1069194,Philadelphia Naval Yard (restricted access),2026-06-11 06:05:00,1,39.8876082,-75.1659143
greegr,Great Egret,Ardea alba,L1069194,Philadelphia Naval Yard (restricted access),2026-06-11 06:05:00,1,39.8876082,-75.1659143
blkvul,Black Vulture,Coragyps atratus,L1069194,Philadelphia Naval Yard (restricted access),2026-06-11 06:05:00,1,39.8876082,-75.1659143
osprey,Osprey,Pandion haliaetus,L1069194,Philadelphia Naval Yard (restricted access),2026-06-11 06:05:00,3,39.8876082,-75.1659143
baleag,Bald Eagle,Haliaeetus leucocephalus,L1069194,Philadelphia Naval Yard (restricted access),2026-06-11 06:05:00,3,39.8876082,-75.1659143
grcfly,Great Crested Flycatcher,Myiarchus crinitus,L1069194,Philadelphia Naval Yard (restricted access),2026-06-11 06:05:00,1,39.8876082,-75.1659143
easkin,Eastern Kingbird,Tyrannus tyrannus,L1069194,Philadelphia Naval Yard (restricted access),2026-06-11 06:05:00,5,39.8876082,-75.1659143
eawvir1,Eastern Warbling Vireo,Vireo gilvus,L1069194,Philadelphia Naval Yard (restricted access),2026-06-11 06:05:00,2,39.8876082,-75.1659143
reevir1,Red-eyed Vireo,Vireo olivaceus,L1069194,Philadelphia Naval Yard (restricted access),2026-06-11 06:05:00,1,39.8876082,-75.1659143
blujay,Blue Jay,Cyanocitta cristata,L1069194,Philadelphia Naval Yard (restricted access),2026-06-11 06:05:00,1,39.8876082,-75.1659143
amecro,American Crow,Corvus brachyrhynchos,L1069194,Philadelphia Naval Yard (restricted access),2026-06-11 06:05:00,1,39.8876082,-75.1659143
nrwswa,Northern Rough-winged Swallow,Stelgidopteryx serripennis,L1069194,Philadelphia Naval Yard (restricted access),2026-06-11 06:05:00,2,39.8876082,-75.1659143
barswa,Barn Swallow,Hirundo rustica,L1069194,Philadelphia Naval Yard (restricted access),2026-06-11 06:05:00,10,39.8876082,-75.1659143
carwre,Carolina Wren,Thryothorus ludovicianus,L1069194,Philadelphia Naval Yard (restricted access),2026-06-11 06:05:00,1,39.8876082,-75.1659143
eursta,European Starling,Sturnus vulgaris,L1069194,Philadelphia Naval Yard (restricted access),2026-06-11 06:05:00,15,39.8876082,-75.1659143
grycat,Gray Catbird,Dumetella carolinensis,L1069194,Philadelphia Naval Yard (restricted access),2026-06-11 06:05:00,1,39.8876082,-75.1659143
normoc,Northern Mockingbird,Mimus polyglottos,L1069194,Philadelphia Naval Yard (restricted access),2026-06-11 06:05:00,5,39.8876082,-75.1659143
amerob,American Robin,Turdus migratorius,L1069194,Philadelphia Naval Yard (restricted access),2026-06-11 06:05:00,9,39.8876082,-75.1659143
cedwax,Cedar Waxwing,Bombycilla cedrorum,L1069194,Philadelphia Naval Yard (restricted access),2026-06-11 06:05:00,4,39.8876082,-75.1659143
houspa,House Sparrow,Passer domesticus,L1069194,Philadelphia Naval Yard (restricted access),2026-06-11 06:05:00,7,39.8876082,-75.1659143
amegfi,American Goldfinch,Spinus tristis,L1069194,Philadelphia Naval Yard (restricted access),2026-06-11 06:05:00,2,39.8876082,-75.1659143
orcori,Orchard Oriole,Icterus spurius,L1069194,Philadelphia Naval Yard (restricted access),2026-06-11 06:05:00,2,39.8876082,-75.1659143
balori,Baltimore Oriole,Icterus galbula,L1069194,Philadelphia Naval Yard (restricted access),2026-06-11 06:05:00,4,39.8876082,-75.1659143
rewbla,Red-winged Blackbird,Agelaius phoeniceus,L1069194,Philadelphia Naval Yard (restricted access),2026-06-11 06:05:00,2,39.8876082,-75.1659143
bnhcow,Brown-headed Cowbird,Molothrus ater,L1069194,Philadelphia Naval Yard (restricted access),2026-06-11 06:05:00,3,39.8876082,-75.1659143
comgra,Common Grackle,Quiscalus quiscula,L1069194,Philadelphia Naval Yard (restricted access),2026-06-11 06:05:00,5,39.8876082,-75.1659143
comyel,Common Yellowthroat,Geothlypis trichas,L1069194,Philadelphia Naval Yard (restricted access),2026-06-11 06:05:00,1,39.8876082,-75.1659143
norcar,Northern Cardinal,Cardinalis cardinalis,L1069194,Philadelphia Naval Yard (restricted access),2026-06-11 06:05:00,3,39.8876082,-75.1659143
blugrb1,Blue Grosbeak,Passerina caerulea,L1069194,Philadelphia Naval Yard (restricted access),2026-06-11 06:05:00,1,39.8876082,-75.1659143
indbun,Indigo Bunting,Passerina cyanea,L1069194,Philadelphia Naval Yard (restricted access),2026-06-11 06:05:00,2,39.8876082,-75.1659143
rocpig,Rock Pigeon,Columba livia,L1069194,Philadelphia Naval Yard (restricted access),2026-06-12 10:12:00,1,39.8876082,-75.1659143
moudov,Mourning Dove,Zenaida macroura,L1069194,Philadelphia Naval Yard (restricted access),2026-06-12 10:12:00,1,39.8876082,-75.1659143
fiscro,Fish Crow,Corvus ossifragus,L1069194,Philadelphia Naval Yard (restricted access),2026-06-12 10:12:00,1,39.8876082,-75.1659143
eursta,European Starling,Sturnus vulgaris,L1069194,Philadelphia Naval Yard (restricted access),2026-06-12 10:12:00,2,39.8876082,-75.1659143
houspa,House Sparrow,Passer domesticus,L1069194,Philadelphia Naval Yard (restricted access),2026-06-12 10:12:00,1,39.8876082,-75.1659143
houfin,House Finch,Haemorhous mexicanus,L1069194,Philadelphia Naval Yard (restricted access),2026-06-12 10:12:00,1,39.8876082,-75.1659143
rewbla,Red-winged Blackbird,Agelaius phoeniceus,L1069194,Philadelphia Naval Yard (restricted access),2026-06-12 10:12:00,1,39.8876082,-75.1659143
doccor,Double-crested Cormorant,Nannopterum auritum,L1069194,Philadelphia Naval Yard (restricted access),2026-06-12 08:38:00,1,39.8876082,-75.1659143
cangoo,Canada Goose,Branta canadensis,L1069194,Philadelphia Naval Yard (restricted access),2026-06-12 06:18:00,29,39.8876082,-75.1659143
mallar3,Mallard,Anas platyrhynchos,L1069194,Philadelphia Naval Yard (restricted access),2026-06-12 06:18:00,4,39.8876082,-75.1659143
chiswi,Chimney Swift,Chaetura pelagica,L1069194,Philadelphia Naval Yard (restricted access),2026-06-12 06:18:00,6,39.8876082,-75.1659143
osprey,Osprey,Pandion haliaetus,L1069194,Philadelphia Naval Yard (restricted access),2026-06-12 06:18:00,5,39.8876082,-75.1659143
dowwoo,Downy Woodpecker,Dryobates pubescens,L1069194,Philadelphia Naval Yard (restricted access),2026-06-12 06:18:00,1,39.8876082,-75.1659143
grcfly,Great Crested Flycatcher,Myiarchus crinitus,L1069194,Philadelphia Naval Yard (restricted access),2026-06-12 06:18:00,2,39.8876082,-75.1659143
easkin,Eastern Kingbird,Tyrannus tyrannus,L1069194,Philadelphia Naval Yard (restricted access),2026-06-12 06:18:00,4,39.8876082,-75.1659143
eawvir1,Eastern Warbling Vireo,Vireo gilvus,L1069194,Philadelphia Naval Yard (restricted access),2026-06-12 06:18:00,3,39.8876082,-75.1659143
reevir1,Red-eyed Vireo,Vireo olivaceus,L1069194,Philadelphia Naval Yard (restricted access),2026-06-12 06:18:00,1,39.8876082,-75.1659143
blujay,Blue Jay,Cyanocitta cristata,L1069194,Philadelphia Naval Yard (restricted access),2026-06-12 06:18:00,1,39.8876082,-75.1659143
amecro,American Crow,Corvus brachyrhynchos,L1069194,Philadelphia Naval Yard (restricted access),2026-06-12 06:18:00,1,39.8876082,-75.1659143
treswa,Tree Swallow,Tachycineta bicolor,L1069194,Philadelphia Naval Yard (restricted access),2026-06-12 06:18:00,4,39.8876082,-75.1659143
nrwswa,Northern Rough-winged Swallow,Stelgidopteryx serripennis,L1069194,Philadelphia Naval Yard (restricted access),2026-06-12 06:18:00,5,39.8876082,-75.1659143
barswa,Barn Swallow,Hirundo rustica,L1069194,Philadelphia Naval Yard (restricted access),2026-06-12 06:18:00,4,39.8876082,-75.1659143
buggna,Blue-gray Gnatcatcher,Polioptila caerulea,L1069194,Philadelphia Naval Yard (restricted access),2026-06-12 06:18:00,2,39.8876082,-75.1659143
houwre,Northern House Wren,Troglodytes aedon,L1069194,Philadelphia Naval Yard (restricted access),2026-06-12 06:18:00,3,39.8876082,-75.1659143
carwre,Carolina Wren,Thryothorus ludovicianus,L1069194,Philadelphia Naval Yard (restricted access),2026-06-12 06:18:00,2,39.8876082,-75.1659143
grycat,Gray Catbird,Dumetella carolinensis,L1069194,Philadelphia Naval Yard (restricted access),2026-06-12 06:18:00,6,39.8876082,-75.1659143
normoc,Northern Mockingbird,Mimus polyglottos,L1069194,Philadelphia Naval Yard (restricted access),2026-06-12 06:18:00,7,39.8876082,-75.1659143
amerob,American Robin,Turdus migratorius,L1069194,Philadelphia Naval Yard (restricted access),2026-06-12 06:18:00,16,39.8876082,-75.1659143
cedwax,Cedar Waxwing,Bombycilla cedrorum,L1069194,Philadelphia Naval Yard (restricted access),2026-06-12 06:18:00,9,39.8876082,-75.1659143
amegfi,American Goldfinch,Spinus tristis,L1069194,Philadelphia Naval Yard (restricted access),2026-06-12 06:18:00,6,39.8876082,-75.1659143
chispa,Chipping Sparrow,Spizella passerina,L1069194,Philadelphia Naval Yard (restricted access),2026-06-12 06:18:00,6,39.8876082,-75.1659143
fiespa,Field Sparrow,Spizella pusilla,L1069194,Philadelphia Naval Yard (restricted access),2026-06-12 06:18:00,4,39.8876082,-75.1659143
sonspa,Song Sparrow,Melospiza melodia,L1069194,Philadelphia Naval Yard (restricted access),2026-06-12 06:18:00,2,39.8876082,-75.1659143
eastow,Eastern Towhee,Pipilo erythrophthalmus,L1069194,Philadelphia Naval Yard (restricted access),2026-06-12 06:18:00,2,39.8876082,-75.1659143
orcori,Orchard Oriole,Icterus spurius,L1069194,Philadelphia Naval Yard (restricted access),2026-06-12 06:18:00,2,39.8876082,-75.1659143
balori,Baltimore Oriole,Icterus galbula,L1069194,Philadelphia Naval Yard (restricted access),2026-06-12 06:18:00,4,39.8876082,-75.1659143
bnhcow,Brown-headed Cowbird,Molothrus ater,L1069194,Philadelphia Naval Yard (restricted access),2026-06-12 06:18:00,3,39.8876082,-75.1659143
comgra,Common Grackle,Quiscalus quiscula,L1069194,Philadelphia Naval Yard (restricted access),2026-06-12 06:18:00,1,39.8876082,-75.1659143
comyel,Common Yellowthroat,Geothlypis trichas,L1069194,Philadelphia Naval Yard (restricted access),2026-06-12 06:18:00,1,39.8876082,-75.1659143
yelwar1,Northern Yellow Warbler,Setophaga aestiva,L1069194,Philadelphia Naval Yard (restricted access),2026-06-12 06:18:00,2,39.8876082,-75.1659143
norcar,Northern Cardinal,Cardinalis cardinalis,L1069194,Philadelphia Naval Yard (restricted access),2026-06-12 06:18:00,4,39.8876082,-75.1659143
indbun,Indigo Bunting,Passerina cyanea,L1069194,Philadelphia Naval Yard (restricted access),2026-06-12 06:18:00,4,39.8876082,-75.1659143
mallar3,Mallard,Anas platyrhynchos,L1069194,Philadelphia Naval Yard (restricted access),2026-06-15 06:06:00,1,39.8876082,-75.1659143
rocpig,Rock Pigeon,Columba livia,L1069194,Philadelphia Naval Yard (restricted access),2026-06-15 06:06:00,3,39.8876082,-75.1659143
chiswi,Chimney Swift,Chaetura pelagica,L1069194,Philadelphia Naval Yard (restricted access),2026-06-15 06:06:00,2,39.8876082,-75.1659143
ribgul,Ring-billed Gull,Larus delawarensis,L1069194,Philadelphia Naval Yard (restricted access),2026-06-15 06:06:00,2,39.8876082,-75.1659143
doccor,Double-crested Cormorant,Nannopterum auritum,L1069194,Philadelphia Naval Yard (restricted access),2026-06-15 06:06:00,5,39.8876082,-75.1659143
turvul,Turkey Vulture,Cathartes aura,L1069194,Philadelphia Naval Yard (restricted access),2026-06-15 06:06:00,1,39.8876082,-75.1659143
osprey,Osprey,Pandion haliaetus,L1069194,Philadelphia Naval Yard (restricted access),2026-06-15 06:06:00,4,39.8876082,-75.1659143
baleag,Bald Eagle,Haliaeetus leucocephalus,L1069194,Philadelphia Naval Yard (restricted access),2026-06-15 06:06:00,2,39.8876082,-75.1659143
easkin,Eastern Kingbird,Tyrannus tyrannus,L1069194,Philadelphia Naval Yard (restricted access),2026-06-15 06:06:00,4,39.8876082,-75.1659143
nrwswa,Northern Rough-winged Swallow,Stelgidopteryx serripennis,L1069194,Philadelphia Naval Yard (restricted access),2026-06-15 06:06:00,1,39.8876082,-75.1659143
barswa,Barn Swallow,Hirundo rustica,L1069194,Philadelphia Naval Yard (restricted access),2026-06-15 06:06:00,3,39.8876082,-75.1659143
eursta,European Starling,Sturnus vulgaris,L1069194,Philadelphia Naval Yard (restricted access),2026-06-15 06:06:00,6,39.8876082,-75.1659143
normoc,Northern Mockingbird,Mimus polyglottos,L1069194,Philadelphia Naval Yard (restricted access),2026-06-15 06:06:00,3,39.8876082,-75.1659143
amerob,American Robin,Turdus migratorius,L1069194,Philadelphia Naval Yard (restricted access),2026-06-15 06:06:00,7,39.8876082,-75.1659143
cedwax,Cedar Waxwing,Bombycilla cedrorum,L1069194,Philadelphia Naval Yard (restricted access),2026-06-15 06:06:00,5,39.8876082,-75.1659143
houspa,House Sparrow,Passer domesticus,L1069194,Philadelphia Naval Yard (restricted access),2026-06-15 06:06:00,7,39.8876082,-75.1659143
houfin,House Finch,Haemorhous mexicanus,L1069194,Philadelphia Naval Yard (restricted access),2026-06-15 06:06:00,1,39.8876082,-75.1659143
chispa,Chipping Sparrow,Spizella passerina,L1069194,Philadelphia Naval Yard (restricted access),2026-06-15 06:06:00,3,39.8876082,-75.1659143
orcori,Orchard Oriole,Icterus spurius,L1069194,Philadelphia Naval Yard (restricted access),2026-06-15 06:06:00,2,39.8876082,-75.1659143
balori,Baltimore Oriole,Icterus galbula,L1069194,Philadelphia Naval Yard (restricted access),2026-06-15 06:06:00,3,39.8876082,-75.1659143
comgra,Common Grackle,Quiscalus quiscula,L1069194,Philadelphia Naval Yard (restricted access),2026-06-15 06:06:00,3,39.8876082,-75.1659143
norcar,Northern Cardinal,Cardinalis cardinalis,L1069194,Philadelphia Naval Yard (restricted access),2026-06-15 06:06:00,2,39.8876082,-75.1659143
blugrb1,Blue Grosbeak,Passerina caerulea,L1069194,Philadelphia Naval Yard (restricted access),2026-06-15 06:06:00,1,39.8876082,-75.1659143
indbun,Indigo Bunting,Passerina cyanea,L1069194,Philadelphia Naval Yard (restricted access),2026-06-15 06:06:00,1,39.8876082,-75.1659143
mallar3,Mallard,Anas platyrhynchos,L1069194,Philadelphia Naval Yard (restricted access),2026-06-16 06:10:00,3,39.8876082,-75.1659143
rocpig,Rock Pigeon,Columba livia,L1069194,Philadelphia Naval Yard (restricted access),2026-06-16 06:10:00,3,39.8876082,-75.1659143
doccor,Double-crested Cormorant,Nannopterum auritum,L1069194,Philadelphia Naval Yard (restricted access),2026-06-16 06:10:00,11,39.8876082,-75.1659143
osprey,Osprey,Pandion haliaetus,L1069194,Philadelphia Naval Yard (restricted access),2026-06-16 06:10:00,6,39.8876082,-75.1659143
baleag,Bald Eagle,Haliaeetus leucocephalus,L1069194,Philadelphia Naval Yard (restricted access),2026-06-16 06:10:00,1,39.8876082,-75.1659143
dowwoo,Downy Woodpecker,Dryobates pubescens,L1069194,Philadelphia Naval Yard (restricted access),2026-06-16 06:10:00,1,39.8876082,-75.1659143
grcfly,Great Crested Flycatcher,Myiarchus crinitus,L1069194,Philadelphia Naval Yard (restricted access),2026-06-16 06:10:00,1,39.8876082,-75.1659143
easkin,Eastern Kingbird,Tyrannus tyrannus,L1069194,Philadelphia Naval Yard (restricted access),2026-06-16 06:10:00,3,39.8876082,-75.1659143
eawvir1,Eastern Warbling Vireo,Vireo gilvus,L1069194,Philadelphia Naval Yard (restricted access),2026-06-16 06:10:00,1,39.8876082,-75.1659143
reevir1,Red-eyed Vireo,Vireo olivaceus,L1069194,Philadelphia Naval Yard (restricted access),2026-06-16 06:10:00,1,39.8876082,-75.1659143
amecro,American Crow,Corvus brachyrhynchos,L1069194,Philadelphia Naval Yard (restricted access),2026-06-16 06:10:00,1,39.8876082,-75.1659143
carchi,Carolina Chickadee,Poecile carolinensis,L1069194,Philadelphia Naval Yard (restricted access),2026-06-16 06:10:00,2,39.8876082,-75.1659143
treswa,Tree Swallow,Tachycineta bicolor,L1069194,Philadelphia Naval Yard (restricted access),2026-06-16 06:10:00,2,39.8876082,-75.1659143
nrwswa,Northern Rough-winged Swallow,Stelgidopteryx serripennis,L1069194,Philadelphia Naval Yard (restricted access),2026-06-16 06:10:00,1,39.8876082,-75.1659143
barswa,Barn Swallow,Hirundo rustica,L1069194,Philadelphia Naval Yard (restricted access),2026-06-16 06:10:00,11,39.8876082,-75.1659143
buggna,Blue-gray Gnatcatcher,Polioptila caerulea,L1069194,Philadelphia Naval Yard (restricted access),2026-06-16 06:10:00,1,39.8876082,-75.1659143
carwre,Carolina Wren,Thryothorus ludovicianus,L1069194,Philadelphia Naval Yard (restricted access),2026-06-16 06:10:00,3,39.8876082,-75.1659143
eursta,European Starling,Sturnus vulgaris,L1069194,Philadelphia Naval Yard (restricted access),2026-06-16 06:10:00,11,39.8876082,-75.1659143
grycat,Gray Catbird,Dumetella carolinensis,L1069194,Philadelphia Naval Yard (restricted access),2026-06-16 06:10:00,1,39.8876082,-75.1659143
normoc,Northern Mockingbird,Mimus polyglottos,L1069194,Philadelphia Naval Yard (restricted access),2026-06-16 06:10:00,6,39.8876082,-75.1659143
amerob,American Robin,Turdus migratorius,L1069194,Philadelphia Naval Yard (restricted access),2026-06-16 06:10:00,6,39.8876082,-75.1659143
cedwax,Cedar Waxwing,Bombycilla cedrorum,L1069194,Philadelphia Naval Yard (restricted access),2026-06-16 06:10:00,3,39.8876082,-75.1659143
houspa,House Sparrow,Passer domesticus,L1069194,Philadelphia Naval Yard (restricted access),2026-06-16 06:10:00,41,39.8876082,-75.1659143
houfin,House Finch,Haemorhous mexicanus,L1069194,Philadelphia Naval Yard (restricted access),2026-06-16 06:10:00,4,39.8876082,-75.1659143
amegfi,American Goldfinch,Spinus tristis,L1069194,Philadelphia Naval Yard (restricted access),2026-06-16 06:10:00,2,39.8876082,-75.1659143
chispa,Chipping Sparrow,Spizella passerina,L1069194,Philadelphia Naval Yard (restricted access),2026-06-16 06:10:00,3,39.8876082,-75.1659143
orcori,Orchard Oriole,Icterus spurius,L1069194,Philadelphia Naval Yard (restricted access),2026-06-16 06:10:00,2,39.8876082,-75.1659143
balori,Baltimore Oriole,Icterus galbula,L1069194,Philadelphia Naval Yard (restricted access),2026-06-16 06:10:00,4,39.8876082,-75.1659143
rewbla,Red-winged Blackbird,Agelaius phoeniceus,L1069194,Philadelphia Naval Yard (restricted access),2026-06-16 06:10:00,1,39.8876082,-75.1659143
bnhcow,Brown-headed Cowbird,Molothrus ater,L1069194,Philadelphia Naval Yard (restricted access),2026-06-16 06:10:00,2,39.8876082,-75.1659143
norcar,Northern Cardinal,Cardinalis cardinalis,L1069194,Philadelphia Naval Yard (restricted access),2026-06-16 06:10:00,5,39.8876082,-75.1659143
blugrb1,Blue Grosbeak,Passerina caerulea,L1069194,Philadelphia Naval Yard (restricted access),2026-06-16 06:10:00,1,39.8876082,-75.1659143
indbun,Indigo Bunting,Passerina cyanea,L1069194,Philadelphia Naval Yard (restricted access),2026-06-16 06:10:00,1,39.8876082,-75.1659143
grycat,Gray Catbird,Dumetella carolinensis,L1069194,Philadelphia Naval Yard (restricted access),2026-06-17 12:35:00,1,39.8876082,-75.1659143
mallar3,Mallard,Anas platyrhynchos,L1069194,Philadelphia Naval Yard (restricted access),2026-06-17 06:18:00,5,39.8876082,-75.1659143
rocpig,Rock Pigeon,Columba livia,L1069194,Philadelphia Naval Yard (restricted access),2026-06-17 06:18:00,1,39.8876082,-75.1659143
moudov,Mourning Dove,Zenaida macroura,L1069194,Philadelphia Naval Yard (restricted access),2026-06-17 06:18:00,1,39.8876082,-75.1659143
ribgul,Ring-billed Gull,Larus delawarensis,L1069194,Philadelphia Naval Yard (restricted access),2026-06-17 06:18:00,2,39.8876082,-75.1659143
caster1,Caspian Tern,Hydroprogne caspia,L1069194,Philadelphia Naval Yard (restricted access),2026-06-17 06:18:00,2,39.8876082,-75.1659143
comloo,Common Loon,Gavia immer,L1069194,Philadelphia Naval Yard (restricted access),2026-06-17 06:18:00,1,39.8876082,-75.1659143
doccor,Double-crested Cormorant,Nannopterum auritum,L1069194,Philadelphia Naval Yard (restricted access),2026-06-17 06:18:00,5,39.8876082,-75.1659143
osprey,Osprey,Pandion haliaetus,L1069194,Philadelphia Naval Yard (restricted access),2026-06-17 06:18:00,4,39.8876082,-75.1659143
baleag,Bald Eagle,Haliaeetus leucocephalus,L1069194,Philadelphia Naval Yard (restricted access),2026-06-17 06:18:00,1,39.8876082,-75.1659143
norfli,Northern Flicker,Colaptes auratus,L1069194,Philadelphia Naval Yard (restricted access),2026-06-17 06:18:00,1,39.8876082,-75.1659143
easkin,Eastern Kingbird,Tyrannus tyrannus,L1069194,Philadelphia Naval Yard (restricted access),2026-06-17 06:18:00,3,39.8876082,-75.1659143
reevir1,Red-eyed Vireo,Vireo olivaceus,L1069194,Philadelphia Naval Yard (restricted access),2026-06-17 06:18:00,1,39.8876082,-75.1659143
amecro,American Crow,Corvus brachyrhynchos,L1069194,Philadelphia Naval Yard (restricted access),2026-06-17 06:18:00,1,39.8876082,-75.1659143
treswa,Tree Swallow,Tachycineta bicolor,L1069194,Philadelphia Naval Yard (restricted access),2026-06-17 06:18:00,6,39.8876082,-75.1659143
nrwswa,Northern Rough-winged Swallow,Stelgidopteryx serripennis,L1069194,Philadelphia Naval Yard (restricted access),2026-06-17 06:18:00,3,39.8876082,-75.1659143
barswa,Barn Swallow,Hirundo rustica,L1069194,Philadelphia Naval Yard (restricted access),2026-06-17 06:18:00,7,39.8876082,-75.1659143
buggna,Blue-gray Gnatcatcher,Polioptila caerulea,L1069194,Philadelphia Naval Yard (restricted access),2026-06-17 06:18:00,1,39.8876082,-75.1659143
carwre,Carolina Wren,Thryothorus ludovicianus,L1069194,Philadelphia Naval Yard (restricted access),2026-06-17 06:18:00,1,39.8876082,-75.1659143
eursta,European Starling,Sturnus vulgaris,L1069194,Philadelphia Naval Yard (restricted access),2026-06-17 06:18:00,13,39.8876082,-75.1659143
normoc,Northern Mockingbird,Mimus polyglottos,L1069194,Philadelphia Naval Yard (restricted access),2026-06-17 06:18:00,5,39.8876082,-75.1659143
amerob,American Robin,Turdus migratorius,L1069194,Philadelphia Naval Yard (restricted access),2026-06-17 06:18:00,6,39.8876082,-75.1659143
cedwax,Cedar Waxwing,Bombycilla cedrorum,L1069194,Philadelphia Naval Yard (restricted access),2026-06-17 06:18:00,5,39.8876082,-75.1659143
houspa,House Sparrow,Passer domesticus,L1069194,Philadelphia Naval Yard (restricted access),2026-06-17 06:18:00,33,39.8876082,-75.1659143
houfin,House Finch,Haemorhous mexicanus,L1069194,Philadelphia Naval Yard (restricted access),2026-06-17 06:18:00,3,39.8876082,-75.1659143
amegfi,American Goldfinch,Spinus tristis,L1069194,Philadelphia Naval Yard (restricted access),2026-06-17 06:18:00,4,39.8876082,-75.1659143
chispa,Chipping Sparrow,Spizella passerina,L1069194,Philadelphia Naval Yard (restricted access),2026-06-17 06:18:00,2,39.8876082,-75.1659143
sonspa,Song Sparrow,Melospiza melodia,L1069194,Philadelphia Naval Yard (restricted access),2026-06-17 06:18:00,1,39.8876082,-75.1659143
orcori,Orchard Oriole,Icterus spurius,L1069194,Philadelphia Naval Yard (restricted access),2026-06-17 06:18:00,2,39.8876082,-75.1659143
balori,Baltimore Oriole,Icterus galbula,L1069194,Philadelphia Naval Yard (restricted access),2026-06-17 06:18:00,3,39.8876082,-75.1659143
bnhcow,Brown-headed Cowbird,Molothrus ater,L1069194,Philadelphia Naval Yard (restricted access),2026-06-17 06:18:00,5,39.8876082,-75.1659143
norcar,Northern Cardinal,Cardinalis cardinalis,L1069194,Philadelphia Naval Yard (restricted access),2026-06-17 06:18:00,2,39.8876082,-75.1659143
blugrb1,Blue Grosbeak,Passerina caerulea,L1069194,Philadelphia Naval Yard (restricted access),2026-06-17 06:18:00,1,39.8876082,-75.1659143
indbun,Indigo Bunting,Passerina cyanea,L1069194,Philadelphia Naval Yard (restricted access),2026-06-17 06:18:00,1,39.8876082,-75.1659143
easkin,Eastern Kingbird,Tyrannus tyrannus,L1069194,Philadelphia Naval Yard (restricted access),2026-06-18 18:12:00,1,39.8876082,-75.1659143
amerob,American Robin,Turdus migratorius,L1069194,Philadelphia Naval Yard (restricted access),2026-06-18 17:29:00,1,39.8876082,-75.1659143
osprey,Osprey,Pandion haliaetus,L1069194,Philadelphia Naval Yard (restricted access),2026-06-18 10:55:00,1,39.8876082,-75.1659143
cangoo,Canada Goose,Branta canadensis,L1069194,Philadelphia Naval Yard (restricted access),2026-06-18 05:56:00,73,39.8876082,-75.1659143
mallar3,Mallard,Anas platyrhynchos,L1069194,Philadelphia Naval Yard (restricted access),2026-06-18 05:56:00,2,39.8876082,-75.1659143
rocpig,Rock Pigeon,Columba livia,L1069194,Philadelphia Naval Yard (restricted access),2026-06-18 05:56:00,4,39.8876082,-75.1659143
chiswi,Chimney Swift,Chaetura pelagica,L1069194,Philadelphia Naval Yard (restricted access),2026-06-18 05:56:00,6,39.8876082,-75.1659143
ribgul,Ring-billed Gull,Larus delawarensis,L1069194,Philadelphia Naval Yard (restricted access),2026-06-18 05:56:00,3,39.8876082,-75.1659143
doccor,Double-crested Cormorant,Nannopterum auritum,L1069194,Philadelphia Naval Yard (restricted access),2026-06-18 05:56:00,15,39.8876082,-75.1659143
grbher3,Great Blue Heron,Ardea herodias,L1069194,Philadelphia Naval Yard (restricted access),2026-06-18 05:56:00,1,39.8876082,-75.1659143
turvul,Turkey Vulture,Cathartes aura,L1069194,Philadelphia Naval Yard (restricted access),2026-06-18 05:56:00,1,39.8876082,-75.1659143
baleag,Bald Eagle,Haliaeetus leucocephalus,L1069194,Philadelphia Naval Yard (restricted access),2026-06-18 05:56:00,3,39.8876082,-75.1659143
eawvir1,Eastern Warbling Vireo,Vireo gilvus,L1069194,Philadelphia Naval Yard (restricted access),2026-06-18 05:56:00,1,39.8876082,-75.1659143
reevir1,Red-eyed Vireo,Vireo olivaceus,L1069194,Philadelphia Naval Yard (restricted access),2026-06-18 05:56:00,1,39.8876082,-75.1659143
amecro,American Crow,Corvus brachyrhynchos,L1069194,Philadelphia Naval Yard (restricted access),2026-06-18 05:56:00,3,39.8876082,-75.1659143
fiscro,Fish Crow,Corvus ossifragus,L1069194,Philadelphia Naval Yard (restricted access),2026-06-18 05:56:00,1,39.8876082,-75.1659143
treswa,Tree Swallow,Tachycineta bicolor,L1069194,Philadelphia Naval Yard (restricted access),2026-06-18 05:56:00,5,39.8876082,-75.1659143
nrwswa,Northern Rough-winged Swallow,Stelgidopteryx serripennis,L1069194,Philadelphia Naval Yard (restricted access),2026-06-18 05:56:00,12,39.8876082,-75.1659143
barswa,Barn Swallow,Hirundo rustica,L1069194,Philadelphia Naval Yard (restricted access),2026-06-18 05:56:00,3,39.8876082,-75.1659143
buggna,Blue-gray Gnatcatcher,Polioptila caerulea,L1069194,Philadelphia Naval Yard (restricted access),2026-06-18 05:56:00,1,39.8876082,-75.1659143
carwre,Carolina Wren,Thryothorus ludovicianus,L1069194,Philadelphia Naval Yard (restricted access),2026-06-18 05:56:00,2,39.8876082,-75.1659143
eursta,European Starling,Sturnus vulgaris,L1069194,Philadelphia Naval Yard (restricted access),2026-06-18 05:56:00,4,39.8876082,-75.1659143
grycat,Gray Catbird,Dumetella carolinensis,L1069194,Philadelphia Naval Yard (restricted access),2026-06-18 05:56:00,1,39.8876082,-75.1659143
normoc,Northern Mockingbird,Mimus polyglottos,L1069194,Philadelphia Naval Yard (restricted access),2026-06-18 05:56:00,7,39.8876082,-75.1659143
cedwax,Cedar Waxwing,Bombycilla cedrorum,L1069194,Philadelphia Naval Yard (restricted access),2026-06-18 05:56:00,7,39.8876082,-75.1659143
houspa,House Sparrow,Passer domesticus,L1069194,Philadelphia Naval Yard (restricted access),2026-06-18 05:56:00,22,39.8876082,-75.1659143
houfin,House Finch,Haemorhous mexicanus,L1069194,Philadelphia Naval Yard (restricted access),2026-06-18 05:56:00,1,39.8876082,-75.1659143
amegfi,American Goldfinch,Spinus tristis,L1069194,Philadelphia Naval Yard (restricted access),2026-06-18 05:56:00,2,39.8876082,-75.1659143
chispa,Chipping Sparrow,Spizella passerina,L1069194,Philadelphia Naval Yard (restricted access),2026-06-18 05:56:00,2,39.8876082,-75.1659143
orcori,Orchard Oriole,Icterus spurius,L1069194,Philadelphia Naval Yard (restricted access),2026-06-18 05:56:00,1,39.8876082,-75.1659143
balori,Baltimore Oriole,Icterus galbula,L1069194,Philadelphia Naval Yard (restricted access),2026-06-18 05:56:00,1,39.8876082,-75.1659143
bnhcow,Brown-headed Cowbird,Molothrus ater,L1069194,Philadelphia Naval Yard (restricted access),2026-06-18 05:56:00,2,39.8876082,-75.1659143
norcar,Northern Cardinal,Cardinalis cardinalis,L1069194,Philadelphia Naval Yard (restricted access),2026-06-18 05:56:00,2,39.8876082,-75.1659143
blugrb1,Blue Grosbeak,Passerina caerulea,L1069194,Philadelphia Naval Yard (restricted access),2026-06-18 05:56:00,1,39.8876082,-75.1659143
nrwswa,Northern Rough-winged Swallow,Stelgidopteryx serripennis,L1069194,Philadelphia Naval Yard (restricted access),2026-06-22 09:04:00,1,39.8876082,-75.1659143
mallar3,Mallard,Anas platyrhynchos,L1069194,Philadelphia Naval Yard (restricted access),2026-06-22 06:41:00,2,39.8876082,-75.1659143
rocpig,Rock Pigeon,Columba livia,L1069194,Philadelphia Naval Yard (restricted access),2026-06-22 06:41:00,1,39.8876082,-75.1659143
moudov,Mourning Dove,Zenaida macroura,L1069194,Philadelphia Naval Yard (restricted access),2026-06-22 06:41:00,2,39.8876082,-75.1659143
killde,Killdeer,Charadrius vociferus,L1069194,Philadelphia Naval Yard (restricted access),2026-06-22 06:41:00,1,39.8876082,-75.1659143
laugul,Laughing Gull,Leucophaeus atricilla,L1069194,Philadelphia Naval Yard (restricted access),2026-06-22 06:41:00,2,39.8876082,-75.1659143
ribgul,Ring-billed Gull,Larus delawarensis,L1069194,Philadelphia Naval Yard (restricted access),2026-06-22 06:41:00,1,39.8876082,-75.1659143
doccor,Double-crested Cormorant,Nannopterum auritum,L1069194,Philadelphia Naval Yard (restricted access),2026-06-22 06:41:00,6,39.8876082,-75.1659143
grbher3,Great Blue Heron,Ardea herodias,L1069194,Philadelphia Naval Yard (restricted access),2026-06-22 06:41:00,4,39.8876082,-75.1659143
osprey,Osprey,Pandion haliaetus,L1069194,Philadelphia Naval Yard (restricted access),2026-06-22 06:41:00,5,39.8876082,-75.1659143
amekes,American Kestrel,Falco sparverius,L1069194,Philadelphia Naval Yard (restricted access),2026-06-22 06:41:00,1,39.8876082,-75.1659143
eawpew,Eastern Wood-Pewee,Contopus virens,L1069194,Philadelphia Naval Yard (restricted access),2026-06-22 06:41:00,1,39.8876082,-75.1659143
easkin,Eastern Kingbird,Tyrannus tyrannus,L1069194,Philadelphia Naval Yard (restricted access),2026-06-22 06:41:00,2,39.8876082,-75.1659143
eawvir1,Eastern Warbling Vireo,Vireo gilvus,L1069194,Philadelphia Naval Yard (restricted access),2026-06-22 06:41:00,1,39.8876082,-75.1659143
reevir1,Red-eyed Vireo,Vireo olivaceus,L1069194,Philadelphia Naval Yard (restricted access),2026-06-22 06:41:00,1,39.8876082,-75.1659143
barswa,Barn Swallow,Hirundo rustica,L1069194,Philadelphia Naval Yard (restricted access),2026-06-22 06:41:00,2,39.8876082,-75.1659143
carwre,Carolina Wren,Thryothorus ludovicianus,L1069194,Philadelphia Naval Yard (restricted access),2026-06-22 06:41:00,1,39.8876082,-75.1659143
eursta,European Starling,Sturnus vulgaris,L1069194,Philadelphia Naval Yard (restricted access),2026-06-22 06:41:00,17,39.8876082,-75.1659143
normoc,Northern Mockingbird,Mimus polyglottos,L1069194,Philadelphia Naval Yard (restricted access),2026-06-22 06:41:00,4,39.8876082,-75.1659143
amerob,American Robin,Turdus migratorius,L1069194,Philadelphia Naval Yard (restricted access),2026-06-22 06:41:00,4,39.8876082,-75.1659143
houspa,House Sparrow,Passer domesticus,L1069194,Philadelphia Naval Yard (restricted access),2026-06-22 06:41:00,11,39.8876082,-75.1659143
houfin,House Finch,Haemorhous mexicanus,L1069194,Philadelphia Naval Yard (restricted access),2026-06-22 06:41:00,1,39.8876082,-75.1659143
amegfi,American Goldfinch,Spinus tristis,L1069194,Philadelphia Naval Yard (restricted access),2026-06-22 06:41:00,2,39.8876082,-75.1659143
orcori,Orchard Oriole,Icterus spurius,L1069194,Philadelphia Naval Yard (restricted access),2026-06-22 06:41:00,1,39.8876082,-75.1659143
balori,Baltimore Oriole,Icterus galbula,L1069194,Philadelphia Naval Yard (restricted access),2026-06-22 06:41:00,2,39.8876082,-75.1659143
norcar,Northern Cardinal,Cardinalis cardinalis,L1069194,Philadelphia Naval Yard (restricted access),2026-06-22 06:41:00,1,39.8876082,-75.1659143
blugrb1,Blue Grosbeak,Passerina caerulea,L1069194,Philadelphia Naval Yard (restricted access),2026-06-22 06:41:00,1,39.8876082,-75.1659143
indbun,Indigo Bunting,Passerina cyanea,L1069194,Philadelphia Naval Yard (restricted access),2026-06-22 06:41:00,2,39.8876082,-75.1659143
cangoo,Canada Goose,Branta canadensis,L1069194,Philadelphia Naval Yard (restricted access),2026-06-23 10:11:00,13,39.8876082,-75.1659143
mallar3,Mallard,Anas platyrhynchos,L1069194,Philadelphia Naval Yard (restricted access),2026-06-23 10:11:00,1,39.8876082,-75.1659143
ribgul,Ring-billed Gull,Larus delawarensis,L1069194,Philadelphia Naval Yard (restricted access),2026-06-23 10:11:00,1,39.8876082,-75.1659143
doccor,Double-crested Cormorant,Nannopterum auritum,L1069194,Philadelphia Naval Yard (restricted access),2026-06-23 10:11:00,1,39.8876082,-75.1659143
osprey,Osprey,Pandion haliaetus,L1069194,Philadelphia Naval Yard (restricted access),2026-06-23 10:11:00,4,39.8876082,-75.1659143
baleag,Bald Eagle,Haliaeetus leucocephalus,L1069194,Philadelphia Naval Yard (restricted access),2026-06-23 10:11:00,2,39.8876082,-75.1659143
easkin,Eastern Kingbird,Tyrannus tyrannus,L1069194,Philadelphia Naval Yard (restricted access),2026-06-23 10:11:00,1,39.8876082,-75.1659143
treswa,Tree Swallow,Tachycineta bicolor,L1069194,Philadelphia Naval Yard (restricted access),2026-06-23 10:11:00,2,39.8876082,-75.1659143
nrwswa,Northern Rough-winged Swallow,Stelgidopteryx serripennis,L1069194,Philadelphia Naval Yard (restricted access),2026-06-23 10:11:00,1,39.8876082,-75.1659143
barswa,Barn Swallow,Hirundo rustica,L1069194,Philadelphia Naval Yard (restricted access),2026-06-23 10:11:00,3,39.8876082,-75.1659143
eursta,European Starling,Sturnus vulgaris,L1069194,Philadelphia Naval Yard (restricted access),2026-06-23 10:11:00,3,39.8876082,-75.1659143
grycat,Gray Catbird,Dumetella carolinensis,L1069194,Philadelphia Naval Yard (restricted access),2026-06-23 10:11:00,1,39.8876082,-75.1659143
amerob,American Robin,Turdus migratorius,L1069194,Philadelphia Naval Yard (restricted access),2026-06-23 10:11:00,3,39.8876082,-75.1659143
houspa,House Sparrow,Passer domesticus,L1069194,Philadelphia Naval Yard (restricted access),2026-06-23 10:11:00,3,39.8876082,-75.1659143
amegfi,American Goldfinch,Spinus tristis,L1069194,Philadelphia Naval Yard (restricted access),2026-06-23 10:11:00,2,39.8876082,-75.1659143
orcori,Orchard Oriole,Icterus spurius,L1069194,Philadelphia Naval Yard (restricted access),2026-06-23 10:11:00,1,39.8876082,-75.1659143
comgra,Common Grackle,Quiscalus quiscula,L1069194,Philadelphia Naval Yard (restricted access),2026-06-23 10:11:00,1,39.8876082,-75.1659143
moudov,Mourning Dove,Zenaida macroura,L1069194,Philadelphia Naval Yard (restricted access),2026-06-23 06:27:00,5,39.8876082,-75.1659143
chiswi,Chimney Swift,Chaetura pelagica,L1069194,Philadelphia Naval Yard (restricted access),2026-06-23 06:27:00,3,39.8876082,-75.1659143
killde,Killdeer,Charadrius vociferus,L1069194,Philadelphia Naval Yard (restricted access),2026-06-23 06:27:00,1,39.8876082,-75.1659143
laugul,Laughing Gull,Leucophaeus atricilla,L1069194,Philadelphia Naval Yard (restricted access),2026-06-23 06:27:00,1,39.8876082,-75.1659143
amhgul1,American Herring Gull,Larus smithsonianus,L1069194,Philadelphia Naval Yard (restricted access),2026-06-23 06:27:00,1,39.8876082,-75.1659143
grbher3,Great Blue Heron,Ardea herodias,L1069194,Philadelphia Naval Yard (restricted access),2026-06-23 06:27:00,1,39.8876082,-75.1659143
coohaw,Cooper's Hawk,Astur cooperii,L1069194,Philadelphia Naval Yard (restricted access),2026-06-23 06:27:00,1,39.8876082,-75.1659143
norfli,Northern Flicker,Colaptes auratus,L1069194,Philadelphia Naval Yard (restricted access),2026-06-23 06:27:00,1,39.8876082,-75.1659143
eawvir1,Eastern Warbling Vireo,Vireo gilvus,L1069194,Philadelphia Naval Yard (restricted access),2026-06-23 06:27:00,1,39.8876082,-75.1659143
reevir1,Red-eyed Vireo,Vireo olivaceus,L1069194,Philadelphia Naval Yard (restricted access),2026-06-23 06:27:00,2,39.8876082,-75.1659143
blujay,Blue Jay,Cyanocitta cristata,L1069194,Philadelphia Naval Yard (restricted access),2026-06-23 06:27:00,1,39.8876082,-75.1659143
amecro,American Crow,Corvus brachyrhynchos,L1069194,Philadelphia Naval Yard (restricted access),2026-06-23 06:27:00,1,39.8876082,-75.1659143
banswa,Bank Swallow,Riparia riparia,L1069194,Philadelphia Naval Yard (restricted access),2026-06-23 06:27:00,1,39.8876082,-75.1659143
carwre,Carolina Wren,Thryothorus ludovicianus,L1069194,Philadelphia Naval Yard (restricted access),2026-06-23 06:27:00,1,39.8876082,-75.1659143
normoc,Northern Mockingbird,Mimus polyglottos,L1069194,Philadelphia Naval Yard (restricted access),2026-06-23 06:27:00,4,39.8876082,-75.1659143
cedwax,Cedar Waxwing,Bombycilla cedrorum,L1069194,Philadelphia Naval Yard (restricted access),2026-06-23 06:27:00,4,39.8876082,-75.1659143
chispa,Chipping Sparrow,Spizella passerina,L1069194,Philadelphia Naval Yard (restricted access),2026-06-23 06:27:00,1,39.8876082,-75.1659143
sonspa,Song Sparrow,Melospiza melodia,L1069194,Philadelphia Naval Yard (restricted access),2026-06-23 06:27:00,1,39.8876082,-75.1659143
balori,Baltimore Oriole,Icterus galbula,L1069194,Philadelphia Naval Yard (restricted access),2026-06-23 06:27:00,4,39.8876082,-75.1659143
bnhcow,Brown-headed Cowbird,Molothrus ater,L1069194,Philadelphia Naval Yard (restricted access),2026-06-23 06:27:00,2,39.8876082,-75.1659143
norcar,Northern Cardinal,Cardinalis cardinalis,L1069194,Philadelphia Naval Yard (restricted access),2026-06-23 06:27:00,2,39.8876082,-75.1659143
blugrb1,Blue Grosbeak,Passerina caerulea,L1069194,Philadelphia Naval Yard (restricted access),2026-06-23 06:27:00,1,39.8876082,-75.1659143
indbun,Indigo Bunting,Passerina cyanea,L1069194,Philadelphia Naval Yard (restricted access),2026-06-23 06:27:00,2,39.8876082,-75.1659143
treswa,Tree Swallow,Tachycineta bicolor,L1069194,Philadelphia Naval Yard (restricted access),2026-06-24 16:14:00,1,39.8876082,-75.1659143
mallar3,Mallard,Anas platyrhynchos,L1069194,Philadelphia Naval Yard (restricted access),2026-06-26 06:33:00,2,39.8876082,-75.1659143
rocpig,Rock Pigeon,Columba livia,L1069194,Philadelphia Naval Yard (restricted access),2026-06-26 06:33:00,3,39.8876082,-75.1659143
moudov,Mourning Dove,Zenaida macroura,L1069194,Philadelphia Naval Yard (restricted access),2026-06-26 06:33:00,2,39.8876082,-75.1659143
killde,Killdeer,Charadrius vociferus,L1069194,Philadelphia Naval Yard (restricted access),2026-06-26 06:33:00,1,39.8876082,-75.1659143
laugul,Laughing Gull,Leucophaeus atricilla,L1069194,Philadelphia Naval Yard (restricted access),2026-06-26 06:33:00,1,39.8876082,-75.1659143
ribgul,Ring-billed Gull,Larus delawarensis,L1069194,Philadelphia Naval Yard (restricted access),2026-06-26 06:33:00,5,39.8876082,-75.1659143
caster1,Caspian Tern,Hydroprogne caspia,L1069194,Philadelphia Naval Yard (restricted access),2026-06-26 06:33:00,4,39.8876082,-75.1659143
doccor,Double-crested Cormorant,Nannopterum auritum,L1069194,Philadelphia Naval Yard (restricted access),2026-06-26 06:33:00,4,39.8876082,-75.1659143
osprey,Osprey,Pandion haliaetus,L1069194,Philadelphia Naval Yard (restricted access),2026-06-26 06:33:00,5,39.8876082,-75.1659143
baleag,Bald Eagle,Haliaeetus leucocephalus,L1069194,Philadelphia Naval Yard (restricted access),2026-06-26 06:33:00,2,39.8876082,-75.1659143
amekes,American Kestrel,Falco sparverius,L1069194,Philadelphia Naval Yard (restricted access),2026-06-26 06:33:00,1,39.8876082,-75.1659143
eawpew,Eastern Wood-Pewee,Contopus virens,L1069194,Philadelphia Naval Yard (restricted access),2026-06-26 06:33:00,1,39.8876082,-75.1659143
easkin,Eastern Kingbird,Tyrannus tyrannus,L1069194,Philadelphia Naval Yard (restricted access),2026-06-26 06:33:00,4,39.8876082,-75.1659143
eawvir1,Eastern Warbling Vireo,Vireo gilvus,L1069194,Philadelphia Naval Yard (restricted access),2026-06-26 06:33:00,2,39.8876082,-75.1659143
reevir1,Red-eyed Vireo,Vireo olivaceus,L1069194,Philadelphia Naval Yard (restricted access),2026-06-26 06:33:00,1,39.8876082,-75.1659143
treswa,Tree Swallow,Tachycineta bicolor,L1069194,Philadelphia Naval Yard (restricted access),2026-06-26 06:33:00,3,39.8876082,-75.1659143
nrwswa,Northern Rough-winged Swallow,Stelgidopteryx serripennis,L1069194,Philadelphia Naval Yard (restricted access),2026-06-26 06:33:00,3,39.8876082,-75.1659143
barswa,Barn Swallow,Hirundo rustica,L1069194,Philadelphia Naval Yard (restricted access),2026-06-26 06:33:00,11,39.8876082,-75.1659143
carwre,Carolina Wren,Thryothorus ludovicianus,L1069194,Philadelphia Naval Yard (restricted access),2026-06-26 06:33:00,1,39.8876082,-75.1659143
eursta,European Starling,Sturnus vulgaris,L1069194,Philadelphia Naval Yard (restricted access),2026-06-26 06:33:00,16,39.8876082,-75.1659143
normoc,Northern Mockingbird,Mimus polyglottos,L1069194,Philadelphia Naval Yard (restricted access),2026-06-26 06:33:00,4,39.8876082,-75.1659143
amerob,American Robin,Turdus migratorius,L1069194,Philadelphia Naval Yard (restricted access),2026-06-26 06:33:00,3,39.8876082,-75.1659143
cedwax,Cedar Waxwing,Bombycilla cedrorum,L1069194,Philadelphia Naval Yard (restricted access),2026-06-26 06:33:00,2,39.8876082,-75.1659143
houspa,House Sparrow,Passer domesticus,L1069194,Philadelphia Naval Yard (restricted access),2026-06-26 06:33:00,6,39.8876082,-75.1659143
houfin,House Finch,Haemorhous mexicanus,L1069194,Philadelphia Naval Yard (restricted access),2026-06-26 06:33:00,1,39.8876082,-75.1659143
amegfi,American Goldfinch,Spinus tristis,L1069194,Philadelphia Naval Yard (restricted access),2026-06-26 06:33:00,1,39.8876082,-75.1659143
chispa,Chipping Sparrow,Spizella passerina,L1069194,Philadelphia Naval Yard (restricted access),2026-06-26 06:33:00,2,39.8876082,-75.1659143
orcori,Orchard Oriole,Icterus spurius,L1069194,Philadelphia Naval Yard (restricted access),2026-06-26 06:33:00,1,39.8876082,-75.1659143
balori,Baltimore Oriole,Icterus galbula,L1069194,Philadelphia Naval Yard (restricted access),2026-06-26 06:33:00,3,39.8876082,-75.1659143
rewbla,Red-winged Blackbird,Agelaius phoeniceus,L1069194,Philadelphia Naval Yard (restricted access),2026-06-26 06:33:00,1,39.8876082,-75.1659143
bnhcow,Brown-headed Cowbird,Molothrus ater,L1069194,Philadelphia Naval Yard (restricted access),2026-06-26 06:33:00,4,39.8876082,-75.1659143
norcar,Northern Cardinal,Cardinalis cardinalis,L1069194,Philadelphia Naval Yard (restricted access),2026-06-26 06:33:00,2,39.8876082,-75.1659143
indbun,Indigo Bunting,Passerina cyanea,L1069194,Philadelphia Naval Yard (restricted access),2026-06-26 06:33:00,1,39.8876082,-75.1659143
wooduc,Wood Duck,Aix sponsa,L1069194,Philadelphia Naval Yard (restricted access),2026-06-29 06:30:00,1,39.8876082,-75.1659143
mallar3,Mallard,Anas platyrhynchos,L1069194,Philadelphia Naval Yard (restricted access),2026-06-29 06:30:00,2,39.8876082,-75.1659143
moudov,Mourning Dove,Zenaida macroura,L1069194,Philadelphia Naval Yard (restricted access),2026-06-29 06:30:00,3,39.8876082,-75.1659143
laugul,Laughing Gull,Leucophaeus atricilla,L1069194,Philadelphia Naval Yard (restricted access),2026-06-29 06:30:00,12,39.8876082,-75.1659143
ribgul,Ring-billed Gull,Larus delawarensis,L1069194,Philadelphia Naval Yard (restricted access),2026-06-29 06:30:00,8,39.8876082,-75.1659143
comloo,Common Loon,Gavia immer,L1069194,Philadelphia Naval Yard (restricted access),2026-06-29 06:30:00,1,39.8876082,-75.1659143
doccor,Double-crested Cormorant,Nannopterum auritum,L1069194,Philadelphia Naval Yard (restricted access),2026-06-29 06:30:00,10,39.8876082,-75.1659143
osprey,Osprey,Pandion haliaetus,L1069194,Philadelphia Naval Yard (restricted access),2026-06-29 06:30:00,6,39.8876082,-75.1659143
baleag,Bald Eagle,Haliaeetus leucocephalus,L1069194,Philadelphia Naval Yard (restricted access),2026-06-29 06:30:00,1,39.8876082,-75.1659143
dowwoo,Downy Woodpecker,Dryobates pubescens,L1069194,Philadelphia Naval Yard (restricted access),2026-06-29 06:30:00,1,39.8876082,-75.1659143
haiwoo,Hairy Woodpecker,Leuconotopicus villosus,L1069194,Philadelphia Naval Yard (restricted access),2026-06-29 06:30:00,1,39.8876082,-75.1659143
norfli,Northern Flicker,Colaptes auratus,L1069194,Philadelphia Naval Yard (restricted access),2026-06-29 06:30:00,1,39.8876082,-75.1659143
eawpew,Eastern Wood-Pewee,Contopus virens,L1069194,Philadelphia Naval Yard (restricted access),2026-06-29 06:30:00,1,39.8876082,-75.1659143
easkin,Eastern Kingbird,Tyrannus tyrannus,L1069194,Philadelphia Naval Yard (restricted access),2026-06-29 06:30:00,4,39.8876082,-75.1659143
eawvir1,Eastern Warbling Vireo,Vireo gilvus,L1069194,Philadelphia Naval Yard (restricted access),2026-06-29 06:30:00,1,39.8876082,-75.1659143
reevir1,Red-eyed Vireo,Vireo olivaceus,L1069194,Philadelphia Naval Yard (restricted access),2026-06-29 06:30:00,1,39.8876082,-75.1659143
amecro,American Crow,Corvus brachyrhynchos,L1069194,Philadelphia Naval Yard (restricted access),2026-06-29 06:30:00,1,39.8876082,-75.1659143
fiscro,Fish Crow,Corvus ossifragus,L1069194,Philadelphia Naval Yard (restricted access),2026-06-29 06:30:00,2,39.8876082,-75.1659143
banswa,Bank Swallow,Riparia riparia,L1069194,Philadelphia Naval Yard (restricted access),2026-06-29 06:30:00,1,39.8876082,-75.1659143
treswa,Tree Swallow,Tachycineta bicolor,L1069194,Philadelphia Naval Yard (restricted access),2026-06-29 06:30:00,2,39.8876082,-75.1659143
nrwswa,Northern Rough-winged Swallow,Stelgidopteryx serripennis,L1069194,Philadelphia Naval Yard (restricted access),2026-06-29 06:30:00,5,39.8876082,-75.1659143
barswa,Barn Swallow,Hirundo rustica,L1069194,Philadelphia Naval Yard (restricted access),2026-06-29 06:30:00,8,39.8876082,-75.1659143
carwre,Carolina Wren,Thryothorus ludovicianus,L1069194,Philadelphia Naval Yard (restricted access),2026-06-29 06:30:00,2,39.8876082,-75.1659143
eursta,European Starling,Sturnus vulgaris,L1069194,Philadelphia Naval Yard (restricted access),2026-06-29 06:30:00,33,39.8876082,-75.1659143
grycat,Gray Catbird,Dumetella carolinensis,L1069194,Philadelphia Naval Yard (restricted access),2026-06-29 06:30:00,1,39.8876082,-75.1659143
normoc,Northern Mockingbird,Mimus polyglottos,L1069194,Philadelphia Naval Yard (restricted access),2026-06-29 06:30:00,4,39.8876082,-75.1659143
amerob,American Robin,Turdus migratorius,L1069194,Philadelphia Naval Yard (restricted access),2026-06-29 06:30:00,5,39.8876082,-75.1659143
cedwax,Cedar Waxwing,Bombycilla cedrorum,L1069194,Philadelphia Naval Yard (restricted access),2026-06-29 06:30:00,2,39.8876082,-75.1659143
houspa,House Sparrow,Passer domesticus,L1069194,Philadelphia Naval Yard (restricted access),2026-06-29 06:30:00,24,39.8876082,-75.1659143
houfin,House Finch,Haemorhous mexicanus,L1069194,Philadelphia Naval Yard (restricted access),2026-06-29 06:30:00,6,39.8876082,-75.1659143
amegfi,American Goldfinch,Spinus tristis,L1069194,Philadelphia Naval Yard (restricted access),2026-06-29 06:30:00,2,39.8876082,-75.1659143
chispa,Chipping Sparrow,Spizella passerina,L1069194,Philadelphia Naval Yard (restricted access),2026-06-29 06:30:00,1,39.8876082,-75.1659143
orcori,Orchard Oriole,Icterus spurius,L1069194,Philadelphia Naval Yard (restricted access),2026-06-29 06:30:00,2,39.8876082,-75.1659143
balori,Baltimore Oriole,Icterus galbula,L1069194,Philadelphia Naval Yard (restricted access),2026-06-29 06:30:00,1,39.8876082,-75.1659143
rewbla,Red-winged Blackbird,Agelaius phoeniceus,L1069194,Philadelphia Naval Yard (restricted access),2026-06-29 06:30:00,1,39.8876082,-75.1659143
bnhcow,Brown-headed Cowbird,Molothrus ater,L1069194,Philadelphia Naval Yard (restricted access),2026-06-29 06:30:00,2,39.8876082,-75.1659143
comgra,Common Grackle,Quiscalus quiscula,L1069194,Philadelphia Naval Yard (restricted access),2026-06-29 06:30:00,3,39.8876082,-75.1659143
norcar,Northern Cardinal,Cardinalis cardinalis,L1069194,Philadelphia Naval Yard (restricted access),2026-06-29 06:30:00,2,39.8876082,-75.1659143
blugrb1,Blue Grosbeak,Passerina caerulea,L1069194,Philadelphia Naval Yard (restricted access),2026-06-29 06:30:00,1,39.8876082,-75.1659143
indbun,Indigo Bunting,Passerina cyanea,L1069194,Philadelphia Naval Yard (restricted access),2026-06-29 06:30:00,1,39.8876082,-75.1659143
mallar3,Mallard,Anas platyrhynchos,L1069194,Philadelphia Naval Yard (restricted access),2026-06-30 06:29:00,3,39.8876082,-75.1659143
rocpig,Rock Pigeon,Columba livia,L1069194,Philadelphia Naval Yard (restricted access),2026-06-30 06:29:00,2,39.8876082,-75.1659143
moudov,Mourning Dove,Zenaida macroura,L1069194,Philadelphia Naval Yard (restricted access),2026-06-30 06:29:00,3,39.8876082,-75.1659143
laugul,Laughing Gull,Leucophaeus atricilla,L1069194,Philadelphia Naval Yard (restricted access),2026-06-30 06:29:00,1,39.8876082,-75.1659143
ribgul,Ring-billed Gull,Larus delawarensis,L1069194,Philadelphia Naval Yard (restricted access),2026-06-30 06:29:00,6,39.8876082,-75.1659143
doccor,Double-crested Cormorant,Nannopterum auritum,L1069194,Philadelphia Naval Yard (restricted access),2026-06-30 06:29:00,3,39.8876082,-75.1659143
grbher3,Great Blue Heron,Ardea herodias,L1069194,Philadelphia Naval Yard (restricted access),2026-06-30 06:29:00,1,39.8876082,-75.1659143
osprey,Osprey,Pandion haliaetus,L1069194,Philadelphia Naval Yard (restricted access),2026-06-30 06:29:00,6,39.8876082,-75.1659143
baleag,Bald Eagle,Haliaeetus leucocephalus,L1069194,Philadelphia Naval Yard (restricted access),2026-06-30 06:29:00,1,39.8876082,-75.1659143
dowwoo,Downy Woodpecker,Dryobates pubescens,L1069194,Philadelphia Naval Yard (restricted access),2026-06-30 06:29:00,1,39.8876082,-75.1659143
haiwoo,Hairy Woodpecker,Leuconotopicus villosus,L1069194,Philadelphia Naval Yard (restricted access),2026-06-30 06:29:00,1,39.8876082,-75.1659143
norfli,Northern Flicker,Colaptes auratus,L1069194,Philadelphia Naval Yard (restricted access),2026-06-30 06:29:00,1,39.8876082,-75.1659143
eawpew,Eastern Wood-Pewee,Contopus virens,L1069194,Philadelphia Naval Yard (restricted access),2026-06-30 06:29:00,1,39.8876082,-75.1659143
easkin,Eastern Kingbird,Tyrannus tyrannus,L1069194,Philadelphia Naval Yard (restricted access),2026-06-30 06:29:00,2,39.8876082,-75.1659143
eawvir1,Eastern Warbling Vireo,Vireo gilvus,L1069194,Philadelphia Naval Yard (restricted access),2026-06-30 06:29:00,1,39.8876082,-75.1659143
reevir1,Red-eyed Vireo,Vireo olivaceus,L1069194,Philadelphia Naval Yard (restricted access),2026-06-30 06:29:00,1,39.8876082,-75.1659143
blujay,Blue Jay,Cyanocitta cristata,L1069194,Philadelphia Naval Yard (restricted access),2026-06-30 06:29:00,1,39.8876082,-75.1659143
amecro,American Crow,Corvus brachyrhynchos,L1069194,Philadelphia Naval Yard (restricted access),2026-06-30 06:29:00,1,39.8876082,-75.1659143
fiscro,Fish Crow,Corvus ossifragus,L1069194,Philadelphia Naval Yard (restricted access),2026-06-30 06:29:00,1,39.8876082,-75.1659143
comrav,Common Raven,Corvus corax,L1069194,Philadelphia Naval Yard (restricted access),2026-06-30 06:29:00,2,39.8876082,-75.1659143
treswa,Tree Swallow,Tachycineta bicolor,L1069194,Philadelphia Naval Yard (restricted access),2026-06-30 06:29:00,1,39.8876082,-75.1659143
purmar,Purple Martin,Progne subis,L1069194,Philadelphia Naval Yard (restricted access),2026-06-30 06:29:00,1,39.8876082,-75.1659143
barswa,Barn Swallow,Hirundo rustica,L1069194,Philadelphia Naval Yard (restricted access),2026-06-30 06:29:00,3,39.8876082,-75.1659143
carwre,Carolina Wren,Thryothorus ludovicianus,L1069194,Philadelphia Naval Yard (restricted access),2026-06-30 06:29:00,1,39.8876082,-75.1659143
eursta,European Starling,Sturnus vulgaris,L1069194,Philadelphia Naval Yard (restricted access),2026-06-30 06:29:00,26,39.8876082,-75.1659143
normoc,Northern Mockingbird,Mimus polyglottos,L1069194,Philadelphia Naval Yard (restricted access),2026-06-30 06:29:00,3,39.8876082,-75.1659143
amerob,American Robin,Turdus migratorius,L1069194,Philadelphia Naval Yard (restricted access),2026-06-30 06:29:00,4,39.8876082,-75.1659143
cedwax,Cedar Waxwing,Bombycilla cedrorum,L1069194,Philadelphia Naval Yard (restricted access),2026-06-30 06:29:00,1,39.8876082,-75.1659143
houspa,House Sparrow,Passer domesticus,L1069194,Philadelphia Naval Yard (restricted access),2026-06-30 06:29:00,22,39.8876082,-75.1659143
houfin,House Finch,Haemorhous mexicanus,L1069194,Philadelphia Naval Yard (restricted access),2026-06-30 06:29:00,1,39.8876082,-75.1659143
amegfi,American Goldfinch,Spinus tristis,L1069194,Philadelphia Naval Yard (restricted access),2026-06-30 06:29:00,5,39.8876082,-75.1659143
chispa,Chipping Sparrow,Spizella passerina,L1069194,Philadelphia Naval Yard (restricted access),2026-06-30 06:29:00,2,39.8876082,-75.1659143
sonspa,Song Sparrow,Melospiza melodia,L1069194,Philadelphia Naval Yard (restricted access),2026-06-30 06:29:00,1,39.8876082,-75.1659143
orcori,Orchard Oriole,Icterus spurius,L1069194,Philadelphia Naval Yard (restricted access),2026-06-30 06:29:00,1,39.8876082,-75.1659143
balori,Baltimore Oriole,Icterus galbula,L1069194,Philadelphia Naval Yard (restricted access),2026-06-30 06:29:00,3,39.8876082,-75.1659143
bnhcow,Brown-headed Cowbird,Molothrus ater,L1069194,Philadelphia Naval Yard (restricted access),2026-06-30 06:29:00,1,39.8876082,-75.1659143
comgra,Common Grackle,Quiscalus quiscula,L1069194,Philadelphia Naval Yard (restricted access),2026-06-30 06:29:00,1,39.8876082,-75.1659143
norcar,Northern Cardinal,Cardinalis cardinalis,L1069194,Philadelphia Naval Yard (restricted access),2026-06-30 06:29:00,2,39.8876082,-75.1659143
indbun,Indigo Bunting,Passerina cyanea,L1069194,Philadelphia Naval Yard (restricted access),2026-06-30 06:29:00,1,39.8876082,-75.1659143
easowl1,Eastern Screech-Owl,Megascops asio,L1145863,Wissahickon Valley Park--Houston Meadow,2026-06-08 20:59:00,2,40.0694018,-75.228796
rocpig,Rock Pigeon,Columba livia,L1145863,Wissahickon Valley Park--Houston Meadow,2026-06-08 17:15:00,3,40.0694018,-75.228796
turvul,Turkey Vulture,Cathartes aura,L1145863,Wissahickon Valley Park--Houston Meadow,2026-06-08 17:15:00,3,40.0694018,-75.228796
rethaw,Red-tailed Hawk,Buteo jamaicensis,L1145863,Wissahickon Valley Park--Houston Meadow,2026-06-08 17:15:00,1,40.0694018,-75.228796
eawpew,Eastern Wood-Pewee,Contopus virens,L1145863,Wissahickon Valley Park--Houston Meadow,2026-06-08 17:15:00,1,40.0694018,-75.228796
eawvir1,Eastern Warbling Vireo,Vireo gilvus,L1145863,Wissahickon Valley Park--Houston Meadow,2026-06-08 17:15:00,3,40.0694018,-75.228796
amerob,American Robin,Turdus migratorius,L1145863,Wissahickon Valley Park--Houston Meadow,2026-06-08 17:15:00,9,40.0694018,-75.228796
houspa,House Sparrow,Passer domesticus,L1145863,Wissahickon Valley Park--Houston Meadow,2026-06-08 17:15:00,8,40.0694018,-75.228796
chispa,Chipping Sparrow,Spizella passerina,L1145863,Wissahickon Valley Park--Houston Meadow,2026-06-08 17:15:00,3,40.0694018,-75.228796
sonspa,Song Sparrow,Melospiza melodia,L1145863,Wissahickon Valley Park--Houston Meadow,2026-06-08 17:15:00,3,40.0694018,-75.228796
eastow,Eastern Towhee,Pipilo erythrophthalmus,L1145863,Wissahickon Valley Park--Houston Meadow,2026-06-08 17:15:00,1,40.0694018,-75.228796
bnhcow,Brown-headed Cowbird,Molothrus ater,L1145863,Wissahickon Valley Park--Houston Meadow,2026-06-08 17:15:00,3,40.0694018,-75.228796
yelwar1,Northern Yellow Warbler,Setophaga aestiva,L1145863,Wissahickon Valley Park--Houston Meadow,2026-06-08 17:15:00,2,40.0694018,-75.228796
pinwar,Pine Warbler,Setophaga pinus,L1145863,Wissahickon Valley Park--Houston Meadow,2026-06-08 17:15:00,1,40.0694018,-75.228796
whevir,White-eyed Vireo,Vireo griseus,L1145863,Wissahickon Valley Park--Houston Meadow,2026-06-08 07:12:00,1,40.0694018,-75.228796
norpar,Northern Parula,Setophaga americana,L1145863,Wissahickon Valley Park--Houston Meadow,2026-06-09 07:22:00,1,40.0694018,-75.228796
houwre,Northern House Wren,Troglodytes aedon,L1145863,Wissahickon Valley Park--Houston Meadow,2026-06-19 19:02:00,1,40.0694018,-75.228796
eastow,Eastern Towhee,Pipilo erythrophthalmus,L1145863,Wissahickon Valley Park--Houston Meadow,2026-06-19 19:02:00,1,40.0694018,-75.228796
orcori,Orchard Oriole,Icterus spurius,L1145863,Wissahickon Valley Park--Houston Meadow,2026-06-20 17:48:00,3,40.0694018,-75.228796
moudov,Mourning Dove,Zenaida macroura,L1145863,Wissahickon Valley Park--Houston Meadow,2026-06-21 10:18:00,1,40.0694018,-75.228796
turvul,Turkey Vulture,Cathartes aura,L1145863,Wissahickon Valley Park--Houston Meadow,2026-06-21 10:18:00,1,40.0694018,-75.228796
rebwoo,Red-bellied Woodpecker,Melanerpes carolinus,L1145863,Wissahickon Valley Park--Houston Meadow,2026-06-21 10:18:00,1,40.0694018,-75.228796
dowwoo,Downy Woodpecker,Dryobates pubescens,L1145863,Wissahickon Valley Park--Houston Meadow,2026-06-21 10:18:00,1,40.0694018,-75.228796
norfli,Northern Flicker,Colaptes auratus,L1145863,Wissahickon Valley Park--Houston Meadow,2026-06-21 10:18:00,1,40.0694018,-75.228796
eawpew,Eastern Wood-Pewee,Contopus virens,L1145863,Wissahickon Valley Park--Houston Meadow,2026-06-21 10:18:00,1,40.0694018,-75.228796
grcfly,Great Crested Flycatcher,Myiarchus crinitus,L1145863,Wissahickon Valley Park--Houston Meadow,2026-06-21 10:18:00,1,40.0694018,-75.228796
whevir,White-eyed Vireo,Vireo griseus,L1145863,Wissahickon Valley Park--Houston Meadow,2026-06-21 10:18:00,1,40.0694018,-75.228796
blujay,Blue Jay,Cyanocitta cristata,L1145863,Wissahickon Valley Park--Houston Meadow,2026-06-21 10:18:00,2,40.0694018,-75.228796
fiscro,Fish Crow,Corvus ossifragus,L1145863,Wissahickon Valley Park--Houston Meadow,2026-06-21 10:18:00,1,40.0694018,-75.228796
treswa,Tree Swallow,Tachycineta bicolor,L1145863,Wissahickon Valley Park--Houston Meadow,2026-06-21 10:18:00,5,40.0694018,-75.228796
whbnut,White-breasted Nuthatch,Sitta carolinensis,L1145863,Wissahickon Valley Park--Houston Meadow,2026-06-21 10:18:00,2,40.0694018,-75.228796
houwre,Northern House Wren,Troglodytes aedon,L1145863,Wissahickon Valley Park--Houston Meadow,2026-06-21 10:18:00,6,40.0694018,-75.228796
carwre,Carolina Wren,Thryothorus ludovicianus,L1145863,Wissahickon Valley Park--Houston Meadow,2026-06-21 10:18:00,1,40.0694018,-75.228796
eursta,European Starling,Sturnus vulgaris,L1145863,Wissahickon Valley Park--Houston Meadow,2026-06-21 10:18:00,1,40.0694018,-75.228796
grycat,Gray Catbird,Dumetella carolinensis,L1145863,Wissahickon Valley Park--Houston Meadow,2026-06-21 10:18:00,8,40.0694018,-75.228796
woothr,Wood Thrush,Hylocichla mustelina,L1145863,Wissahickon Valley Park--Houston Meadow,2026-06-21 10:18:00,2,40.0694018,-75.228796
amerob,American Robin,Turdus migratorius,L1145863,Wissahickon Valley Park--Houston Meadow,2026-06-21 10:18:00,4,40.0694018,-75.228796
houspa,House Sparrow,Passer domesticus,L1145863,Wissahickon Valley Park--Houston Meadow,2026-06-21 10:18:00,1,40.0694018,-75.228796
amegfi,American Goldfinch,Spinus tristis,L1145863,Wissahickon Valley Park--Houston Meadow,2026-06-21 10:18:00,2,40.0694018,-75.228796
fiespa,Field Sparrow,Spizella pusilla,L1145863,Wissahickon Valley Park--Houston Meadow,2026-06-21 10:18:00,1,40.0694018,-75.228796
sonspa,Song Sparrow,Melospiza melodia,L1145863,Wissahickon Valley Park--Houston Meadow,2026-06-21 10:18:00,1,40.0694018,-75.228796
eastow,Eastern Towhee,Pipilo erythrophthalmus,L1145863,Wissahickon Valley Park--Houston Meadow,2026-06-21 10:18:00,1,40.0694018,-75.228796
orcori,Orchard Oriole,Icterus spurius,L1145863,Wissahickon Valley Park--Houston Meadow,2026-06-21 10:18:00,1,40.0694018,-75.228796
comyel,Common Yellowthroat,Geothlypis trichas,L1145863,Wissahickon Valley Park--Houston Meadow,2026-06-21 10:18:00,7,40.0694018,-75.228796
norcar,Northern Cardinal,Cardinalis cardinalis,L1145863,Wissahickon Valley Park--Houston Meadow,2026-06-21 10:18:00,3,40.0694018,-75.228796
indbun,Indigo Bunting,Passerina cyanea,L1145863,Wissahickon Valley Park--Houston Meadow,2026-06-21 10:18:00,2,40.0694018,-75.228796
moudov,Mourning Dove,Zenaida macroura,L1145863,Wissahickon Valley Park--Houston Meadow,2026-06-23 11:59:00,1,40.0694018,-75.228796
norfli,Northern Flicker,Colaptes auratus,L1145863,Wissahickon Valley Park--Houston Meadow,2026-06-23 11:59:00,1,40.0694018,-75.228796
grycat,Gray Catbird,Dumetella carolinensis,L1145863,Wissahickon Valley Park--Houston Meadow,2026-06-23 11:59:00,3,40.0694018,-75.228796
veery,Veery,Catharus fuscescens,L1145863,Wissahickon Valley Park--Houston Meadow,2026-06-23 11:59:00,1,40.0694018,-75.228796
amerob,American Robin,Turdus migratorius,L1145863,Wissahickon Valley Park--Houston Meadow,2026-06-23 11:59:00,4,40.0694018,-75.228796
amegfi,American Goldfinch,Spinus tristis,L1145863,Wissahickon Valley Park--Houston Meadow,2026-06-23 11:59:00,3,40.0694018,-75.228796
fiespa,Field Sparrow,Spizella pusilla,L1145863,Wissahickon Valley Park--Houston Meadow,2026-06-23 11:59:00,1,40.0694018,-75.228796
yebcuc,Yellow-billed Cuckoo,Coccyzus americanus,L1145863,Wissahickon Valley Park--Houston Meadow,2026-06-24 07:14:00,1,40.0694018,-75.228796
whevir,White-eyed Vireo,Vireo griseus,L1145863,Wissahickon Valley Park--Houston Meadow,2026-06-24 07:14:00,1,40.0694018,-75.228796
turvul,Turkey Vulture,Cathartes aura,L1145863,Wissahickon Valley Park--Houston Meadow,2026-06-25 10:27:00,1,40.0694018,-75.228796
rebwoo,Red-bellied Woodpecker,Melanerpes carolinus,L1145863,Wissahickon Valley Park--Houston Meadow,2026-06-25 10:27:00,1,40.0694018,-75.228796
dowwoo,Downy Woodpecker,Dryobates pubescens,L1145863,Wissahickon Valley Park--Houston Meadow,2026-06-25 10:27:00,1,40.0694018,-75.228796
norfli,Northern Flicker,Colaptes auratus,L1145863,Wissahickon Valley Park--Houston Meadow,2026-06-25 10:27:00,1,40.0694018,-75.228796
eawpew,Eastern Wood-Pewee,Contopus virens,L1145863,Wissahickon Valley Park--Houston Meadow,2026-06-25 10:27:00,1,40.0694018,-75.228796
grcfly,Great Crested Flycatcher,Myiarchus crinitus,L1145863,Wissahickon Valley Park--Houston Meadow,2026-06-25 10:27:00,1,40.0694018,-75.228796
blujay,Blue Jay,Cyanocitta cristata,L1145863,Wissahickon Valley Park--Houston Meadow,2026-06-25 10:27:00,3,40.0694018,-75.228796
amecro,American Crow,Corvus brachyrhynchos,L1145863,Wissahickon Valley Park--Houston Meadow,2026-06-25 10:27:00,1,40.0694018,-75.228796
whbnut,White-breasted Nuthatch,Sitta carolinensis,L1145863,Wissahickon Valley Park--Houston Meadow,2026-06-25 10:27:00,1,40.0694018,-75.228796
houwre,Northern House Wren,Troglodytes aedon,L1145863,Wissahickon Valley Park--Houston Meadow,2026-06-25 10:27:00,2,40.0694018,-75.228796
carwre,Carolina Wren,Thryothorus ludovicianus,L1145863,Wissahickon Valley Park--Houston Meadow,2026-06-25 10:27:00,1,40.0694018,-75.228796
grycat,Gray Catbird,Dumetella carolinensis,L1145863,Wissahickon Valley Park--Houston Meadow,2026-06-25 10:27:00,3,40.0694018,-75.228796
woothr,Wood Thrush,Hylocichla mustelina,L1145863,Wissahickon Valley Park--Houston Meadow,2026-06-25 10:27:00,3,40.0694018,-75.228796
amerob,American Robin,Turdus migratorius,L1145863,Wissahickon Valley Park--Houston Meadow,2026-06-25 10:27:00,2,40.0694018,-75.228796
cedwax,Cedar Waxwing,Bombycilla cedrorum,L1145863,Wissahickon Valley Park--Houston Meadow,2026-06-25 10:27:00,5,40.0694018,-75.228796
amegfi,American Goldfinch,Spinus tristis,L1145863,Wissahickon Valley Park--Houston Meadow,2026-06-25 10:27:00,4,40.0694018,-75.228796
fiespa,Field Sparrow,Spizella pusilla,L1145863,Wissahickon Valley Park--Houston Meadow,2026-06-25 10:27:00,1,40.0694018,-75.228796
sonspa,Song Sparrow,Melospiza melodia,L1145863,Wissahickon Valley Park--Houston Meadow,2026-06-25 10:27:00,1,40.0694018,-75.228796
balori,Baltimore Oriole,Icterus galbula,L1145863,Wissahickon Valley Park--Houston Meadow,2026-06-25 10:27:00,2,40.0694018,-75.228796
rewbla,Red-winged Blackbird,Agelaius phoeniceus,L1145863,Wissahickon Valley Park--Houston Meadow,2026-06-25 10:27:00,1,40.0694018,-75.228796
comyel,Common Yellowthroat,Geothlypis trichas,L1145863,Wissahickon Valley Park--Houston Meadow,2026-06-25 10:27:00,4,40.0694018,-75.228796
yelwar1,Northern Yellow Warbler,Setophaga aestiva,L1145863,Wissahickon Valley Park--Houston Meadow,2026-06-25 10:27:00,1,40.0694018,-75.228796
norcar,Northern Cardinal,Cardinalis cardinalis,L1145863,Wissahickon Valley Park--Houston Meadow,2026-06-25 10:27:00,2,40.0694018,-75.228796
moudov,Mourning Dove,Zenaida macroura,L1145863,Wissahickon Valley Park--Houston Meadow,2026-06-26 14:45:00,2,40.0694018,-75.228796
chiswi,Chimney Swift,Chaetura pelagica,L1145863,Wissahickon Valley Park--Houston Meadow,2026-06-26 14:45:00,1,40.0694018,-75.228796
rebwoo,Red-bellied Woodpecker,Melanerpes carolinus,L1145863,Wissahickon Valley Park--Houston Meadow,2026-06-26 14:45:00,2,40.0694018,-75.228796
dowwoo,Downy Woodpecker,Dryobates pubescens,L1145863,Wissahickon Valley Park--Houston Meadow,2026-06-26 14:45:00,4,40.0694018,-75.228796
haiwoo,Hairy Woodpecker,Leuconotopicus villosus,L1145863,Wissahickon Valley Park--Houston Meadow,2026-06-26 14:45:00,3,40.0694018,-75.228796
norfli,Northern Flicker,Colaptes auratus,L1145863,Wissahickon Valley Park--Houston Meadow,2026-06-26 14:45:00,1,40.0694018,-75.228796
acafly,Acadian Flycatcher,Empidonax virescens,L1145863,Wissahickon Valley Park--Houston Meadow,2026-06-26 14:45:00,2,40.0694018,-75.228796
grcfly,Great Crested Flycatcher,Myiarchus crinitus,L1145863,Wissahickon Valley Park--Houston Meadow,2026-06-26 14:45:00,1,40.0694018,-75.228796
reevir1,Red-eyed Vireo,Vireo olivaceus,L1145863,Wissahickon Valley Park--Houston Meadow,2026-06-26 14:45:00,1,40.0694018,-75.228796
blujay,Blue Jay,Cyanocitta cristata,L1145863,Wissahickon Valley Park--Houston Meadow,2026-06-26 14:45:00,2,40.0694018,-75.228796
carchi,Carolina Chickadee,Poecile carolinensis,L1145863,Wissahickon Valley Park--Houston Meadow,2026-06-26 14:45:00,5,40.0694018,-75.228796
tuftit,Tufted Titmouse,Baeolophus bicolor,L1145863,Wissahickon Valley Park--Houston Meadow,2026-06-26 14:45:00,4,40.0694018,-75.228796
treswa,Tree Swallow,Tachycineta bicolor,L1145863,Wissahickon Valley Park--Houston Meadow,2026-06-26 14:45:00,4,40.0694018,-75.228796
whbnut,White-breasted Nuthatch,Sitta carolinensis,L1145863,Wissahickon Valley Park--Houston Meadow,2026-06-26 14:45:00,3,40.0694018,-75.228796
houwre,Northern House Wren,Troglodytes aedon,L1145863,Wissahickon Valley Park--Houston Meadow,2026-06-26 14:45:00,4,40.0694018,-75.228796
carwre,Carolina Wren,Thryothorus ludovicianus,L1145863,Wissahickon Valley Park--Houston Meadow,2026-06-26 14:45:00,1,40.0694018,-75.228796
grycat,Gray Catbird,Dumetella carolinensis,L1145863,Wissahickon Valley Park--Houston Meadow,2026-06-26 14:45:00,8,40.0694018,-75.228796
veery,Veery,Catharus fuscescens,L1145863,Wissahickon Valley Park--Houston Meadow,2026-06-26 14:45:00,6,40.0694018,-75.228796
woothr,Wood Thrush,Hylocichla mustelina,L1145863,Wissahickon Valley Park--Houston Meadow,2026-06-26 14:45:00,5,40.0694018,-75.228796
amerob,American Robin,Turdus migratorius,L1145863,Wissahickon Valley Park--Houston Meadow,2026-06-26 14:45:00,11,40.0694018,-75.228796
cedwax,Cedar Waxwing,Bombycilla cedrorum,L1145863,Wissahickon Valley Park--Houston Meadow,2026-06-26 14:45:00,2,40.0694018,-75.228796
amegfi,American Goldfinch,Spinus tristis,L1145863,Wissahickon Valley Park--Houston Meadow,2026-06-26 14:45:00,6,40.0694018,-75.228796
fiespa,Field Sparrow,Spizella pusilla,L1145863,Wissahickon Valley Park--Houston Meadow,2026-06-26 14:45:00,1,40.0694018,-75.228796
eastow,Eastern Towhee,Pipilo erythrophthalmus,L1145863,Wissahickon Valley Park--Houston Meadow,2026-06-26 14:45:00,2,40.0694018,-75.228796
comyel,Common Yellowthroat,Geothlypis trichas,L1145863,Wissahickon Valley Park--Houston Meadow,2026-06-26 14:45:00,4,40.0694018,-75.228796
norcar,Northern Cardinal,Cardinalis cardinalis,L1145863,Wissahickon Valley Park--Houston Meadow,2026-06-26 14:45:00,3,40.0694018,-75.228796
moudov,Mourning Dove,Zenaida macroura,L3041917,Dixon Meadow Preserve,2026-06-01 17:14:00,2,40.1003152,-75.2402115
norfli,Northern Flicker,Colaptes auratus,L3041917,Dixon Meadow Preserve,2026-06-01 17:14:00,1,40.1003152,-75.2402115
eawpew,Eastern Wood-Pewee,Contopus virens,L3041917,Dixon Meadow Preserve,2026-06-01 17:14:00,1,40.1003152,-75.2402115
wilfly,Willow Flycatcher,Empidonax traillii,L3041917,Dixon Meadow Preserve,2026-06-01 17:14:00,6,40.1003152,-75.2402115
treswa,Tree Swallow,Tachycineta bicolor,L3041917,Dixon Meadow Preserve,2026-06-01 17:14:00,5,40.1003152,-75.2402115
barswa,Barn Swallow,Hirundo rustica,L3041917,Dixon Meadow Preserve,2026-06-01 17:14:00,3,40.1003152,-75.2402115
normoc,Northern Mockingbird,Mimus polyglottos,L3041917,Dixon Meadow Preserve,2026-06-01 17:14:00,4,40.1003152,-75.2402115
easblu,Eastern Bluebird,Sialia sialis,L3041917,Dixon Meadow Preserve,2026-06-01 17:14:00,1,40.1003152,-75.2402115
amerob,American Robin,Turdus migratorius,L3041917,Dixon Meadow Preserve,2026-06-01 17:14:00,2,40.1003152,-75.2402115
cedwax,Cedar Waxwing,Bombycilla cedrorum,L3041917,Dixon Meadow Preserve,2026-06-01 17:14:00,2,40.1003152,-75.2402115
houspa,House Sparrow,Passer domesticus,L3041917,Dixon Meadow Preserve,2026-06-01 17:14:00,2,40.1003152,-75.2402115
houfin,House Finch,Haemorhous mexicanus,L3041917,Dixon Meadow Preserve,2026-06-01 17:14:00,3,40.1003152,-75.2402115
amegfi,American Goldfinch,Spinus tristis,L3041917,Dixon Meadow Preserve,2026-06-01 17:14:00,1,40.1003152,-75.2402115
chispa,Chipping Sparrow,Spizella passerina,L3041917,Dixon Meadow Preserve,2026-06-01 17:14:00,2,40.1003152,-75.2402115
sonspa,Song Sparrow,Melospiza melodia,L3041917,Dixon Meadow Preserve,2026-06-01 17:14:00,1,40.1003152,-75.2402115
rewbla,Red-winged Blackbird,Agelaius phoeniceus,L3041917,Dixon Meadow Preserve,2026-06-01 17:14:00,30,40.1003152,-75.2402115
killde,Killdeer,Charadrius vociferus,L3041917,Dixon Meadow Preserve,2026-06-01 14:17:00,1,40.1003152,-75.2402115
easkin,Eastern Kingbird,Tyrannus tyrannus,L3041917,Dixon Meadow Preserve,2026-06-01 14:17:00,1,40.1003152,-75.2402115
eawvir1,Eastern Warbling Vireo,Vireo gilvus,L3041917,Dixon Meadow Preserve,2026-06-01 14:17:00,5,40.1003152,-75.2402115
tuftit,Tufted Titmouse,Baeolophus bicolor,L3041917,Dixon Meadow Preserve,2026-06-01 14:17:00,1,40.1003152,-75.2402115
nrwswa,Northern Rough-winged Swallow,Stelgidopteryx serripennis,L3041917,Dixon Meadow Preserve,2026-06-01 14:17:00,1,40.1003152,-75.2402115
carwre,Carolina Wren,Thryothorus ludovicianus,L3041917,Dixon Meadow Preserve,2026-06-01 14:17:00,1,40.1003152,-75.2402115
cangoo,Canada Goose,Branta canadensis,L3041917,Dixon Meadow Preserve,2026-06-01 08:47:00,1,40.1003152,-75.2402115
baleag,Bald Eagle,Haliaeetus leucocephalus,L3041917,Dixon Meadow Preserve,2026-06-01 08:47:00,1,40.1003152,-75.2402115
rethaw,Red-tailed Hawk,Buteo jamaicensis,L3041917,Dixon Meadow Preserve,2026-06-01 08:47:00,1,40.1003152,-75.2402115
rebwoo,Red-bellied Woodpecker,Melanerpes carolinus,L3041917,Dixon Meadow Preserve,2026-06-01 08:47:00,1,40.1003152,-75.2402115
eursta,European Starling,Sturnus vulgaris,L3041917,Dixon Meadow Preserve,2026-06-01 08:47:00,40,40.1003152,-75.2402115
cangoo,Canada Goose,Branta canadensis,L3041917,Dixon Meadow Preserve,2026-06-02 08:17:00,3,40.1003152,-75.2402115
moudov,Mourning Dove,Zenaida macroura,L3041917,Dixon Meadow Preserve,2026-06-02 08:17:00,5,40.1003152,-75.2402115
chiswi,Chimney Swift,Chaetura pelagica,L3041917,Dixon Meadow Preserve,2026-06-02 08:17:00,5,40.1003152,-75.2402115
turvul,Turkey Vulture,Cathartes aura,L3041917,Dixon Meadow Preserve,2026-06-02 08:17:00,2,40.1003152,-75.2402115
rethaw,Red-tailed Hawk,Buteo jamaicensis,L3041917,Dixon Meadow Preserve,2026-06-02 08:17:00,1,40.1003152,-75.2402115
rebwoo,Red-bellied Woodpecker,Melanerpes carolinus,L3041917,Dixon Meadow Preserve,2026-06-02 08:17:00,1,40.1003152,-75.2402115
amekes,American Kestrel,Falco sparverius,L3041917,Dixon Meadow Preserve,2026-06-02 08:17:00,1,40.1003152,-75.2402115
wilfly,Willow Flycatcher,Empidonax traillii,L3041917,Dixon Meadow Preserve,2026-06-02 08:17:00,2,40.1003152,-75.2402115
easkin,Eastern Kingbird,Tyrannus tyrannus,L3041917,Dixon Meadow Preserve,2026-06-02 08:17:00,2,40.1003152,-75.2402115
amecro,American Crow,Corvus brachyrhynchos,L3041917,Dixon Meadow Preserve,2026-06-02 08:17:00,5,40.1003152,-75.2402115
treswa,Tree Swallow,Tachycineta bicolor,L3041917,Dixon Meadow Preserve,2026-06-02 08:17:00,25,40.1003152,-75.2402115
nrwswa,Northern Rough-winged Swallow,Stelgidopteryx serripennis,L3041917,Dixon Meadow Preserve,2026-06-02 08:17:00,2,40.1003152,-75.2402115
eursta,European Starling,Sturnus vulgaris,L3041917,Dixon Meadow Preserve,2026-06-02 08:17:00,30,40.1003152,-75.2402115
grycat,Gray Catbird,Dumetella carolinensis,L3041917,Dixon Meadow Preserve,2026-06-02 08:17:00,1,40.1003152,-75.2402115
normoc,Northern Mockingbird,Mimus polyglottos,L3041917,Dixon Meadow Preserve,2026-06-02 08:17:00,2,40.1003152,-75.2402115
easblu,Eastern Bluebird,Sialia sialis,L3041917,Dixon Meadow Preserve,2026-06-02 08:17:00,1,40.1003152,-75.2402115
amerob,American Robin,Turdus migratorius,L3041917,Dixon Meadow Preserve,2026-06-02 08:17:00,10,40.1003152,-75.2402115
houfin,House Finch,Haemorhous mexicanus,L3041917,Dixon Meadow Preserve,2026-06-02 08:17:00,5,40.1003152,-75.2402115
amegfi,American Goldfinch,Spinus tristis,L3041917,Dixon Meadow Preserve,2026-06-02 08:17:00,10,40.1003152,-75.2402115
sonspa,Song Sparrow,Melospiza melodia,L3041917,Dixon Meadow Preserve,2026-06-02 08:17:00,15,40.1003152,-75.2402115
orcori,Orchard Oriole,Icterus spurius,L3041917,Dixon Meadow Preserve,2026-06-02 08:17:00,1,40.1003152,-75.2402115
balori,Baltimore Oriole,Icterus galbula,L3041917,Dixon Meadow Preserve,2026-06-02 08:17:00,4,40.1003152,-75.2402115
rewbla,Red-winged Blackbird,Agelaius phoeniceus,L3041917,Dixon Meadow Preserve,2026-06-02 08:17:00,40,40.1003152,-75.2402115
wilfly,Willow Flycatcher,Empidonax traillii,L3041917,Dixon Meadow Preserve,2026-06-03 05:03:00,1,40.1003152,-75.2402115
chispa,Chipping Sparrow,Spizella passerina,L3041917,Dixon Meadow Preserve,2026-06-03 05:03:00,1,40.1003152,-75.2402115
sonspa,Song Sparrow,Melospiza melodia,L3041917,Dixon Meadow Preserve,2026-06-03 05:03:00,2,40.1003152,-75.2402115
rewbla,Red-winged Blackbird,Agelaius phoeniceus,L3041917,Dixon Meadow Preserve,2026-06-03 05:03:00,6,40.1003152,-75.2402115
moudov,Mourning Dove,Zenaida macroura,L3041917,Dixon Meadow Preserve,2026-06-04 09:20:00,5,40.1003152,-75.2402115
baleag,Bald Eagle,Haliaeetus leucocephalus,L3041917,Dixon Meadow Preserve,2026-06-04 09:20:00,1,40.1003152,-75.2402115
rethaw,Red-tailed Hawk,Buteo jamaicensis,L3041917,Dixon Meadow Preserve,2026-06-04 09:20:00,1,40.1003152,-75.2402115
amekes,American Kestrel,Falco sparverius,L3041917,Dixon Meadow Preserve,2026-06-04 09:20:00,1,40.1003152,-75.2402115
wilfly,Willow Flycatcher,Empidonax traillii,L3041917,Dixon Meadow Preserve,2026-06-04 09:20:00,2,40.1003152,-75.2402115
easkin,Eastern Kingbird,Tyrannus tyrannus,L3041917,Dixon Meadow Preserve,2026-06-04 09:20:00,1,40.1003152,-75.2402115
barswa,Barn Swallow,Hirundo rustica,L3041917,Dixon Meadow Preserve,2026-06-04 09:20:00,3,40.1003152,-75.2402115
eursta,European Starling,Sturnus vulgaris,L3041917,Dixon Meadow Preserve,2026-06-04 09:20:00,10,40.1003152,-75.2402115
normoc,Northern Mockingbird,Mimus polyglottos,L3041917,Dixon Meadow Preserve,2026-06-04 09:20:00,4,40.1003152,-75.2402115
easblu,Eastern Bluebird,Sialia sialis,L3041917,Dixon Meadow Preserve,2026-06-04 09:20:00,1,40.1003152,-75.2402115
amerob,American Robin,Turdus migratorius,L3041917,Dixon Meadow Preserve,2026-06-04 09:20:00,10,40.1003152,-75.2402115
houspa,House Sparrow,Passer domesticus,L3041917,Dixon Meadow Preserve,2026-06-04 09:20:00,1,40.1003152,-75.2402115
houfin,House Finch,Haemorhous mexicanus,L3041917,Dixon Meadow Preserve,2026-06-04 09:20:00,5,40.1003152,-75.2402115
amegfi,American Goldfinch,Spinus tristis,L3041917,Dixon Meadow Preserve,2026-06-04 09:20:00,3,40.1003152,-75.2402115
sonspa,Song Sparrow,Melospiza melodia,L3041917,Dixon Meadow Preserve,2026-06-04 09:20:00,6,40.1003152,-75.2402115
rewbla,Red-winged Blackbird,Agelaius phoeniceus,L3041917,Dixon Meadow Preserve,2026-06-04 09:20:00,30,40.1003152,-75.2402115
coohaw,Cooper's Hawk,Astur cooperii,L3041917,Dixon Meadow Preserve,2026-06-04 06:00:00,1,40.1003152,-75.2402115
amecro,American Crow,Corvus brachyrhynchos,L3041917,Dixon Meadow Preserve,2026-06-04 06:00:00,3,40.1003152,-75.2402115
treswa,Tree Swallow,Tachycineta bicolor,L3041917,Dixon Meadow Preserve,2026-06-04 06:00:00,11,40.1003152,-75.2402115
cedwax,Cedar Waxwing,Bombycilla cedrorum,L3041917,Dixon Meadow Preserve,2026-06-04 06:00:00,2,40.1003152,-75.2402115
moudov,Mourning Dove,Zenaida macroura,L3041917,Dixon Meadow Preserve,2026-06-05 19:41:00,2,40.1003152,-75.2402115
amekes,American Kestrel,Falco sparverius,L3041917,Dixon Meadow Preserve,2026-06-05 19:41:00,2,40.1003152,-75.2402115
wilfly,Willow Flycatcher,Empidonax traillii,L3041917,Dixon Meadow Preserve,2026-06-05 19:41:00,1,40.1003152,-75.2402115
treswa,Tree Swallow,Tachycineta bicolor,L3041917,Dixon Meadow Preserve,2026-06-05 19:41:00,10,40.1003152,-75.2402115
barswa,Barn Swallow,Hirundo rustica,L3041917,Dixon Meadow Preserve,2026-06-05 19:41:00,1,40.1003152,-75.2402115
eursta,European Starling,Sturnus vulgaris,L3041917,Dixon Meadow Preserve,2026-06-05 19:41:00,6,40.1003152,-75.2402115
normoc,Northern Mockingbird,Mimus polyglottos,L3041917,Dixon Meadow Preserve,2026-06-05 19:41:00,1,40.1003152,-75.2402115
easblu,Eastern Bluebird,Sialia sialis,L3041917,Dixon Meadow Preserve,2026-06-05 19:41:00,2,40.1003152,-75.2402115
amerob,American Robin,Turdus migratorius,L3041917,Dixon Meadow Preserve,2026-06-05 19:41:00,4,40.1003152,-75.2402115
sonspa,Song Sparrow,Melospiza melodia,L3041917,Dixon Meadow Preserve,2026-06-05 19:41:00,3,40.1003152,-75.2402115
rewbla,Red-winged Blackbird,Agelaius phoeniceus,L3041917,Dixon Meadow Preserve,2026-06-05 19:41:00,18,40.1003152,-75.2402115
comyel,Common Yellowthroat,Geothlypis trichas,L3041917,Dixon Meadow Preserve,2026-06-05 19:41:00,2,40.1003152,-75.2402115
rocpig,Rock Pigeon,Columba livia,L3041917,Dixon Meadow Preserve,2026-06-05 17:22:00,4,40.1003152,-75.2402115
turvul,Turkey Vulture,Cathartes aura,L3041917,Dixon Meadow Preserve,2026-06-05 17:22:00,1,40.1003152,-75.2402115
grycat,Gray Catbird,Dumetella carolinensis,L3041917,Dixon Meadow Preserve,2026-06-05 17:22:00,1,40.1003152,-75.2402115
houspa,House Sparrow,Passer domesticus,L3041917,Dixon Meadow Preserve,2026-06-05 17:22:00,1,40.1003152,-75.2402115
houfin,House Finch,Haemorhous mexicanus,L3041917,Dixon Meadow Preserve,2026-06-05 17:22:00,3,40.1003152,-75.2402115
amegfi,American Goldfinch,Spinus tristis,L3041917,Dixon Meadow Preserve,2026-06-05 17:22:00,3,40.1003152,-75.2402115
rethaw,Red-tailed Hawk,Buteo jamaicensis,L3041917,Dixon Meadow Preserve,2026-06-05 16:37:00,1,40.1003152,-75.2402115
norfli,Northern Flicker,Colaptes auratus,L3041917,Dixon Meadow Preserve,2026-06-05 16:37:00,1,40.1003152,-75.2402115
easkin,Eastern Kingbird,Tyrannus tyrannus,L3041917,Dixon Meadow Preserve,2026-06-05 16:37:00,1,40.1003152,-75.2402115
amecro,American Crow,Corvus brachyrhynchos,L3041917,Dixon Meadow Preserve,2026-06-05 16:37:00,3,40.1003152,-75.2402115
cangoo,Canada Goose,Branta canadensis,L3041917,Dixon Meadow Preserve,2026-06-06 07:21:00,1,40.1003152,-75.2402115
moudov,Mourning Dove,Zenaida macroura,L3041917,Dixon Meadow Preserve,2026-06-06 07:21:00,2,40.1003152,-75.2402115
grbher3,Great Blue Heron,Ardea herodias,L3041917,Dixon Meadow Preserve,2026-06-06 07:21:00,1,40.1003152,-75.2402115
norfli,Northern Flicker,Colaptes auratus,L3041917,Dixon Meadow Preserve,2026-06-06 07:21:00,1,40.1003152,-75.2402115
amekes,American Kestrel,Falco sparverius,L3041917,Dixon Meadow Preserve,2026-06-06 07:21:00,1,40.1003152,-75.2402115
wilfly,Willow Flycatcher,Empidonax traillii,L3041917,Dixon Meadow Preserve,2026-06-06 07:21:00,3,40.1003152,-75.2402115
treswa,Tree Swallow,Tachycineta bicolor,L3041917,Dixon Meadow Preserve,2026-06-06 07:21:00,5,40.1003152,-75.2402115
barswa,Barn Swallow,Hirundo rustica,L3041917,Dixon Meadow Preserve,2026-06-06 07:21:00,2,40.1003152,-75.2402115
normoc,Northern Mockingbird,Mimus polyglottos,L3041917,Dixon Meadow Preserve,2026-06-06 07:21:00,4,40.1003152,-75.2402115
easblu,Eastern Bluebird,Sialia sialis,L3041917,Dixon Meadow Preserve,2026-06-06 07:21:00,2,40.1003152,-75.2402115
amerob,American Robin,Turdus migratorius,L3041917,Dixon Meadow Preserve,2026-06-06 07:21:00,4,40.1003152,-75.2402115
houspa,House Sparrow,Passer domesticus,L3041917,Dixon Meadow Preserve,2026-06-06 07:21:00,1,40.1003152,-75.2402115
houfin,House Finch,Haemorhous mexicanus,L3041917,Dixon Meadow Preserve,2026-06-06 07:21:00,3,40.1003152,-75.2402115
amegfi,American Goldfinch,Spinus tristis,L3041917,Dixon Meadow Preserve,2026-06-06 07:21:00,8,40.1003152,-75.2402115
sonspa,Song Sparrow,Melospiza melodia,L3041917,Dixon Meadow Preserve,2026-06-06 07:21:00,3,40.1003152,-75.2402115
orcori,Orchard Oriole,Icterus spurius,L3041917,Dixon Meadow Preserve,2026-06-06 07:21:00,1,40.1003152,-75.2402115
rewbla,Red-winged Blackbird,Agelaius phoeniceus,L3041917,Dixon Meadow Preserve,2026-06-06 07:21:00,12,40.1003152,-75.2402115
moudov,Mourning Dove,Zenaida macroura,L3041917,Dixon Meadow Preserve,2026-06-07 09:24:00,2,40.1003152,-75.2402115
killde,Killdeer,Charadrius vociferus,L3041917,Dixon Meadow Preserve,2026-06-07 09:24:00,1,40.1003152,-75.2402115
rebwoo,Red-bellied Woodpecker,Melanerpes carolinus,L3041917,Dixon Meadow Preserve,2026-06-07 09:24:00,1,40.1003152,-75.2402115
norfli,Northern Flicker,Colaptes auratus,L3041917,Dixon Meadow Preserve,2026-06-07 09:24:00,3,40.1003152,-75.2402115
amekes,American Kestrel,Falco sparverius,L3041917,Dixon Meadow Preserve,2026-06-07 09:24:00,1,40.1003152,-75.2402115
wilfly,Willow Flycatcher,Empidonax traillii,L3041917,Dixon Meadow Preserve,2026-06-07 09:24:00,2,40.1003152,-75.2402115
grcfly,Great Crested Flycatcher,Myiarchus crinitus,L3041917,Dixon Meadow Preserve,2026-06-07 09:24:00,1,40.1003152,-75.2402115
eawvir1,Eastern Warbling Vireo,Vireo gilvus,L3041917,Dixon Meadow Preserve,2026-06-07 09:24:00,1,40.1003152,-75.2402115
reevir1,Red-eyed Vireo,Vireo olivaceus,L3041917,Dixon Meadow Preserve,2026-06-07 09:24:00,1,40.1003152,-75.2402115
treswa,Tree Swallow,Tachycineta bicolor,L3041917,Dixon Meadow Preserve,2026-06-07 09:24:00,6,40.1003152,-75.2402115
buggna,Blue-gray Gnatcatcher,Polioptila caerulea,L3041917,Dixon Meadow Preserve,2026-06-07 09:24:00,1,40.1003152,-75.2402115
carwre,Carolina Wren,Thryothorus ludovicianus,L3041917,Dixon Meadow Preserve,2026-06-07 09:24:00,2,40.1003152,-75.2402115
eursta,European Starling,Sturnus vulgaris,L3041917,Dixon Meadow Preserve,2026-06-07 09:24:00,3,40.1003152,-75.2402115
brnthr,Brown Thrasher,Toxostoma rufum,L3041917,Dixon Meadow Preserve,2026-06-07 09:24:00,1,40.1003152,-75.2402115
normoc,Northern Mockingbird,Mimus polyglottos,L3041917,Dixon Meadow Preserve,2026-06-07 09:24:00,5,40.1003152,-75.2402115
easblu,Eastern Bluebird,Sialia sialis,L3041917,Dixon Meadow Preserve,2026-06-07 09:24:00,1,40.1003152,-75.2402115
amerob,American Robin,Turdus migratorius,L3041917,Dixon Meadow Preserve,2026-06-07 09:24:00,4,40.1003152,-75.2402115
houspa,House Sparrow,Passer domesticus,L3041917,Dixon Meadow Preserve,2026-06-07 09:24:00,4,40.1003152,-75.2402115
houfin,House Finch,Haemorhous mexicanus,L3041917,Dixon Meadow Preserve,2026-06-07 09:24:00,2,40.1003152,-75.2402115
amegfi,American Goldfinch,Spinus tristis,L3041917,Dixon Meadow Preserve,2026-06-07 09:24:00,3,40.1003152,-75.2402115
fiespa,Field Sparrow,Spizella pusilla,L3041917,Dixon Meadow Preserve,2026-06-07 09:24:00,1,40.1003152,-75.2402115
sonspa,Song Sparrow,Melospiza melodia,L3041917,Dixon Meadow Preserve,2026-06-07 09:24:00,6,40.1003152,-75.2402115
rewbla,Red-winged Blackbird,Agelaius phoeniceus,L3041917,Dixon Meadow Preserve,2026-06-07 09:24:00,7,40.1003152,-75.2402115
comyel,Common Yellowthroat,Geothlypis trichas,L3041917,Dixon Meadow Preserve,2026-06-07 09:24:00,1,40.1003152,-75.2402115
norcar,Northern Cardinal,Cardinalis cardinalis,L3041917,Dixon Meadow Preserve,2026-06-07 09:24:00,2,40.1003152,-75.2402115
chiswi,Chimney Swift,Chaetura pelagica,L3041917,Dixon Meadow Preserve,2026-06-07 08:36:00,3,40.1003152,-75.2402115
grbher3,Great Blue Heron,Ardea herodias,L3041917,Dixon Meadow Preserve,2026-06-07 08:36:00,1,40.1003152,-75.2402115
turvul,Turkey Vulture,Cathartes aura,L3041917,Dixon Meadow Preserve,2026-06-07 08:36:00,3,40.1003152,-75.2402115
osprey,Osprey,Pandion haliaetus,L3041917,Dixon Meadow Preserve,2026-06-07 08:36:00,1,40.1003152,-75.2402115
rethaw,Red-tailed Hawk,Buteo jamaicensis,L3041917,Dixon Meadow Preserve,2026-06-07 08:36:00,1,40.1003152,-75.2402115
acafly,Acadian Flycatcher,Empidonax virescens,L3041917,Dixon Meadow Preserve,2026-06-07 08:36:00,1,40.1003152,-75.2402115
easpho,Eastern Phoebe,Sayornis phoebe,L3041917,Dixon Meadow Preserve,2026-06-07 08:36:00,1,40.1003152,-75.2402115
easkin,Eastern Kingbird,Tyrannus tyrannus,L3041917,Dixon Meadow Preserve,2026-06-07 08:36:00,2,40.1003152,-75.2402115
cedwax,Cedar Waxwing,Bombycilla cedrorum,L3041917,Dixon Meadow Preserve,2026-06-07 08:36:00,4,40.1003152,-75.2402115
bnhcow,Brown-headed Cowbird,Molothrus ater,L3041917,Dixon Meadow Preserve,2026-06-07 08:36:00,1,40.1003152,-75.2402115
cangoo,Canada Goose,Branta canadensis,L3041917,Dixon Meadow Preserve,2026-06-08 16:18:00,2,40.1003152,-75.2402115
mallar3,Mallard,Anas platyrhynchos,L3041917,Dixon Meadow Preserve,2026-06-08 16:18:00,2,40.1003152,-75.2402115
rocpig,Rock Pigeon,Columba livia,L3041917,Dixon Meadow Preserve,2026-06-08 16:18:00,1,40.1003152,-75.2402115
moudov,Mourning Dove,Zenaida macroura,L3041917,Dixon Meadow Preserve,2026-06-08 16:18:00,4,40.1003152,-75.2402115
turvul,Turkey Vulture,Cathartes aura,L3041917,Dixon Meadow Preserve,2026-06-08 16:18:00,8,40.1003152,-75.2402115
baleag,Bald Eagle,Haliaeetus leucocephalus,L3041917,Dixon Meadow Preserve,2026-06-08 16:18:00,1,40.1003152,-75.2402115
amekes,American Kestrel,Falco sparverius,L3041917,Dixon Meadow Preserve,2026-06-08 16:18:00,2,40.1003152,-75.2402115
wilfly,Willow Flycatcher,Empidonax traillii,L3041917,Dixon Meadow Preserve,2026-06-08 16:18:00,1,40.1003152,-75.2402115
amecro,American Crow,Corvus brachyrhynchos,L3041917,Dixon Meadow Preserve,2026-06-08 16:18:00,1,40.1003152,-75.2402115
treswa,Tree Swallow,Tachycineta bicolor,L3041917,Dixon Meadow Preserve,2026-06-08 16:18:00,25,40.1003152,-75.2402115
barswa,Barn Swallow,Hirundo rustica,L3041917,Dixon Meadow Preserve,2026-06-08 16:18:00,2,40.1003152,-75.2402115
eursta,European Starling,Sturnus vulgaris,L3041917,Dixon Meadow Preserve,2026-06-08 16:18:00,6,40.1003152,-75.2402115
normoc,Northern Mockingbird,Mimus polyglottos,L3041917,Dixon Meadow Preserve,2026-06-08 16:18:00,1,40.1003152,-75.2402115
easblu,Eastern Bluebird,Sialia sialis,L3041917,Dixon Meadow Preserve,2026-06-08 16:18:00,1,40.1003152,-75.2402115
amerob,American Robin,Turdus migratorius,L3041917,Dixon Meadow Preserve,2026-06-08 16:18:00,10,40.1003152,-75.2402115
houspa,House Sparrow,Passer domesticus,L3041917,Dixon Meadow Preserve,2026-06-08 16:18:00,6,40.1003152,-75.2402115
houfin,House Finch,Haemorhous mexicanus,L3041917,Dixon Meadow Preserve,2026-06-08 16:18:00,10,40.1003152,-75.2402115
amegfi,American Goldfinch,Spinus tristis,L3041917,Dixon Meadow Preserve,2026-06-08 16:18:00,5,40.1003152,-75.2402115
sonspa,Song Sparrow,Melospiza melodia,L3041917,Dixon Meadow Preserve,2026-06-08 16:18:00,6,40.1003152,-75.2402115
rewbla,Red-winged Blackbird,Agelaius phoeniceus,L3041917,Dixon Meadow Preserve,2026-06-08 16:18:00,30,40.1003152,-75.2402115
bnhcow,Brown-headed Cowbird,Molothrus ater,L3041917,Dixon Meadow Preserve,2026-06-08 16:18:00,1,40.1003152,-75.2402115
comyel,Common Yellowthroat,Geothlypis trichas,L3041917,Dixon Meadow Preserve,2026-06-08 16:18:00,1,40.1003152,-75.2402115
coohaw,Cooper's Hawk,Astur cooperii,L3041917,Dixon Meadow Preserve,2026-06-08 10:45:00,1,40.1003152,-75.2402115
rebwoo,Red-bellied Woodpecker,Melanerpes carolinus,L3041917,Dixon Meadow Preserve,2026-06-08 10:45:00,2,40.1003152,-75.2402115
grycat,Gray Catbird,Dumetella carolinensis,L3041917,Dixon Meadow Preserve,2026-06-08 10:45:00,2,40.1003152,-75.2402115
cedwax,Cedar Waxwing,Bombycilla cedrorum,L3041917,Dixon Meadow Preserve,2026-06-08 10:45:00,2,40.1003152,-75.2402115
wilfly,Willow Flycatcher,Empidonax traillii,L3041917,Dixon Meadow Preserve,2026-06-09 19:29:00,2,40.1003152,-75.2402115
turvul,Turkey Vulture,Cathartes aura,L3041917,Dixon Meadow Preserve,2026-06-09 07:55:00,2,40.1003152,-75.2402115
osprey,Osprey,Pandion haliaetus,L3041917,Dixon Meadow Preserve,2026-06-09 07:55:00,1,40.1003152,-75.2402115
baleag,Bald Eagle,Haliaeetus leucocephalus,L3041917,Dixon Meadow Preserve,2026-06-09 07:55:00,1,40.1003152,-75.2402115
rethaw,Red-tailed Hawk,Buteo jamaicensis,L3041917,Dixon Meadow Preserve,2026-06-09 07:55:00,1,40.1003152,-75.2402115
norfli,Northern Flicker,Colaptes auratus,L3041917,Dixon Meadow Preserve,2026-06-09 07:55:00,1,40.1003152,-75.2402115
amekes,American Kestrel,Falco sparverius,L3041917,Dixon Meadow Preserve,2026-06-09 07:55:00,1,40.1003152,-75.2402115
easkin,Eastern Kingbird,Tyrannus tyrannus,L3041917,Dixon Meadow Preserve,2026-06-09 07:55:00,2,40.1003152,-75.2402115
blujay,Blue Jay,Cyanocitta cristata,L3041917,Dixon Meadow Preserve,2026-06-09 07:55:00,1,40.1003152,-75.2402115
amecro,American Crow,Corvus brachyrhynchos,L3041917,Dixon Meadow Preserve,2026-06-09 07:55:00,3,40.1003152,-75.2402115
nrwswa,Northern Rough-winged Swallow,Stelgidopteryx serripennis,L3041917,Dixon Meadow Preserve,2026-06-09 07:55:00,2,40.1003152,-75.2402115
barswa,Barn Swallow,Hirundo rustica,L3041917,Dixon Meadow Preserve,2026-06-09 07:55:00,1,40.1003152,-75.2402115
carwre,Carolina Wren,Thryothorus ludovicianus,L3041917,Dixon Meadow Preserve,2026-06-09 07:55:00,1,40.1003152,-75.2402115
eursta,European Starling,Sturnus vulgaris,L3041917,Dixon Meadow Preserve,2026-06-09 07:55:00,10,40.1003152,-75.2402115
easblu,Eastern Bluebird,Sialia sialis,L3041917,Dixon Meadow Preserve,2026-06-09 07:55:00,1,40.1003152,-75.2402115
cedwax,Cedar Waxwing,Bombycilla cedrorum,L3041917,Dixon Meadow Preserve,2026-06-09 07:55:00,2,40.1003152,-75.2402115
houfin,House Finch,Haemorhous mexicanus,L3041917,Dixon Meadow Preserve,2026-06-09 07:55:00,5,40.1003152,-75.2402115
bnhcow,Brown-headed Cowbird,Molothrus ater,L3041917,Dixon Meadow Preserve,2026-06-09 07:55:00,3,40.1003152,-75.2402115
comyel,Common Yellowthroat,Geothlypis trichas,L3041917,Dixon Meadow Preserve,2026-06-09 07:55:00,2,40.1003152,-75.2402115
norcar,Northern Cardinal,Cardinalis cardinalis,L3041917,Dixon Meadow Preserve,2026-06-09 07:55:00,1,40.1003152,-75.2402115
moudov,Mourning Dove,Zenaida macroura,L3041917,Dixon Meadow Preserve,2026-06-10 09:25:00,15,40.1003152,-75.2402115
turvul,Turkey Vulture,Cathartes aura,L3041917,Dixon Meadow Preserve,2026-06-10 09:25:00,2,40.1003152,-75.2402115
rethaw,Red-tailed Hawk,Buteo jamaicensis,L3041917,Dixon Meadow Preserve,2026-06-10 09:25:00,1,40.1003152,-75.2402115
amekes,American Kestrel,Falco sparverius,L3041917,Dixon Meadow Preserve,2026-06-10 09:25:00,1,40.1003152,-75.2402115
wilfly,Willow Flycatcher,Empidonax traillii,L3041917,Dixon Meadow Preserve,2026-06-10 09:25:00,2,40.1003152,-75.2402115
treswa,Tree Swallow,Tachycineta bicolor,L3041917,Dixon Meadow Preserve,2026-06-10 09:25:00,20,40.1003152,-75.2402115
eursta,European Starling,Sturnus vulgaris,L3041917,Dixon Meadow Preserve,2026-06-10 09:25:00,5,40.1003152,-75.2402115
normoc,Northern Mockingbird,Mimus polyglottos,L3041917,Dixon Meadow Preserve,2026-06-10 09:25:00,2,40.1003152,-75.2402115
easblu,Eastern Bluebird,Sialia sialis,L3041917,Dixon Meadow Preserve,2026-06-10 09:25:00,1,40.1003152,-75.2402115
amerob,American Robin,Turdus migratorius,L3041917,Dixon Meadow Preserve,2026-06-10 09:25:00,5,40.1003152,-75.2402115
houspa,House Sparrow,Passer domesticus,L3041917,Dixon Meadow Preserve,2026-06-10 09:25:00,1,40.1003152,-75.2402115
houfin,House Finch,Haemorhous mexicanus,L3041917,Dixon Meadow Preserve,2026-06-10 09:25:00,2,40.1003152,-75.2402115
amegfi,American Goldfinch,Spinus tristis,L3041917,Dixon Meadow Preserve,2026-06-10 09:25:00,5,40.1003152,-75.2402115
sonspa,Song Sparrow,Melospiza melodia,L3041917,Dixon Meadow Preserve,2026-06-10 09:25:00,10,40.1003152,-75.2402115
rewbla,Red-winged Blackbird,Agelaius phoeniceus,L3041917,Dixon Meadow Preserve,2026-06-10 09:25:00,25,40.1003152,-75.2402115
bnhcow,Brown-headed Cowbird,Molothrus ater,L3041917,Dixon Meadow Preserve,2026-06-10 09:25:00,1,40.1003152,-75.2402115
comyel,Common Yellowthroat,Geothlypis trichas,L3041917,Dixon Meadow Preserve,2026-06-10 09:25:00,1,40.1003152,-75.2402115
wooduc,Wood Duck,Aix sponsa,L3041917,Dixon Meadow Preserve,2026-06-11 08:40:00,1,40.1003152,-75.2402115
mallar3,Mallard,Anas platyrhynchos,L3041917,Dixon Meadow Preserve,2026-06-11 08:40:00,1,40.1003152,-75.2402115
moudov,Mourning Dove,Zenaida macroura,L3041917,Dixon Meadow Preserve,2026-06-11 08:40:00,8,40.1003152,-75.2402115
chiswi,Chimney Swift,Chaetura pelagica,L3041917,Dixon Meadow Preserve,2026-06-11 08:40:00,1,40.1003152,-75.2402115
turvul,Turkey Vulture,Cathartes aura,L3041917,Dixon Meadow Preserve,2026-06-11 08:40:00,2,40.1003152,-75.2402115
dowwoo,Downy Woodpecker,Dryobates pubescens,L3041917,Dixon Meadow Preserve,2026-06-11 08:40:00,1,40.1003152,-75.2402115
norfli,Northern Flicker,Colaptes auratus,L3041917,Dixon Meadow Preserve,2026-06-11 08:40:00,1,40.1003152,-75.2402115
wilfly,Willow Flycatcher,Empidonax traillii,L3041917,Dixon Meadow Preserve,2026-06-11 08:40:00,2,40.1003152,-75.2402115
easkin,Eastern Kingbird,Tyrannus tyrannus,L3041917,Dixon Meadow Preserve,2026-06-11 08:40:00,1,40.1003152,-75.2402115
amecro,American Crow,Corvus brachyrhynchos,L3041917,Dixon Meadow Preserve,2026-06-11 08:40:00,8,40.1003152,-75.2402115
treswa,Tree Swallow,Tachycineta bicolor,L3041917,Dixon Meadow Preserve,2026-06-11 08:40:00,35,40.1003152,-75.2402115
barswa,Barn Swallow,Hirundo rustica,L3041917,Dixon Meadow Preserve,2026-06-11 08:40:00,2,40.1003152,-75.2402115
eursta,European Starling,Sturnus vulgaris,L3041917,Dixon Meadow Preserve,2026-06-11 08:40:00,10,40.1003152,-75.2402115
normoc,Northern Mockingbird,Mimus polyglottos,L3041917,Dixon Meadow Preserve,2026-06-11 08:40:00,4,40.1003152,-75.2402115
easblu,Eastern Bluebird,Sialia sialis,L3041917,Dixon Meadow Preserve,2026-06-11 08:40:00,2,40.1003152,-75.2402115
amerob,American Robin,Turdus migratorius,L3041917,Dixon Meadow Preserve,2026-06-11 08:40:00,10,40.1003152,-75.2402115
cedwax,Cedar Waxwing,Bombycilla cedrorum,L3041917,Dixon Meadow Preserve,2026-06-11 08:40:00,1,40.1003152,-75.2402115
houspa,House Sparrow,Passer domesticus,L3041917,Dixon Meadow Preserve,2026-06-11 08:40:00,1,40.1003152,-75.2402115
houfin,House Finch,Haemorhous mexicanus,L3041917,Dixon Meadow Preserve,2026-06-11 08:40:00,5,40.1003152,-75.2402115
amegfi,American Goldfinch,Spinus tristis,L3041917,Dixon Meadow Preserve,2026-06-11 08:40:00,15,40.1003152,-75.2402115
sonspa,Song Sparrow,Melospiza melodia,L3041917,Dixon Meadow Preserve,2026-06-11 08:40:00,10,40.1003152,-75.2402115
rewbla,Red-winged Blackbird,Agelaius phoeniceus,L3041917,Dixon Meadow Preserve,2026-06-11 08:40:00,45,40.1003152,-75.2402115
bnhcow,Brown-headed Cowbird,Molothrus ater,L3041917,Dixon Meadow Preserve,2026-06-11 08:40:00,1,40.1003152,-75.2402115
comgra,Common Grackle,Quiscalus quiscula,L3041917,Dixon Meadow Preserve,2026-06-11 08:40:00,1,40.1003152,-75.2402115
comyel,Common Yellowthroat,Geothlypis trichas,L3041917,Dixon Meadow Preserve,2026-06-11 08:40:00,2,40.1003152,-75.2402115
scatan,Scarlet Tanager,Piranga olivacea,L3041917,Dixon Meadow Preserve,2026-06-11 08:40:00,1,40.1003152,-75.2402115
rocpig,Rock Pigeon,Columba livia,L3041917,Dixon Meadow Preserve,2026-06-11 07:15:00,6,40.1003152,-75.2402115
killde,Killdeer,Charadrius vociferus,L3041917,Dixon Meadow Preserve,2026-06-11 07:15:00,1,40.1003152,-75.2402115
reshaw,Red-shouldered Hawk,Buteo lineatus,L3041917,Dixon Meadow Preserve,2026-06-11 07:15:00,1,40.1003152,-75.2402115
haiwoo,Hairy Woodpecker,Leuconotopicus villosus,L3041917,Dixon Meadow Preserve,2026-06-11 07:15:00,1,40.1003152,-75.2402115
amekes,American Kestrel,Falco sparverius,L3041917,Dixon Meadow Preserve,2026-06-11 07:15:00,2,40.1003152,-75.2402115
easpho,Eastern Phoebe,Sayornis phoebe,L3041917,Dixon Meadow Preserve,2026-06-11 07:15:00,1,40.1003152,-75.2402115
eawvir1,Eastern Warbling Vireo,Vireo gilvus,L3041917,Dixon Meadow Preserve,2026-06-11 07:15:00,2,40.1003152,-75.2402115
reevir1,Red-eyed Vireo,Vireo olivaceus,L3041917,Dixon Meadow Preserve,2026-06-11 07:15:00,2,40.1003152,-75.2402115
blujay,Blue Jay,Cyanocitta cristata,L3041917,Dixon Meadow Preserve,2026-06-11 07:15:00,2,40.1003152,-75.2402115
fiscro,Fish Crow,Corvus ossifragus,L3041917,Dixon Meadow Preserve,2026-06-11 07:15:00,1,40.1003152,-75.2402115
purmar,Purple Martin,Progne subis,L3041917,Dixon Meadow Preserve,2026-06-11 07:15:00,1,40.1003152,-75.2402115
whbnut,White-breasted Nuthatch,Sitta carolinensis,L3041917,Dixon Meadow Preserve,2026-06-11 07:15:00,1,40.1003152,-75.2402115
houwre,Northern House Wren,Troglodytes aedon,L3041917,Dixon Meadow Preserve,2026-06-11 07:15:00,1,40.1003152,-75.2402115
carwre,Carolina Wren,Thryothorus ludovicianus,L3041917,Dixon Meadow Preserve,2026-06-11 07:15:00,2,40.1003152,-75.2402115
grycat,Gray Catbird,Dumetella carolinensis,L3041917,Dixon Meadow Preserve,2026-06-11 07:15:00,1,40.1003152,-75.2402115
woothr,Wood Thrush,Hylocichla mustelina,L3041917,Dixon Meadow Preserve,2026-06-11 07:15:00,1,40.1003152,-75.2402115
fiespa,Field Sparrow,Spizella pusilla,L3041917,Dixon Meadow Preserve,2026-06-11 07:15:00,2,40.1003152,-75.2402115
boboli,Bobolink,Dolichonyx oryzivorus,L3041917,Dixon Meadow Preserve,2026-06-11 07:15:00,1,40.1003152,-75.2402115
orcori,Orchard Oriole,Icterus spurius,L3041917,Dixon Meadow Preserve,2026-06-11 07:15:00,2,40.1003152,-75.2402115
balori,Baltimore Oriole,Icterus galbula,L3041917,Dixon Meadow Preserve,2026-06-11 07:15:00,2,40.1003152,-75.2402115
yelwar1,Northern Yellow Warbler,Setophaga aestiva,L3041917,Dixon Meadow Preserve,2026-06-11 07:15:00,1,40.1003152,-75.2402115
blugrb1,Blue Grosbeak,Passerina caerulea,L3041917,Dixon Meadow Preserve,2026-06-11 07:15:00,1,40.1003152,-75.2402115
indbun,Indigo Bunting,Passerina cyanea,L3041917,Dixon Meadow Preserve,2026-06-11 07:15:00,1,40.1003152,-75.2402115
wooduc,Wood Duck,Aix sponsa,L3041917,Dixon Meadow Preserve,2026-06-12 07:36:00,1,40.1003152,-75.2402115
mallar3,Mallard,Anas platyrhynchos,L3041917,Dixon Meadow Preserve,2026-06-12 07:36:00,2,40.1003152,-75.2402115
moudov,Mourning Dove,Zenaida macroura,L3041917,Dixon Meadow Preserve,2026-06-12 07:36:00,10,40.1003152,-75.2402115
chiswi,Chimney Swift,Chaetura pelagica,L3041917,Dixon Meadow Preserve,2026-06-12 07:36:00,15,40.1003152,-75.2402115
turvul,Turkey Vulture,Cathartes aura,L3041917,Dixon Meadow Preserve,2026-06-12 07:36:00,3,40.1003152,-75.2402115
rebwoo,Red-bellied Woodpecker,Melanerpes carolinus,L3041917,Dixon Meadow Preserve,2026-06-12 07:36:00,1,40.1003152,-75.2402115
norfli,Northern Flicker,Colaptes auratus,L3041917,Dixon Meadow Preserve,2026-06-12 07:36:00,1,40.1003152,-75.2402115
wilfly,Willow Flycatcher,Empidonax traillii,L3041917,Dixon Meadow Preserve,2026-06-12 07:36:00,4,40.1003152,-75.2402115
easkin,Eastern Kingbird,Tyrannus tyrannus,L3041917,Dixon Meadow Preserve,2026-06-12 07:36:00,2,40.1003152,-75.2402115
blujay,Blue Jay,Cyanocitta cristata,L3041917,Dixon Meadow Preserve,2026-06-12 07:36:00,2,40.1003152,-75.2402115
tuftit,Tufted Titmouse,Baeolophus bicolor,L3041917,Dixon Meadow Preserve,2026-06-12 07:36:00,2,40.1003152,-75.2402115
treswa,Tree Swallow,Tachycineta bicolor,L3041917,Dixon Meadow Preserve,2026-06-12 07:36:00,18,40.1003152,-75.2402115
barswa,Barn Swallow,Hirundo rustica,L3041917,Dixon Meadow Preserve,2026-06-12 07:36:00,4,40.1003152,-75.2402115
houwre,Northern House Wren,Troglodytes aedon,L3041917,Dixon Meadow Preserve,2026-06-12 07:36:00,1,40.1003152,-75.2402115
carwre,Carolina Wren,Thryothorus ludovicianus,L3041917,Dixon Meadow Preserve,2026-06-12 07:36:00,2,40.1003152,-75.2402115
eursta,European Starling,Sturnus vulgaris,L3041917,Dixon Meadow Preserve,2026-06-12 07:36:00,4,40.1003152,-75.2402115
normoc,Northern Mockingbird,Mimus polyglottos,L3041917,Dixon Meadow Preserve,2026-06-12 07:36:00,5,40.1003152,-75.2402115
easblu,Eastern Bluebird,Sialia sialis,L3041917,Dixon Meadow Preserve,2026-06-12 07:36:00,3,40.1003152,-75.2402115
amerob,American Robin,Turdus migratorius,L3041917,Dixon Meadow Preserve,2026-06-12 07:36:00,6,40.1003152,-75.2402115
houspa,House Sparrow,Passer domesticus,L3041917,Dixon Meadow Preserve,2026-06-12 07:36:00,4,40.1003152,-75.2402115
houfin,House Finch,Haemorhous mexicanus,L3041917,Dixon Meadow Preserve,2026-06-12 07:36:00,5,40.1003152,-75.2402115
sonspa,Song Sparrow,Melospiza melodia,L3041917,Dixon Meadow Preserve,2026-06-12 07:36:00,11,40.1003152,-75.2402115
boboli,Bobolink,Dolichonyx oryzivorus,L3041917,Dixon Meadow Preserve,2026-06-12 07:36:00,1,40.1003152,-75.2402115
easmea,Eastern Meadowlark,Sturnella magna,L3041917,Dixon Meadow Preserve,2026-06-12 07:36:00,2,40.1003152,-75.2402115
bnhcow,Brown-headed Cowbird,Molothrus ater,L3041917,Dixon Meadow Preserve,2026-06-12 07:36:00,3,40.1003152,-75.2402115
comyel,Common Yellowthroat,Geothlypis trichas,L3041917,Dixon Meadow Preserve,2026-06-12 07:36:00,1,40.1003152,-75.2402115
yelwar1,Northern Yellow Warbler,Setophaga aestiva,L3041917,Dixon Meadow Preserve,2026-06-12 07:36:00,1,40.1003152,-75.2402115
norcar,Northern Cardinal,Cardinalis cardinalis,L3041917,Dixon Meadow Preserve,2026-06-12 07:36:00,2,40.1003152,-75.2402115
indbun,Indigo Bunting,Passerina cyanea,L3041917,Dixon Meadow Preserve,2026-06-12 07:36:00,1,40.1003152,-75.2402115
amekes,American Kestrel,Falco sparverius,L3041917,Dixon Meadow Preserve,2026-06-12 07:27:00,1,40.1003152,-75.2402115
cedwax,Cedar Waxwing,Bombycilla cedrorum,L3041917,Dixon Meadow Preserve,2026-06-12 07:27:00,4,40.1003152,-75.2402115
amegfi,American Goldfinch,Spinus tristis,L3041917,Dixon Meadow Preserve,2026-06-12 07:27:00,2,40.1003152,-75.2402115
orcori,Orchard Oriole,Icterus spurius,L3041917,Dixon Meadow Preserve,2026-06-12 07:27:00,2,40.1003152,-75.2402115
rewbla,Red-winged Blackbird,Agelaius phoeniceus,L3041917,Dixon Meadow Preserve,2026-06-12 07:27:00,4,40.1003152,-75.2402115
mallar3,Mallard,Anas platyrhynchos,L3041917,Dixon Meadow Preserve,2026-06-13 08:53:00,1,40.1003152,-75.2402115
moudov,Mourning Dove,Zenaida macroura,L3041917,Dixon Meadow Preserve,2026-06-13 08:53:00,15,40.1003152,-75.2402115
turvul,Turkey Vulture,Cathartes aura,L3041917,Dixon Meadow Preserve,2026-06-13 08:53:00,4,40.1003152,-75.2402115
baleag,Bald Eagle,Haliaeetus leucocephalus,L3041917,Dixon Meadow Preserve,2026-06-13 08:53:00,1,40.1003152,-75.2402115
rethaw,Red-tailed Hawk,Buteo jamaicensis,L3041917,Dixon Meadow Preserve,2026-06-13 08:53:00,1,40.1003152,-75.2402115
rebwoo,Red-bellied Woodpecker,Melanerpes carolinus,L3041917,Dixon Meadow Preserve,2026-06-13 08:53:00,1,40.1003152,-75.2402115
norfli,Northern Flicker,Colaptes auratus,L3041917,Dixon Meadow Preserve,2026-06-13 08:53:00,2,40.1003152,-75.2402115
amekes,American Kestrel,Falco sparverius,L3041917,Dixon Meadow Preserve,2026-06-13 08:53:00,1,40.1003152,-75.2402115
wilfly,Willow Flycatcher,Empidonax traillii,L3041917,Dixon Meadow Preserve,2026-06-13 08:53:00,2,40.1003152,-75.2402115
easkin,Eastern Kingbird,Tyrannus tyrannus,L3041917,Dixon Meadow Preserve,2026-06-13 08:53:00,1,40.1003152,-75.2402115
blujay,Blue Jay,Cyanocitta cristata,L3041917,Dixon Meadow Preserve,2026-06-13 08:53:00,1,40.1003152,-75.2402115
treswa,Tree Swallow,Tachycineta bicolor,L3041917,Dixon Meadow Preserve,2026-06-13 08:53:00,25,40.1003152,-75.2402115
nrwswa,Northern Rough-winged Swallow,Stelgidopteryx serripennis,L3041917,Dixon Meadow Preserve,2026-06-13 08:53:00,1,40.1003152,-75.2402115
barswa,Barn Swallow,Hirundo rustica,L3041917,Dixon Meadow Preserve,2026-06-13 08:53:00,2,40.1003152,-75.2402115
carwre,Carolina Wren,Thryothorus ludovicianus,L3041917,Dixon Meadow Preserve,2026-06-13 08:53:00,1,40.1003152,-75.2402115
eursta,European Starling,Sturnus vulgaris,L3041917,Dixon Meadow Preserve,2026-06-13 08:53:00,10,40.1003152,-75.2402115
normoc,Northern Mockingbird,Mimus polyglottos,L3041917,Dixon Meadow Preserve,2026-06-13 08:53:00,4,40.1003152,-75.2402115
amerob,American Robin,Turdus migratorius,L3041917,Dixon Meadow Preserve,2026-06-13 08:53:00,20,40.1003152,-75.2402115
houspa,House Sparrow,Passer domesticus,L3041917,Dixon Meadow Preserve,2026-06-13 08:53:00,1,40.1003152,-75.2402115
houfin,House Finch,Haemorhous mexicanus,L3041917,Dixon Meadow Preserve,2026-06-13 08:53:00,15,40.1003152,-75.2402115
amegfi,American Goldfinch,Spinus tristis,L3041917,Dixon Meadow Preserve,2026-06-13 08:53:00,8,40.1003152,-75.2402115
sonspa,Song Sparrow,Melospiza melodia,L3041917,Dixon Meadow Preserve,2026-06-13 08:53:00,5,40.1003152,-75.2402115
rewbla,Red-winged Blackbird,Agelaius phoeniceus,L3041917,Dixon Meadow Preserve,2026-06-13 08:53:00,35,40.1003152,-75.2402115
bnhcow,Brown-headed Cowbird,Molothrus ater,L3041917,Dixon Meadow Preserve,2026-06-13 08:53:00,1,40.1003152,-75.2402115
comyel,Common Yellowthroat,Geothlypis trichas,L3041917,Dixon Meadow Preserve,2026-06-13 08:53:00,1,40.1003152,-75.2402115
yelwar1,Northern Yellow Warbler,Setophaga aestiva,L3041917,Dixon Meadow Preserve,2026-06-13 08:53:00,2,40.1003152,-75.2402115
indbun,Indigo Bunting,Passerina cyanea,L3041917,Dixon Meadow Preserve,2026-06-13 08:53:00,1,40.1003152,-75.2402115
amecro,American Crow,Corvus brachyrhynchos,L3041917,Dixon Meadow Preserve,2026-06-13 08:02:00,3,40.1003152,-75.2402115
easblu,Eastern Bluebird,Sialia sialis,L3041917,Dixon Meadow Preserve,2026-06-13 08:02:00,2,40.1003152,-75.2402115
chispa,Chipping Sparrow,Spizella passerina,L3041917,Dixon Meadow Preserve,2026-06-13 08:02:00,2,40.1003152,-75.2402115
wooduc,Wood Duck,Aix sponsa,L3041917,Dixon Meadow Preserve,2026-06-13 07:12:00,1,40.1003152,-75.2402115
chiswi,Chimney Swift,Chaetura pelagica,L3041917,Dixon Meadow Preserve,2026-06-13 07:12:00,2,40.1003152,-75.2402115
fiscro,Fish Crow,Corvus ossifragus,L3041917,Dixon Meadow Preserve,2026-06-13 07:12:00,4,40.1003152,-75.2402115
purmar,Purple Martin,Progne subis,L3041917,Dixon Meadow Preserve,2026-06-13 07:12:00,1,40.1003152,-75.2402115
cedwax,Cedar Waxwing,Bombycilla cedrorum,L3041917,Dixon Meadow Preserve,2026-06-13 07:12:00,1,40.1003152,-75.2402115
moudov,Mourning Dove,Zenaida macroura,L3041917,Dixon Meadow Preserve,2026-06-14 10:15:00,5,40.1003152,-75.2402115
chiswi,Chimney Swift,Chaetura pelagica,L3041917,Dixon Meadow Preserve,2026-06-14 10:15:00,8,40.1003152,-75.2402115
turvul,Turkey Vulture,Cathartes aura,L3041917,Dixon Meadow Preserve,2026-06-14 10:15:00,3,40.1003152,-75.2402115
rethaw,Red-tailed Hawk,Buteo jamaicensis,L3041917,Dixon Meadow Preserve,2026-06-14 10:15:00,2,40.1003152,-75.2402115
rebwoo,Red-bellied Woodpecker,Melanerpes carolinus,L3041917,Dixon Meadow Preserve,2026-06-14 10:15:00,1,40.1003152,-75.2402115
norfli,Northern Flicker,Colaptes auratus,L3041917,Dixon Meadow Preserve,2026-06-14 10:15:00,1,40.1003152,-75.2402115
wilfly,Willow Flycatcher,Empidonax traillii,L3041917,Dixon Meadow Preserve,2026-06-14 10:15:00,2,40.1003152,-75.2402115
treswa,Tree Swallow,Tachycineta bicolor,L3041917,Dixon Meadow Preserve,2026-06-14 10:15:00,25,40.1003152,-75.2402115
barswa,Barn Swallow,Hirundo rustica,L3041917,Dixon Meadow Preserve,2026-06-14 10:15:00,5,40.1003152,-75.2402115
normoc,Northern Mockingbird,Mimus polyglottos,L3041917,Dixon Meadow Preserve,2026-06-14 10:15:00,2,40.1003152,-75.2402115
easblu,Eastern Bluebird,Sialia sialis,L3041917,Dixon Meadow Preserve,2026-06-14 10:15:00,1,40.1003152,-75.2402115
amerob,American Robin,Turdus migratorius,L3041917,Dixon Meadow Preserve,2026-06-14 10:15:00,10,40.1003152,-75.2402115
houspa,House Sparrow,Passer domesticus,L3041917,Dixon Meadow Preserve,2026-06-14 10:15:00,1,40.1003152,-75.2402115
houfin,House Finch,Haemorhous mexicanus,L3041917,Dixon Meadow Preserve,2026-06-14 10:15:00,5,40.1003152,-75.2402115
amegfi,American Goldfinch,Spinus tristis,L3041917,Dixon Meadow Preserve,2026-06-14 10:15:00,2,40.1003152,-75.2402115
sonspa,Song Sparrow,Melospiza melodia,L3041917,Dixon Meadow Preserve,2026-06-14 10:15:00,10,40.1003152,-75.2402115
rewbla,Red-winged Blackbird,Agelaius phoeniceus,L3041917,Dixon Meadow Preserve,2026-06-14 10:15:00,35,40.1003152,-75.2402115
bnhcow,Brown-headed Cowbird,Molothrus ater,L3041917,Dixon Meadow Preserve,2026-06-14 10:15:00,2,40.1003152,-75.2402115
rocpig,Rock Pigeon,Columba livia,L3041917,Dixon Meadow Preserve,2026-06-14 07:59:00,5,40.1003152,-75.2402115
amekes,American Kestrel,Falco sparverius,L3041917,Dixon Meadow Preserve,2026-06-14 07:59:00,1,40.1003152,-75.2402115
eursta,European Starling,Sturnus vulgaris,L3041917,Dixon Meadow Preserve,2026-06-14 07:59:00,15,40.1003152,-75.2402115
chispa,Chipping Sparrow,Spizella passerina,L3041917,Dixon Meadow Preserve,2026-06-14 07:59:00,2,40.1003152,-75.2402115
comgra,Common Grackle,Quiscalus quiscula,L3041917,Dixon Meadow Preserve,2026-06-14 07:59:00,2,40.1003152,-75.2402115
moudov,Mourning Dove,Zenaida macroura,L3041917,Dixon Meadow Preserve,2026-06-15 19:51:00,1,40.1003152,-75.2402115
wilfly,Willow Flycatcher,Empidonax traillii,L3041917,Dixon Meadow Preserve,2026-06-15 19:51:00,2,40.1003152,-75.2402115
barswa,Barn Swallow,Hirundo rustica,L3041917,Dixon Meadow Preserve,2026-06-15 19:51:00,1,40.1003152,-75.2402115
amerob,American Robin,Turdus migratorius,L3041917,Dixon Meadow Preserve,2026-06-15 19:51:00,3,40.1003152,-75.2402115
houfin,House Finch,Haemorhous mexicanus,L3041917,Dixon Meadow Preserve,2026-06-15 19:51:00,1,40.1003152,-75.2402115
mallar3,Mallard,Anas platyrhynchos,L3041917,Dixon Meadow Preserve,2026-06-15 11:24:00,2,40.1003152,-75.2402115
chiswi,Chimney Swift,Chaetura pelagica,L3041917,Dixon Meadow Preserve,2026-06-15 11:24:00,20,40.1003152,-75.2402115
turvul,Turkey Vulture,Cathartes aura,L3041917,Dixon Meadow Preserve,2026-06-15 11:24:00,6,40.1003152,-75.2402115
rethaw,Red-tailed Hawk,Buteo jamaicensis,L3041917,Dixon Meadow Preserve,2026-06-15 11:24:00,2,40.1003152,-75.2402115
norfli,Northern Flicker,Colaptes auratus,L3041917,Dixon Meadow Preserve,2026-06-15 11:24:00,1,40.1003152,-75.2402115
amekes,American Kestrel,Falco sparverius,L3041917,Dixon Meadow Preserve,2026-06-15 11:24:00,1,40.1003152,-75.2402115
blujay,Blue Jay,Cyanocitta cristata,L3041917,Dixon Meadow Preserve,2026-06-15 11:24:00,1,40.1003152,-75.2402115
eursta,European Starling,Sturnus vulgaris,L3041917,Dixon Meadow Preserve,2026-06-15 11:24:00,6,40.1003152,-75.2402115
normoc,Northern Mockingbird,Mimus polyglottos,L3041917,Dixon Meadow Preserve,2026-06-15 11:24:00,2,40.1003152,-75.2402115
houspa,House Sparrow,Passer domesticus,L3041917,Dixon Meadow Preserve,2026-06-15 11:24:00,1,40.1003152,-75.2402115
amegfi,American Goldfinch,Spinus tristis,L3041917,Dixon Meadow Preserve,2026-06-15 11:24:00,2,40.1003152,-75.2402115
sonspa,Song Sparrow,Melospiza melodia,L3041917,Dixon Meadow Preserve,2026-06-15 11:24:00,5,40.1003152,-75.2402115
bnhcow,Brown-headed Cowbird,Molothrus ater,L3041917,Dixon Meadow Preserve,2026-06-15 11:24:00,1,40.1003152,-75.2402115
easkin,Eastern Kingbird,Tyrannus tyrannus,L3041917,Dixon Meadow Preserve,2026-06-15 06:12:00,1,40.1003152,-75.2402115
eawvir1,Eastern Warbling Vireo,Vireo gilvus,L3041917,Dixon Meadow Preserve,2026-06-15 06:12:00,1,40.1003152,-75.2402115
amecro,American Crow,Corvus brachyrhynchos,L3041917,Dixon Meadow Preserve,2026-06-15 06:12:00,2,40.1003152,-75.2402115
nrwswa,Northern Rough-winged Swallow,Stelgidopteryx serripennis,L3041917,Dixon Meadow Preserve,2026-06-15 06:12:00,2,40.1003152,-75.2402115
houwre,Northern House Wren,Troglodytes aedon,L3041917,Dixon Meadow Preserve,2026-06-15 06:12:00,1,40.1003152,-75.2402115
balori,Baltimore Oriole,Icterus galbula,L3041917,Dixon Meadow Preserve,2026-06-15 06:12:00,1,40.1003152,-75.2402115
comgra,Common Grackle,Quiscalus quiscula,L3041917,Dixon Meadow Preserve,2026-06-15 06:12:00,7,40.1003152,-75.2402115
yelwar1,Northern Yellow Warbler,Setophaga aestiva,L3041917,Dixon Meadow Preserve,2026-06-15 06:12:00,1,40.1003152,-75.2402115
norcar,Northern Cardinal,Cardinalis cardinalis,L3041917,Dixon Meadow Preserve,2026-06-15 06:12:00,2,40.1003152,-75.2402115
mallar3,Mallard,Anas platyrhynchos,L3041917,Dixon Meadow Preserve,2026-06-16 09:01:00,1,40.1003152,-75.2402115
moudov,Mourning Dove,Zenaida macroura,L3041917,Dixon Meadow Preserve,2026-06-16 09:01:00,3,40.1003152,-75.2402115
grbher3,Great Blue Heron,Ardea herodias,L3041917,Dixon Meadow Preserve,2026-06-16 09:01:00,1,40.1003152,-75.2402115
turvul,Turkey Vulture,Cathartes aura,L3041917,Dixon Meadow Preserve,2026-06-16 09:01:00,1,40.1003152,-75.2402115
rethaw,Red-tailed Hawk,Buteo jamaicensis,L3041917,Dixon Meadow Preserve,2026-06-16 09:01:00,1,40.1003152,-75.2402115
amekes,American Kestrel,Falco sparverius,L3041917,Dixon Meadow Preserve,2026-06-16 09:01:00,2,40.1003152,-75.2402115
wilfly,Willow Flycatcher,Empidonax traillii,L3041917,Dixon Meadow Preserve,2026-06-16 09:01:00,2,40.1003152,-75.2402115
fiscro,Fish Crow,Corvus ossifragus,L3041917,Dixon Meadow Preserve,2026-06-16 09:01:00,2,40.1003152,-75.2402115
comrav,Common Raven,Corvus corax,L3041917,Dixon Meadow Preserve,2026-06-16 09:01:00,1,40.1003152,-75.2402115
treswa,Tree Swallow,Tachycineta bicolor,L3041917,Dixon Meadow Preserve,2026-06-16 09:01:00,7,40.1003152,-75.2402115
eursta,European Starling,Sturnus vulgaris,L3041917,Dixon Meadow Preserve,2026-06-16 09:01:00,2,40.1003152,-75.2402115
normoc,Northern Mockingbird,Mimus polyglottos,L3041917,Dixon Meadow Preserve,2026-06-16 09:01:00,2,40.1003152,-75.2402115
amerob,American Robin,Turdus migratorius,L3041917,Dixon Meadow Preserve,2026-06-16 09:01:00,4,40.1003152,-75.2402115
houspa,House Sparrow,Passer domesticus,L3041917,Dixon Meadow Preserve,2026-06-16 09:01:00,2,40.1003152,-75.2402115
houfin,House Finch,Haemorhous mexicanus,L3041917,Dixon Meadow Preserve,2026-06-16 09:01:00,2,40.1003152,-75.2402115
amegfi,American Goldfinch,Spinus tristis,L3041917,Dixon Meadow Preserve,2026-06-16 09:01:00,2,40.1003152,-75.2402115
sonspa,Song Sparrow,Melospiza melodia,L3041917,Dixon Meadow Preserve,2026-06-16 09:01:00,2,40.1003152,-75.2402115
orcori,Orchard Oriole,Icterus spurius,L3041917,Dixon Meadow Preserve,2026-06-16 09:01:00,1,40.1003152,-75.2402115
rewbla,Red-winged Blackbird,Agelaius phoeniceus,L3041917,Dixon Meadow Preserve,2026-06-16 09:01:00,10,40.1003152,-75.2402115
chiswi,Chimney Swift,Chaetura pelagica,L3041917,Dixon Meadow Preserve,2026-06-16 08:53:00,20,40.1003152,-75.2402115
blujay,Blue Jay,Cyanocitta cristata,L3041917,Dixon Meadow Preserve,2026-06-16 08:53:00,1,40.1003152,-75.2402115
amecro,American Crow,Corvus brachyrhynchos,L3041917,Dixon Meadow Preserve,2026-06-16 08:53:00,2,40.1003152,-75.2402115
blujay,Blue Jay,Cyanocitta cristata,L3041917,Dixon Meadow Preserve,2026-06-17 19:32:00,1,40.1003152,-75.2402115
normoc,Northern Mockingbird,Mimus polyglottos,L3041917,Dixon Meadow Preserve,2026-06-17 19:32:00,1,40.1003152,-75.2402115
easblu,Eastern Bluebird,Sialia sialis,L3041917,Dixon Meadow Preserve,2026-06-17 19:32:00,1,40.1003152,-75.2402115
rewbla,Red-winged Blackbird,Agelaius phoeniceus,L3041917,Dixon Meadow Preserve,2026-06-17 19:32:00,8,40.1003152,-75.2402115
mallar3,Mallard,Anas platyrhynchos,L3041917,Dixon Meadow Preserve,2026-06-18 05:41:00,2,40.1003152,-75.2402115
moudov,Mourning Dove,Zenaida macroura,L3041917,Dixon Meadow Preserve,2026-06-18 05:41:00,5,40.1003152,-75.2402115
coohaw,Cooper's Hawk,Astur cooperii,L3041917,Dixon Meadow Preserve,2026-06-18 05:41:00,1,40.1003152,-75.2402115
norfli,Northern Flicker,Colaptes auratus,L3041917,Dixon Meadow Preserve,2026-06-18 05:41:00,3,40.1003152,-75.2402115
amekes,American Kestrel,Falco sparverius,L3041917,Dixon Meadow Preserve,2026-06-18 05:41:00,2,40.1003152,-75.2402115
wilfly,Willow Flycatcher,Empidonax traillii,L3041917,Dixon Meadow Preserve,2026-06-18 05:41:00,2,40.1003152,-75.2402115
eawvir1,Eastern Warbling Vireo,Vireo gilvus,L3041917,Dixon Meadow Preserve,2026-06-18 05:41:00,1,40.1003152,-75.2402115
treswa,Tree Swallow,Tachycineta bicolor,L3041917,Dixon Meadow Preserve,2026-06-18 05:41:00,8,40.1003152,-75.2402115
barswa,Barn Swallow,Hirundo rustica,L3041917,Dixon Meadow Preserve,2026-06-18 05:41:00,1,40.1003152,-75.2402115
eursta,European Starling,Sturnus vulgaris,L3041917,Dixon Meadow Preserve,2026-06-18 05:41:00,3,40.1003152,-75.2402115
normoc,Northern Mockingbird,Mimus polyglottos,L3041917,Dixon Meadow Preserve,2026-06-18 05:41:00,3,40.1003152,-75.2402115
easblu,Eastern Bluebird,Sialia sialis,L3041917,Dixon Meadow Preserve,2026-06-18 05:41:00,1,40.1003152,-75.2402115
amerob,American Robin,Turdus migratorius,L3041917,Dixon Meadow Preserve,2026-06-18 05:41:00,4,40.1003152,-75.2402115
houspa,House Sparrow,Passer domesticus,L3041917,Dixon Meadow Preserve,2026-06-18 05:41:00,1,40.1003152,-75.2402115
houfin,House Finch,Haemorhous mexicanus,L3041917,Dixon Meadow Preserve,2026-06-18 05:41:00,9,40.1003152,-75.2402115
amegfi,American Goldfinch,Spinus tristis,L3041917,Dixon Meadow Preserve,2026-06-18 05:41:00,2,40.1003152,-75.2402115
chispa,Chipping Sparrow,Spizella passerina,L3041917,Dixon Meadow Preserve,2026-06-18 05:41:00,2,40.1003152,-75.2402115
sonspa,Song Sparrow,Melospiza melodia,L3041917,Dixon Meadow Preserve,2026-06-18 05:41:00,10,40.1003152,-75.2402115
orcori,Orchard Oriole,Icterus spurius,L3041917,Dixon Meadow Preserve,2026-06-18 05:41:00,1,40.1003152,-75.2402115
rewbla,Red-winged Blackbird,Agelaius phoeniceus,L3041917,Dixon Meadow Preserve,2026-06-18 05:41:00,21,40.1003152,-75.2402115
bnhcow,Brown-headed Cowbird,Molothrus ater,L3041917,Dixon Meadow Preserve,2026-06-18 05:41:00,3,40.1003152,-75.2402115
comyel,Common Yellowthroat,Geothlypis trichas,L3041917,Dixon Meadow Preserve,2026-06-18 05:41:00,1,40.1003152,-75.2402115
norcar,Northern Cardinal,Cardinalis cardinalis,L3041917,Dixon Meadow Preserve,2026-06-18 05:41:00,1,40.1003152,-75.2402115
moudov,Mourning Dove,Zenaida macroura,L3041917,Dixon Meadow Preserve,2026-06-19 13:18:00,3,40.1003152,-75.2402115
chiswi,Chimney Swift,Chaetura pelagica,L3041917,Dixon Meadow Preserve,2026-06-19 13:18:00,2,40.1003152,-75.2402115
turvul,Turkey Vulture,Cathartes aura,L3041917,Dixon Meadow Preserve,2026-06-19 13:18:00,2,40.1003152,-75.2402115
norfli,Northern Flicker,Colaptes auratus,L3041917,Dixon Meadow Preserve,2026-06-19 13:18:00,1,40.1003152,-75.2402115
wilfly,Willow Flycatcher,Empidonax traillii,L3041917,Dixon Meadow Preserve,2026-06-19 13:18:00,1,40.1003152,-75.2402115
treswa,Tree Swallow,Tachycineta bicolor,L3041917,Dixon Meadow Preserve,2026-06-19 13:18:00,5,40.1003152,-75.2402115
normoc,Northern Mockingbird,Mimus polyglottos,L3041917,Dixon Meadow Preserve,2026-06-19 13:18:00,2,40.1003152,-75.2402115
houfin,House Finch,Haemorhous mexicanus,L3041917,Dixon Meadow Preserve,2026-06-19 13:18:00,3,40.1003152,-75.2402115
amegfi,American Goldfinch,Spinus tristis,L3041917,Dixon Meadow Preserve,2026-06-19 13:18:00,1,40.1003152,-75.2402115
sonspa,Song Sparrow,Melospiza melodia,L3041917,Dixon Meadow Preserve,2026-06-19 13:18:00,3,40.1003152,-75.2402115
rewbla,Red-winged Blackbird,Agelaius phoeniceus,L3041917,Dixon Meadow Preserve,2026-06-19 13:18:00,4,40.1003152,-75.2402115
bnhcow,Brown-headed Cowbird,Molothrus ater,L3041917,Dixon Meadow Preserve,2026-06-19 13:18:00,3,40.1003152,-75.2402115
rebwoo,Red-bellied Woodpecker,Melanerpes carolinus,L3041917,Dixon Meadow Preserve,2026-06-19 10:40:00,1,40.1003152,-75.2402115
amekes,American Kestrel,Falco sparverius,L3041917,Dixon Meadow Preserve,2026-06-19 10:40:00,1,40.1003152,-75.2402115
blujay,Blue Jay,Cyanocitta cristata,L3041917,Dixon Meadow Preserve,2026-06-19 10:40:00,1,40.1003152,-75.2402115
nrwswa,Northern Rough-winged Swallow,Stelgidopteryx serripennis,L3041917,Dixon Meadow Preserve,2026-06-19 10:40:00,2,40.1003152,-75.2402115
barswa,Barn Swallow,Hirundo rustica,L3041917,Dixon Meadow Preserve,2026-06-19 10:40:00,6,40.1003152,-75.2402115
eursta,European Starling,Sturnus vulgaris,L3041917,Dixon Meadow Preserve,2026-06-19 10:40:00,10,40.1003152,-75.2402115
amerob,American Robin,Turdus migratorius,L3041917,Dixon Meadow Preserve,2026-06-19 10:40:00,10,40.1003152,-75.2402115
orcori,Orchard Oriole,Icterus spurius,L3041917,Dixon Meadow Preserve,2026-06-19 10:40:00,1,40.1003152,-75.2402115
carwre,Carolina Wren,Thryothorus ludovicianus,L3041917,Dixon Meadow Preserve,2026-06-19 05:51:00,1,40.1003152,-75.2402115
houspa,House Sparrow,Passer domesticus,L3041917,Dixon Meadow Preserve,2026-06-19 05:51:00,1,40.1003152,-75.2402115
comyel,Common Yellowthroat,Geothlypis trichas,L3041917,Dixon Meadow Preserve,2026-06-19 05:51:00,1,40.1003152,-75.2402115
norcar,Northern Cardinal,Cardinalis cardinalis,L3041917,Dixon Meadow Preserve,2026-06-19 05:51:00,2,40.1003152,-75.2402115
wooduc,Wood Duck,Aix sponsa,L3041917,Dixon Meadow Preserve,2026-06-20 06:01:00,1,40.1003152,-75.2402115
moudov,Mourning Dove,Zenaida macroura,L3041917,Dixon Meadow Preserve,2026-06-20 06:01:00,7,40.1003152,-75.2402115
chiswi,Chimney Swift,Chaetura pelagica,L3041917,Dixon Meadow Preserve,2026-06-20 06:01:00,1,40.1003152,-75.2402115
norfli,Northern Flicker,Colaptes auratus,L3041917,Dixon Meadow Preserve,2026-06-20 06:01:00,1,40.1003152,-75.2402115
amekes,American Kestrel,Falco sparverius,L3041917,Dixon Meadow Preserve,2026-06-20 06:01:00,1,40.1003152,-75.2402115
wilfly,Willow Flycatcher,Empidonax traillii,L3041917,Dixon Meadow Preserve,2026-06-20 06:01:00,2,40.1003152,-75.2402115
easkin,Eastern Kingbird,Tyrannus tyrannus,L3041917,Dixon Meadow Preserve,2026-06-20 06:01:00,2,40.1003152,-75.2402115
treswa,Tree Swallow,Tachycineta bicolor,L3041917,Dixon Meadow Preserve,2026-06-20 06:01:00,12,40.1003152,-75.2402115
houwre,Northern House Wren,Troglodytes aedon,L3041917,Dixon Meadow Preserve,2026-06-20 06:01:00,1,40.1003152,-75.2402115
carwre,Carolina Wren,Thryothorus ludovicianus,L3041917,Dixon Meadow Preserve,2026-06-20 06:01:00,1,40.1003152,-75.2402115
normoc,Northern Mockingbird,Mimus polyglottos,L3041917,Dixon Meadow Preserve,2026-06-20 06:01:00,2,40.1003152,-75.2402115
amerob,American Robin,Turdus migratorius,L3041917,Dixon Meadow Preserve,2026-06-20 06:01:00,16,40.1003152,-75.2402115
cedwax,Cedar Waxwing,Bombycilla cedrorum,L3041917,Dixon Meadow Preserve,2026-06-20 06:01:00,2,40.1003152,-75.2402115
houspa,House Sparrow,Passer domesticus,L3041917,Dixon Meadow Preserve,2026-06-20 06:01:00,3,40.1003152,-75.2402115
houfin,House Finch,Haemorhous mexicanus,L3041917,Dixon Meadow Preserve,2026-06-20 06:01:00,9,40.1003152,-75.2402115
amegfi,American Goldfinch,Spinus tristis,L3041917,Dixon Meadow Preserve,2026-06-20 06:01:00,7,40.1003152,-75.2402115
sonspa,Song Sparrow,Melospiza melodia,L3041917,Dixon Meadow Preserve,2026-06-20 06:01:00,11,40.1003152,-75.2402115
rewbla,Red-winged Blackbird,Agelaius phoeniceus,L3041917,Dixon Meadow Preserve,2026-06-20 06:01:00,16,40.1003152,-75.2402115
bnhcow,Brown-headed Cowbird,Molothrus ater,L3041917,Dixon Meadow Preserve,2026-06-20 06:01:00,11,40.1003152,-75.2402115
norcar,Northern Cardinal,Cardinalis cardinalis,L3041917,Dixon Meadow Preserve,2026-06-20 06:01:00,2,40.1003152,-75.2402115
mallar3,Mallard,Anas platyrhynchos,L3041917,Dixon Meadow Preserve,2026-06-21 17:45:00,3,40.1003152,-75.2402115
treswa,Tree Swallow,Tachycineta bicolor,L3041917,Dixon Meadow Preserve,2026-06-21 17:45:00,8,40.1003152,-75.2402115
normoc,Northern Mockingbird,Mimus polyglottos,L3041917,Dixon Meadow Preserve,2026-06-21 17:45:00,3,40.1003152,-75.2402115
easblu,Eastern Bluebird,Sialia sialis,L3041917,Dixon Meadow Preserve,2026-06-21 17:45:00,1,40.1003152,-75.2402115
amerob,American Robin,Turdus migratorius,L3041917,Dixon Meadow Preserve,2026-06-21 17:45:00,5,40.1003152,-75.2402115
houfin,House Finch,Haemorhous mexicanus,L3041917,Dixon Meadow Preserve,2026-06-21 17:45:00,3,40.1003152,-75.2402115
amegfi,American Goldfinch,Spinus tristis,L3041917,Dixon Meadow Preserve,2026-06-21 17:45:00,1,40.1003152,-75.2402115
rewbla,Red-winged Blackbird,Agelaius phoeniceus,L3041917,Dixon Meadow Preserve,2026-06-21 17:45:00,7,40.1003152,-75.2402115
mallar3,Mallard,Anas platyrhynchos,L3041917,Dixon Meadow Preserve,2026-06-23 06:49:00,3,40.1003152,-75.2402115
moudov,Mourning Dove,Zenaida macroura,L3041917,Dixon Meadow Preserve,2026-06-23 06:49:00,1,40.1003152,-75.2402115
chiswi,Chimney Swift,Chaetura pelagica,L3041917,Dixon Meadow Preserve,2026-06-23 06:49:00,1,40.1003152,-75.2402115
wilfly,Willow Flycatcher,Empidonax traillii,L3041917,Dixon Meadow Preserve,2026-06-23 06:49:00,2,40.1003152,-75.2402115
treswa,Tree Swallow,Tachycineta bicolor,L3041917,Dixon Meadow Preserve,2026-06-23 06:49:00,3,40.1003152,-75.2402115
eursta,European Starling,Sturnus vulgaris,L3041917,Dixon Meadow Preserve,2026-06-23 06:49:00,33,40.1003152,-75.2402115
normoc,Northern Mockingbird,Mimus polyglottos,L3041917,Dixon Meadow Preserve,2026-06-23 06:49:00,3,40.1003152,-75.2402115
amerob,American Robin,Turdus migratorius,L3041917,Dixon Meadow Preserve,2026-06-23 06:49:00,5,40.1003152,-75.2402115
houspa,House Sparrow,Passer domesticus,L3041917,Dixon Meadow Preserve,2026-06-23 06:49:00,2,40.1003152,-75.2402115
houfin,House Finch,Haemorhous mexicanus,L3041917,Dixon Meadow Preserve,2026-06-23 06:49:00,6,40.1003152,-75.2402115
amegfi,American Goldfinch,Spinus tristis,L3041917,Dixon Meadow Preserve,2026-06-23 06:49:00,7,40.1003152,-75.2402115
sonspa,Song Sparrow,Melospiza melodia,L3041917,Dixon Meadow Preserve,2026-06-23 06:49:00,4,40.1003152,-75.2402115
orcori,Orchard Oriole,Icterus spurius,L3041917,Dixon Meadow Preserve,2026-06-23 06:49:00,1,40.1003152,-75.2402115
rewbla,Red-winged Blackbird,Agelaius phoeniceus,L3041917,Dixon Meadow Preserve,2026-06-23 06:49:00,11,40.1003152,-75.2402115
bnhcow,Brown-headed Cowbird,Molothrus ater,L3041917,Dixon Meadow Preserve,2026-06-23 06:49:00,6,40.1003152,-75.2402115
norcar,Northern Cardinal,Cardinalis cardinalis,L3041917,Dixon Meadow Preserve,2026-06-23 06:49:00,1,40.1003152,-75.2402115
moudov,Mourning Dove,Zenaida macroura,L3041917,Dixon Meadow Preserve,2026-06-24 19:31:00,3,40.1003152,-75.2402115
treswa,Tree Swallow,Tachycineta bicolor,L3041917,Dixon Meadow Preserve,2026-06-24 19:31:00,5,40.1003152,-75.2402115
normoc,Northern Mockingbird,Mimus polyglottos,L3041917,Dixon Meadow Preserve,2026-06-24 19:31:00,1,40.1003152,-75.2402115
amegfi,American Goldfinch,Spinus tristis,L3041917,Dixon Meadow Preserve,2026-06-24 19:31:00,6,40.1003152,-75.2402115
rewbla,Red-winged Blackbird,Agelaius phoeniceus,L3041917,Dixon Meadow Preserve,2026-06-24 19:31:00,9,40.1003152,-75.2402115
norcar,Northern Cardinal,Cardinalis cardinalis,L3041917,Dixon Meadow Preserve,2026-06-24 19:31:00,1,40.1003152,-75.2402115
norfli,Northern Flicker,Colaptes auratus,L3041917,Dixon Meadow Preserve,2026-06-24 12:22:00,2,40.1003152,-75.2402115
easpho,Eastern Phoebe,Sayornis phoebe,L3041917,Dixon Meadow Preserve,2026-06-24 12:22:00,1,40.1003152,-75.2402115
houfin,House Finch,Haemorhous mexicanus,L3041917,Dixon Meadow Preserve,2026-06-24 12:22:00,2,40.1003152,-75.2402115
sonspa,Song Sparrow,Melospiza melodia,L3041917,Dixon Meadow Preserve,2026-06-24 12:22:00,8,40.1003152,-75.2402115
moudov,Mourning Dove,Zenaida macroura,L3041917,Dixon Meadow Preserve,2026-06-25 16:00:00,12,40.1003152,-75.2402115
chiswi,Chimney Swift,Chaetura pelagica,L3041917,Dixon Meadow Preserve,2026-06-25 16:00:00,15,40.1003152,-75.2402115
turvul,Turkey Vulture,Cathartes aura,L3041917,Dixon Meadow Preserve,2026-06-25 16:00:00,6,40.1003152,-75.2402115
rethaw,Red-tailed Hawk,Buteo jamaicensis,L3041917,Dixon Meadow Preserve,2026-06-25 16:00:00,2,40.1003152,-75.2402115
norfli,Northern Flicker,Colaptes auratus,L3041917,Dixon Meadow Preserve,2026-06-25 16:00:00,3,40.1003152,-75.2402115
amekes,American Kestrel,Falco sparverius,L3041917,Dixon Meadow Preserve,2026-06-25 16:00:00,4,40.1003152,-75.2402115
wilfly,Willow Flycatcher,Empidonax traillii,L3041917,Dixon Meadow Preserve,2026-06-25 16:00:00,2,40.1003152,-75.2402115
grcfly,Great Crested Flycatcher,Myiarchus crinitus,L3041917,Dixon Meadow Preserve,2026-06-25 16:00:00,1,40.1003152,-75.2402115
easkin,Eastern Kingbird,Tyrannus tyrannus,L3041917,Dixon Meadow Preserve,2026-06-25 16:00:00,1,40.1003152,-75.2402115
amecro,American Crow,Corvus brachyrhynchos,L3041917,Dixon Meadow Preserve,2026-06-25 16:00:00,4,40.1003152,-75.2402115
fiscro,Fish Crow,Corvus ossifragus,L3041917,Dixon Meadow Preserve,2026-06-25 16:00:00,1,40.1003152,-75.2402115
nrwswa,Northern Rough-winged Swallow,Stelgidopteryx serripennis,L3041917,Dixon Meadow Preserve,2026-06-25 16:00:00,4,40.1003152,-75.2402115
houwre,Northern House Wren,Troglodytes aedon,L3041917,Dixon Meadow Preserve,2026-06-25 16:00:00,4,40.1003152,-75.2402115
grycat,Gray Catbird,Dumetella carolinensis,L3041917,Dixon Meadow Preserve,2026-06-25 16:00:00,2,40.1003152,-75.2402115
normoc,Northern Mockingbird,Mimus polyglottos,L3041917,Dixon Meadow Preserve,2026-06-25 16:00:00,6,40.1003152,-75.2402115
amerob,American Robin,Turdus migratorius,L3041917,Dixon Meadow Preserve,2026-06-25 16:00:00,10,40.1003152,-75.2402115
cedwax,Cedar Waxwing,Bombycilla cedrorum,L3041917,Dixon Meadow Preserve,2026-06-25 16:00:00,4,40.1003152,-75.2402115
houfin,House Finch,Haemorhous mexicanus,L3041917,Dixon Meadow Preserve,2026-06-25 16:00:00,15,40.1003152,-75.2402115
amegfi,American Goldfinch,Spinus tristis,L3041917,Dixon Meadow Preserve,2026-06-25 16:00:00,10,40.1003152,-75.2402115
chispa,Chipping Sparrow,Spizella passerina,L3041917,Dixon Meadow Preserve,2026-06-25 16:00:00,1,40.1003152,-75.2402115
sonspa,Song Sparrow,Melospiza melodia,L3041917,Dixon Meadow Preserve,2026-06-25 16:00:00,12,40.1003152,-75.2402115
orcori,Orchard Oriole,Icterus spurius,L3041917,Dixon Meadow Preserve,2026-06-25 16:00:00,1,40.1003152,-75.2402115
rewbla,Red-winged Blackbird,Agelaius phoeniceus,L3041917,Dixon Meadow Preserve,2026-06-25 16:00:00,12,40.1003152,-75.2402115
bnhcow,Brown-headed Cowbird,Molothrus ater,L3041917,Dixon Meadow Preserve,2026-06-25 16:00:00,1,40.1003152,-75.2402115
comyel,Common Yellowthroat,Geothlypis trichas,L3041917,Dixon Meadow Preserve,2026-06-25 16:00:00,4,40.1003152,-75.2402115
mallar3,Mallard,Anas platyrhynchos,L3041917,Dixon Meadow Preserve,2026-06-26 08:46:00,2,40.1003152,-75.2402115
moudov,Mourning Dove,Zenaida macroura,L3041917,Dixon Meadow Preserve,2026-06-26 08:46:00,6,40.1003152,-75.2402115
chiswi,Chimney Swift,Chaetura pelagica,L3041917,Dixon Meadow Preserve,2026-06-26 08:46:00,1,40.1003152,-75.2402115
coohaw,Cooper's Hawk,Astur cooperii,L3041917,Dixon Meadow Preserve,2026-06-26 08:46:00,1,40.1003152,-75.2402115
amekes,American Kestrel,Falco sparverius,L3041917,Dixon Meadow Preserve,2026-06-26 08:46:00,1,40.1003152,-75.2402115
wilfly,Willow Flycatcher,Empidonax traillii,L3041917,Dixon Meadow Preserve,2026-06-26 08:46:00,1,40.1003152,-75.2402115
easkin,Eastern Kingbird,Tyrannus tyrannus,L3041917,Dixon Meadow Preserve,2026-06-26 08:46:00,1,40.1003152,-75.2402115
tuftit,Tufted Titmouse,Baeolophus bicolor,L3041917,Dixon Meadow Preserve,2026-06-26 08:46:00,1,40.1003152,-75.2402115
treswa,Tree Swallow,Tachycineta bicolor,L3041917,Dixon Meadow Preserve,2026-06-26 08:46:00,8,40.1003152,-75.2402115
barswa,Barn Swallow,Hirundo rustica,L3041917,Dixon Meadow Preserve,2026-06-26 08:46:00,2,40.1003152,-75.2402115
carwre,Carolina Wren,Thryothorus ludovicianus,L3041917,Dixon Meadow Preserve,2026-06-26 08:46:00,1,40.1003152,-75.2402115
normoc,Northern Mockingbird,Mimus polyglottos,L3041917,Dixon Meadow Preserve,2026-06-26 08:46:00,5,40.1003152,-75.2402115
amerob,American Robin,Turdus migratorius,L3041917,Dixon Meadow Preserve,2026-06-26 08:46:00,8,40.1003152,-75.2402115
houfin,House Finch,Haemorhous mexicanus,L3041917,Dixon Meadow Preserve,2026-06-26 08:46:00,9,40.1003152,-75.2402115
amegfi,American Goldfinch,Spinus tristis,L3041917,Dixon Meadow Preserve,2026-06-26 08:46:00,5,40.1003152,-75.2402115
sonspa,Song Sparrow,Melospiza melodia,L3041917,Dixon Meadow Preserve,2026-06-26 08:46:00,11,40.1003152,-75.2402115
rewbla,Red-winged Blackbird,Agelaius phoeniceus,L3041917,Dixon Meadow Preserve,2026-06-26 08:46:00,20,40.1003152,-75.2402115
bnhcow,Brown-headed Cowbird,Molothrus ater,L3041917,Dixon Meadow Preserve,2026-06-26 08:46:00,4,40.1003152,-75.2402115
norcar,Northern Cardinal,Cardinalis cardinalis,L3041917,Dixon Meadow Preserve,2026-06-26 08:46:00,1,40.1003152,-75.2402115
moudov,Mourning Dove,Zenaida macroura,L3041917,Dixon Meadow Preserve,2026-06-27 16:09:00,3,40.1003152,-75.2402115
norfli,Northern Flicker,Colaptes auratus,L3041917,Dixon Meadow Preserve,2026-06-27 16:09:00,1,40.1003152,-75.2402115
wilfly,Willow Flycatcher,Empidonax traillii,L3041917,Dixon Meadow Preserve,2026-06-27 16:09:00,1,40.1003152,-75.2402115
treswa,Tree Swallow,Tachycineta bicolor,L3041917,Dixon Meadow Preserve,2026-06-27 16:09:00,4,40.1003152,-75.2402115
nrwswa,Northern Rough-winged Swallow,Stelgidopteryx serripennis,L3041917,Dixon Meadow Preserve,2026-06-27 16:09:00,6,40.1003152,-75.2402115
barswa,Barn Swallow,Hirundo rustica,L3041917,Dixon Meadow Preserve,2026-06-27 16:09:00,6,40.1003152,-75.2402115
eursta,European Starling,Sturnus vulgaris,L3041917,Dixon Meadow Preserve,2026-06-27 16:09:00,4,40.1003152,-75.2402115
grycat,Gray Catbird,Dumetella carolinensis,L3041917,Dixon Meadow Preserve,2026-06-27 16:09:00,2,40.1003152,-75.2402115
normoc,Northern Mockingbird,Mimus polyglottos,L3041917,Dixon Meadow Preserve,2026-06-27 16:09:00,2,40.1003152,-75.2402115
amerob,American Robin,Turdus migratorius,L3041917,Dixon Meadow Preserve,2026-06-27 16:09:00,3,40.1003152,-75.2402115
houspa,House Sparrow,Passer domesticus,L3041917,Dixon Meadow Preserve,2026-06-27 16:09:00,3,40.1003152,-75.2402115
houfin,House Finch,Haemorhous mexicanus,L3041917,Dixon Meadow Preserve,2026-06-27 16:09:00,4,40.1003152,-75.2402115
amegfi,American Goldfinch,Spinus tristis,L3041917,Dixon Meadow Preserve,2026-06-27 16:09:00,2,40.1003152,-75.2402115
sonspa,Song Sparrow,Melospiza melodia,L3041917,Dixon Meadow Preserve,2026-06-27 16:09:00,2,40.1003152,-75.2402115
rewbla,Red-winged Blackbird,Agelaius phoeniceus,L3041917,Dixon Meadow Preserve,2026-06-27 16:09:00,3,40.1003152,-75.2402115
blugrb1,Blue Grosbeak,Passerina caerulea,L3041917,Dixon Meadow Preserve,2026-06-27 09:38:00,1,40.1003152,-75.2402115
moudov,Mourning Dove,Zenaida macroura,L3041917,Dixon Meadow Preserve,2026-06-28 09:33:00,6,40.1003152,-75.2402115
chiswi,Chimney Swift,Chaetura pelagica,L3041917,Dixon Meadow Preserve,2026-06-28 09:33:00,1,40.1003152,-75.2402115
wilfly,Willow Flycatcher,Empidonax traillii,L3041917,Dixon Meadow Preserve,2026-06-28 09:33:00,2,40.1003152,-75.2402115
easkin,Eastern Kingbird,Tyrannus tyrannus,L3041917,Dixon Meadow Preserve,2026-06-28 09:33:00,1,40.1003152,-75.2402115
treswa,Tree Swallow,Tachycineta bicolor,L3041917,Dixon Meadow Preserve,2026-06-28 09:33:00,7,40.1003152,-75.2402115
barswa,Barn Swallow,Hirundo rustica,L3041917,Dixon Meadow Preserve,2026-06-28 09:33:00,3,40.1003152,-75.2402115
normoc,Northern Mockingbird,Mimus polyglottos,L3041917,Dixon Meadow Preserve,2026-06-28 09:33:00,5,40.1003152,-75.2402115
amerob,American Robin,Turdus migratorius,L3041917,Dixon Meadow Preserve,2026-06-28 09:33:00,3,40.1003152,-75.2402115
houspa,House Sparrow,Passer domesticus,L3041917,Dixon Meadow Preserve,2026-06-28 09:33:00,1,40.1003152,-75.2402115
amegfi,American Goldfinch,Spinus tristis,L3041917,Dixon Meadow Preserve,2026-06-28 09:33:00,1,40.1003152,-75.2402115
chispa,Chipping Sparrow,Spizella passerina,L3041917,Dixon Meadow Preserve,2026-06-28 09:33:00,1,40.1003152,-75.2402115
sonspa,Song Sparrow,Melospiza melodia,L3041917,Dixon Meadow Preserve,2026-06-28 09:33:00,5,40.1003152,-75.2402115
rewbla,Red-winged Blackbird,Agelaius phoeniceus,L3041917,Dixon Meadow Preserve,2026-06-28 09:33:00,9,40.1003152,-75.2402115
norcar,Northern Cardinal,Cardinalis cardinalis,L3041917,Dixon Meadow Preserve,2026-06-28 09:33:00,1,40.1003152,-75.2402115
mallar3,Mallard,Anas platyrhynchos,L3041917,Dixon Meadow Preserve,2026-06-29 14:37:00,2,40.1003152,-75.2402115
moudov,Mourning Dove,Zenaida macroura,L3041917,Dixon Meadow Preserve,2026-06-29 14:37:00,2,40.1003152,-75.2402115
norfli,Northern Flicker,Colaptes auratus,L3041917,Dixon Meadow Preserve,2026-06-29 14:37:00,2,40.1003152,-75.2402115
blujay,Blue Jay,Cyanocitta cristata,L3041917,Dixon Meadow Preserve,2026-06-29 14:37:00,1,40.1003152,-75.2402115
tuftit,Tufted Titmouse,Baeolophus bicolor,L3041917,Dixon Meadow Preserve,2026-06-29 14:37:00,1,40.1003152,-75.2402115
nrwswa,Northern Rough-winged Swallow,Stelgidopteryx serripennis,L3041917,Dixon Meadow Preserve,2026-06-29 14:37:00,2,40.1003152,-75.2402115
carwre,Carolina Wren,Thryothorus ludovicianus,L3041917,Dixon Meadow Preserve,2026-06-29 14:37:00,1,40.1003152,-75.2402115
eursta,European Starling,Sturnus vulgaris,L3041917,Dixon Meadow Preserve,2026-06-29 14:37:00,5,40.1003152,-75.2402115
normoc,Northern Mockingbird,Mimus polyglottos,L3041917,Dixon Meadow Preserve,2026-06-29 14:37:00,3,40.1003152,-75.2402115
amerob,American Robin,Turdus migratorius,L3041917,Dixon Meadow Preserve,2026-06-29 14:37:00,4,40.1003152,-75.2402115
houspa,House Sparrow,Passer domesticus,L3041917,Dixon Meadow Preserve,2026-06-29 14:37:00,3,40.1003152,-75.2402115
houfin,House Finch,Haemorhous mexicanus,L3041917,Dixon Meadow Preserve,2026-06-29 14:37:00,3,40.1003152,-75.2402115
amegfi,American Goldfinch,Spinus tristis,L3041917,Dixon Meadow Preserve,2026-06-29 14:37:00,2,40.1003152,-75.2402115
sonspa,Song Sparrow,Melospiza melodia,L3041917,Dixon Meadow Preserve,2026-06-29 14:37:00,3,40.1003152,-75.2402115
rewbla,Red-winged Blackbird,Agelaius phoeniceus,L3041917,Dixon Meadow Preserve,2026-06-29 14:37:00,6,40.1003152,-75.2402115
comgra,Common Grackle,Quiscalus quiscula,L3041917,Dixon Meadow Preserve,2026-06-29 14:37:00,4,40.1003152,-75.2402115
norcar,Northern Cardinal,Cardinalis cardinalis,L3041917,Dixon Meadow Preserve,2026-06-29 14:37:00,1,40.1003152,-75.2402115
blugrb1,Blue Grosbeak,Passerina caerulea,L3041917,Dixon Meadow Preserve,2026-06-29 14:37:00,1,40.1003152,-75.2402115
wilfly,Willow Flycatcher,Empidonax traillii,L3041917,Dixon Meadow Preserve,2026-06-29 06:26:00,3,40.1003152,-75.2402115
easkin,Eastern Kingbird,Tyrannus tyrannus,L3041917,Dixon Meadow Preserve,2026-06-29 06:26:00,1,40.1003152,-75.2402115
treswa,Tree Swallow,Tachycineta bicolor,L3041917,Dixon Meadow Preserve,2026-06-29 06:26:00,4,40.1003152,-75.2402115
houwre,Northern House Wren,Troglodytes aedon,L3041917,Dixon Meadow Preserve,2026-06-29 06:26:00,1,40.1003152,-75.2402115
bnhcow,Brown-headed Cowbird,Molothrus ater,L3041917,Dixon Meadow Preserve,2026-06-29 06:26:00,3,40.1003152,-75.2402115
amecro,American Crow,Corvus brachyrhynchos,L3041917,Dixon Meadow Preserve,2026-06-29 06:21:00,1,40.1003152,-75.2402115
barswa,Barn Swallow,Hirundo rustica,L3041917,Dixon Meadow Preserve,2026-06-29 06:21:00,4,40.1003152,-75.2402115
orcori,Orchard Oriole,Icterus spurius,L3041917,Dixon Meadow Preserve,2026-06-29 06:21:00,1,40.1003152,-75.2402115
comyel,Common Yellowthroat,Geothlypis trichas,L3041917,Dixon Meadow Preserve,2026-06-29 06:21:00,1,40.1003152,-75.2402115
chiswi,Chimney Swift,Chaetura pelagica,L504403,John Heinz NWR--impoundment (Philadelphia Co.),2026-06-01 17:39:00,2,39.8893501,-75.2601457
osprey,Osprey,Pandion haliaetus,L504403,John Heinz NWR--impoundment (Philadelphia Co.),2026-06-01 17:39:00,1,39.8893501,-75.2601457
treswa,Tree Swallow,Tachycineta bicolor,L504403,John Heinz NWR--impoundment (Philadelphia Co.),2026-06-01 17:39:00,1,39.8893501,-75.2601457
nrwswa,Northern Rough-winged Swallow,Stelgidopteryx serripennis,L504403,John Heinz NWR--impoundment (Philadelphia Co.),2026-06-01 17:39:00,1,39.8893501,-75.2601457
barswa,Barn Swallow,Hirundo rustica,L504403,John Heinz NWR--impoundment (Philadelphia Co.),2026-06-01 17:39:00,9,39.8893501,-75.2601457
grycat,Gray Catbird,Dumetella carolinensis,L504403,John Heinz NWR--impoundment (Philadelphia Co.),2026-06-01 17:39:00,6,39.8893501,-75.2601457
amerob,American Robin,Turdus migratorius,L504403,John Heinz NWR--impoundment (Philadelphia Co.),2026-06-01 17:39:00,6,39.8893501,-75.2601457
sonspa,Song Sparrow,Melospiza melodia,L504403,John Heinz NWR--impoundment (Philadelphia Co.),2026-06-01 17:39:00,1,39.8893501,-75.2601457
eastow,Eastern Towhee,Pipilo erythrophthalmus,L504403,John Heinz NWR--impoundment (Philadelphia Co.),2026-06-01 17:39:00,1,39.8893501,-75.2601457
rewbla,Red-winged Blackbird,Agelaius phoeniceus,L504403,John Heinz NWR--impoundment (Philadelphia Co.),2026-06-01 17:39:00,12,39.8893501,-75.2601457
comgra,Common Grackle,Quiscalus quiscula,L504403,John Heinz NWR--impoundment (Philadelphia Co.),2026-06-01 17:39:00,1,39.8893501,-75.2601457
comyel,Common Yellowthroat,Geothlypis trichas,L504403,John Heinz NWR--impoundment (Philadelphia Co.),2026-06-01 17:39:00,1,39.8893501,-75.2601457
yelwar1,Northern Yellow Warbler,Setophaga aestiva,L504403,John Heinz NWR--impoundment (Philadelphia Co.),2026-06-01 17:39:00,2,39.8893501,-75.2601457
norcar,Northern Cardinal,Cardinalis cardinalis,L504403,John Heinz NWR--impoundment (Philadelphia Co.),2026-06-01 17:39:00,1,39.8893501,-75.2601457
cangoo,Canada Goose,Branta canadensis,L504403,John Heinz NWR--impoundment (Philadelphia Co.),2026-06-01 07:43:00,10,39.8893501,-75.2601457
moudov,Mourning Dove,Zenaida macroura,L504403,John Heinz NWR--impoundment (Philadelphia Co.),2026-06-01 07:43:00,3,39.8893501,-75.2601457
norfli,Northern Flicker,Colaptes auratus,L504403,John Heinz NWR--impoundment (Philadelphia Co.),2026-06-01 07:43:00,1,39.8893501,-75.2601457
wilfly,Willow Flycatcher,Empidonax traillii,L504403,John Heinz NWR--impoundment (Philadelphia Co.),2026-06-01 07:43:00,1,39.8893501,-75.2601457
tuftit,Tufted Titmouse,Baeolophus bicolor,L504403,John Heinz NWR--impoundment (Philadelphia Co.),2026-06-01 07:43:00,4,39.8893501,-75.2601457
houwre,Northern House Wren,Troglodytes aedon,L504403,John Heinz NWR--impoundment (Philadelphia Co.),2026-06-01 07:43:00,1,39.8893501,-75.2601457
woothr,Wood Thrush,Hylocichla mustelina,L504403,John Heinz NWR--impoundment (Philadelphia Co.),2026-06-01 07:43:00,1,39.8893501,-75.2601457
cedwax,Cedar Waxwing,Bombycilla cedrorum,L504403,John Heinz NWR--impoundment (Philadelphia Co.),2026-06-01 07:43:00,2,39.8893501,-75.2601457
amered,American Redstart,Setophaga ruticilla,L504403,John Heinz NWR--impoundment (Philadelphia Co.),2026-06-01 07:43:00,1,39.8893501,-75.2601457
grcfly,Great Crested Flycatcher,Myiarchus crinitus,L504403,John Heinz NWR--impoundment (Philadelphia Co.),2026-06-01 07:13:00,1,39.8893501,-75.2601457
reevir1,Red-eyed Vireo,Vireo olivaceus,L504403,John Heinz NWR--impoundment (Philadelphia Co.),2026-06-01 07:13:00,2,39.8893501,-75.2601457
amecro,American Crow,Corvus brachyrhynchos,L504403,John Heinz NWR--impoundment (Philadelphia Co.),2026-06-01 07:13:00,2,39.8893501,-75.2601457
carchi,Carolina Chickadee,Poecile carolinensis,L504403,John Heinz NWR--impoundment (Philadelphia Co.),2026-06-01 07:13:00,3,39.8893501,-75.2601457
carwre,Carolina Wren,Thryothorus ludovicianus,L504403,John Heinz NWR--impoundment (Philadelphia Co.),2026-06-01 07:13:00,2,39.8893501,-75.2601457
eursta,European Starling,Sturnus vulgaris,L504403,John Heinz NWR--impoundment (Philadelphia Co.),2026-06-01 07:13:00,3,39.8893501,-75.2601457
balori,Baltimore Oriole,Icterus galbula,L504403,John Heinz NWR--impoundment (Philadelphia Co.),2026-06-01 07:13:00,2,39.8893501,-75.2601457
moudov,Mourning Dove,Zenaida macroura,L504403,John Heinz NWR--impoundment (Philadelphia Co.),2026-06-02 09:41:00,2,39.8893501,-75.2601457
greegr,Great Egret,Ardea alba,L504403,John Heinz NWR--impoundment (Philadelphia Co.),2026-06-02 09:41:00,1,39.8893501,-75.2601457
osprey,Osprey,Pandion haliaetus,L504403,John Heinz NWR--impoundment (Philadelphia Co.),2026-06-02 09:41:00,1,39.8893501,-75.2601457
haiwoo,Hairy Woodpecker,Leuconotopicus villosus,L504403,John Heinz NWR--impoundment (Philadelphia Co.),2026-06-02 09:41:00,1,39.8893501,-75.2601457
norfli,Northern Flicker,Colaptes auratus,L504403,John Heinz NWR--impoundment (Philadelphia Co.),2026-06-02 09:41:00,1,39.8893501,-75.2601457
reevir1,Red-eyed Vireo,Vireo olivaceus,L504403,John Heinz NWR--impoundment (Philadelphia Co.),2026-06-02 09:41:00,1,39.8893501,-75.2601457
tuftit,Tufted Titmouse,Baeolophus bicolor,L504403,John Heinz NWR--impoundment (Philadelphia Co.),2026-06-02 09:41:00,2,39.8893501,-75.2601457
buggna,Blue-gray Gnatcatcher,Polioptila caerulea,L504403,John Heinz NWR--impoundment (Philadelphia Co.),2026-06-02 09:41:00,3,39.8893501,-75.2601457
carwre,Carolina Wren,Thryothorus ludovicianus,L504403,John Heinz NWR--impoundment (Philadelphia Co.),2026-06-02 09:41:00,1,39.8893501,-75.2601457
woothr,Wood Thrush,Hylocichla mustelina,L504403,John Heinz NWR--impoundment (Philadelphia Co.),2026-06-02 09:41:00,2,39.8893501,-75.2601457
sonspa,Song Sparrow,Melospiza melodia,L504403,John Heinz NWR--impoundment (Philadelphia Co.),2026-06-02 09:41:00,1,39.8893501,-75.2601457
balori,Baltimore Oriole,Icterus galbula,L504403,John Heinz NWR--impoundment (Philadelphia Co.),2026-06-02 09:41:00,4,39.8893501,-75.2601457
comyel,Common Yellowthroat,Geothlypis trichas,L504403,John Heinz NWR--impoundment (Philadelphia Co.),2026-06-02 09:41:00,1,39.8893501,-75.2601457
norcar,Northern Cardinal,Cardinalis cardinalis,L504403,John Heinz NWR--impoundment (Philadelphia Co.),2026-06-02 09:41:00,4,39.8893501,-75.2601457
chiswi,Chimney Swift,Chaetura pelagica,L504403,John Heinz NWR--impoundment (Philadelphia Co.),2026-06-02 09:21:00,2,39.8893501,-75.2601457
dowwoo,Downy Woodpecker,Dryobates pubescens,L504403,John Heinz NWR--impoundment (Philadelphia Co.),2026-06-02 09:21:00,1,39.8893501,-75.2601457
acafly,Acadian Flycatcher,Empidonax virescens,L504403,John Heinz NWR--impoundment (Philadelphia Co.),2026-06-02 09:21:00,1,39.8893501,-75.2601457
grcfly,Great Crested Flycatcher,Myiarchus crinitus,L504403,John Heinz NWR--impoundment (Philadelphia Co.),2026-06-02 09:21:00,2,39.8893501,-75.2601457
eawvir1,Eastern Warbling Vireo,Vireo gilvus,L504403,John Heinz NWR--impoundment (Philadelphia Co.),2026-06-02 09:21:00,1,39.8893501,-75.2601457
blujay,Blue Jay,Cyanocitta cristata,L504403,John Heinz NWR--impoundment (Philadelphia Co.),2026-06-02 09:21:00,3,39.8893501,-75.2601457
amecro,American Crow,Corvus brachyrhynchos,L504403,John Heinz NWR--impoundment (Philadelphia Co.),2026-06-02 09:21:00,2,39.8893501,-75.2601457
banswa,Bank Swallow,Riparia riparia,L504403,John Heinz NWR--impoundment (Philadelphia Co.),2026-06-02 09:21:00,7,39.8893501,-75.2601457
eursta,European Starling,Sturnus vulgaris,L504403,John Heinz NWR--impoundment (Philadelphia Co.),2026-06-02 09:21:00,6,39.8893501,-75.2601457
amegfi,American Goldfinch,Spinus tristis,L504403,John Heinz NWR--impoundment (Philadelphia Co.),2026-06-02 09:21:00,1,39.8893501,-75.2601457
bnhcow,Brown-headed Cowbird,Molothrus ater,L504403,John Heinz NWR--impoundment (Philadelphia Co.),2026-06-02 09:21:00,1,39.8893501,-75.2601457
amered,American Redstart,Setophaga ruticilla,L504403,John Heinz NWR--impoundment (Philadelphia Co.),2026-06-02 09:21:00,1,39.8893501,-75.2601457
osprey,Osprey,Pandion haliaetus,L504403,John Heinz NWR--impoundment (Philadelphia Co.),2026-06-04 16:57:00,1,39.8893501,-75.2601457
coohaw,Cooper's Hawk,Astur cooperii,L504403,John Heinz NWR--impoundment (Philadelphia Co.),2026-06-04 16:57:00,1,39.8893501,-75.2601457
rebwoo,Red-bellied Woodpecker,Melanerpes carolinus,L504403,John Heinz NWR--impoundment (Philadelphia Co.),2026-06-04 16:57:00,1,39.8893501,-75.2601457
dowwoo,Downy Woodpecker,Dryobates pubescens,L504403,John Heinz NWR--impoundment (Philadelphia Co.),2026-06-04 16:57:00,1,39.8893501,-75.2601457
norfli,Northern Flicker,Colaptes auratus,L504403,John Heinz NWR--impoundment (Philadelphia Co.),2026-06-04 16:57:00,1,39.8893501,-75.2601457
eawpew,Eastern Wood-Pewee,Contopus virens,L504403,John Heinz NWR--impoundment (Philadelphia Co.),2026-06-04 16:57:00,1,39.8893501,-75.2601457
grcfly,Great Crested Flycatcher,Myiarchus crinitus,L504403,John Heinz NWR--impoundment (Philadelphia Co.),2026-06-04 16:57:00,4,39.8893501,-75.2601457
reevir1,Red-eyed Vireo,Vireo olivaceus,L504403,John Heinz NWR--impoundment (Philadelphia Co.),2026-06-04 16:57:00,5,39.8893501,-75.2601457
blujay,Blue Jay,Cyanocitta cristata,L504403,John Heinz NWR--impoundment (Philadelphia Co.),2026-06-04 16:57:00,2,39.8893501,-75.2601457
treswa,Tree Swallow,Tachycineta bicolor,L504403,John Heinz NWR--impoundment (Philadelphia Co.),2026-06-04 16:57:00,20,39.8893501,-75.2601457
barswa,Barn Swallow,Hirundo rustica,L504403,John Heinz NWR--impoundment (Philadelphia Co.),2026-06-04 16:57:00,15,39.8893501,-75.2601457
houwre,Northern House Wren,Troglodytes aedon,L504403,John Heinz NWR--impoundment (Philadelphia Co.),2026-06-04 16:57:00,2,39.8893501,-75.2601457
carwre,Carolina Wren,Thryothorus ludovicianus,L504403,John Heinz NWR--impoundment (Philadelphia Co.),2026-06-04 16:57:00,4,39.8893501,-75.2601457
grycat,Gray Catbird,Dumetella carolinensis,L504403,John Heinz NWR--impoundment (Philadelphia Co.),2026-06-04 16:57:00,20,39.8893501,-75.2601457
amerob,American Robin,Turdus migratorius,L504403,John Heinz NWR--impoundment (Philadelphia Co.),2026-06-04 16:57:00,5,39.8893501,-75.2601457
amegfi,American Goldfinch,Spinus tristis,L504403,John Heinz NWR--impoundment (Philadelphia Co.),2026-06-04 16:57:00,2,39.8893501,-75.2601457
rewbla,Red-winged Blackbird,Agelaius phoeniceus,L504403,John Heinz NWR--impoundment (Philadelphia Co.),2026-06-04 16:57:00,12,39.8893501,-75.2601457
amered,American Redstart,Setophaga ruticilla,L504403,John Heinz NWR--impoundment (Philadelphia Co.),2026-06-04 16:57:00,1,39.8893501,-75.2601457
yelwar1,Northern Yellow Warbler,Setophaga aestiva,L504403,John Heinz NWR--impoundment (Philadelphia Co.),2026-06-04 16:57:00,1,39.8893501,-75.2601457
norcar,Northern Cardinal,Cardinalis cardinalis,L504403,John Heinz NWR--impoundment (Philadelphia Co.),2026-06-04 16:57:00,3,39.8893501,-75.2601457
cangoo,Canada Goose,Branta canadensis,L504403,John Heinz NWR--impoundment (Philadelphia Co.),2026-06-04 09:49:00,8,39.8893501,-75.2601457
mallar3,Mallard,Anas platyrhynchos,L504403,John Heinz NWR--impoundment (Philadelphia Co.),2026-06-04 09:49:00,1,39.8893501,-75.2601457
moudov,Mourning Dove,Zenaida macroura,L504403,John Heinz NWR--impoundment (Philadelphia Co.),2026-06-04 09:49:00,4,39.8893501,-75.2601457
grbher3,Great Blue Heron,Ardea herodias,L504403,John Heinz NWR--impoundment (Philadelphia Co.),2026-06-04 09:49:00,1,39.8893501,-75.2601457
turvul,Turkey Vulture,Cathartes aura,L504403,John Heinz NWR--impoundment (Philadelphia Co.),2026-06-04 09:49:00,5,39.8893501,-75.2601457
rethaw,Red-tailed Hawk,Buteo jamaicensis,L504403,John Heinz NWR--impoundment (Philadelphia Co.),2026-06-04 09:49:00,1,39.8893501,-75.2601457
acafly,Acadian Flycatcher,Empidonax virescens,L504403,John Heinz NWR--impoundment (Philadelphia Co.),2026-06-04 09:49:00,1,39.8893501,-75.2601457
wilfly,Willow Flycatcher,Empidonax traillii,L504403,John Heinz NWR--impoundment (Philadelphia Co.),2026-06-04 09:49:00,1,39.8893501,-75.2601457
eawvir1,Eastern Warbling Vireo,Vireo gilvus,L504403,John Heinz NWR--impoundment (Philadelphia Co.),2026-06-04 09:49:00,4,39.8893501,-75.2601457
amecro,American Crow,Corvus brachyrhynchos,L504403,John Heinz NWR--impoundment (Philadelphia Co.),2026-06-04 09:49:00,1,39.8893501,-75.2601457
comrav,Common Raven,Corvus corax,L504403,John Heinz NWR--impoundment (Philadelphia Co.),2026-06-04 09:49:00,1,39.8893501,-75.2601457
tuftit,Tufted Titmouse,Baeolophus bicolor,L504403,John Heinz NWR--impoundment (Philadelphia Co.),2026-06-04 09:49:00,1,39.8893501,-75.2601457
nrwswa,Northern Rough-winged Swallow,Stelgidopteryx serripennis,L504403,John Heinz NWR--impoundment (Philadelphia Co.),2026-06-04 09:49:00,7,39.8893501,-75.2601457
whbnut,White-breasted Nuthatch,Sitta carolinensis,L504403,John Heinz NWR--impoundment (Philadelphia Co.),2026-06-04 09:49:00,1,39.8893501,-75.2601457
buggna,Blue-gray Gnatcatcher,Polioptila caerulea,L504403,John Heinz NWR--impoundment (Philadelphia Co.),2026-06-04 09:49:00,4,39.8893501,-75.2601457
marwre,Marsh Wren,Cistothorus palustris,L504403,John Heinz NWR--impoundment (Philadelphia Co.),2026-06-04 09:49:00,1,39.8893501,-75.2601457
woothr,Wood Thrush,Hylocichla mustelina,L504403,John Heinz NWR--impoundment (Philadelphia Co.),2026-06-04 09:49:00,1,39.8893501,-75.2601457
cedwax,Cedar Waxwing,Bombycilla cedrorum,L504403,John Heinz NWR--impoundment (Philadelphia Co.),2026-06-04 09:49:00,5,39.8893501,-75.2601457
sonspa,Song Sparrow,Melospiza melodia,L504403,John Heinz NWR--impoundment (Philadelphia Co.),2026-06-04 09:49:00,20,39.8893501,-75.2601457
balori,Baltimore Oriole,Icterus galbula,L504403,John Heinz NWR--impoundment (Philadelphia Co.),2026-06-04 09:49:00,2,39.8893501,-75.2601457
bnhcow,Brown-headed Cowbird,Molothrus ater,L504403,John Heinz NWR--impoundment (Philadelphia Co.),2026-06-04 09:49:00,1,39.8893501,-75.2601457
comgra,Common Grackle,Quiscalus quiscula,L504403,John Heinz NWR--impoundment (Philadelphia Co.),2026-06-04 09:49:00,6,39.8893501,-75.2601457
comyel,Common Yellowthroat,Geothlypis trichas,L504403,John Heinz NWR--impoundment (Philadelphia Co.),2026-06-04 09:49:00,4,39.8893501,-75.2601457
indbun,Indigo Bunting,Passerina cyanea,L504403,John Heinz NWR--impoundment (Philadelphia Co.),2026-06-04 09:49:00,1,39.8893501,-75.2601457
rthhum,Ruby-throated Hummingbird,Archilochus colubris,L504403,John Heinz NWR--impoundment (Philadelphia Co.),2026-06-04 09:30:00,1,39.8893501,-75.2601457
killde,Killdeer,Charadrius vociferus,L504403,John Heinz NWR--impoundment (Philadelphia Co.),2026-06-04 09:30:00,2,39.8893501,-75.2601457
haiwoo,Hairy Woodpecker,Leuconotopicus villosus,L504403,John Heinz NWR--impoundment (Philadelphia Co.),2026-06-04 09:30:00,1,39.8893501,-75.2601457
eursta,European Starling,Sturnus vulgaris,L504403,John Heinz NWR--impoundment (Philadelphia Co.),2026-06-04 09:30:00,2,39.8893501,-75.2601457
normoc,Northern Mockingbird,Mimus polyglottos,L504403,John Heinz NWR--impoundment (Philadelphia Co.),2026-06-04 09:30:00,3,39.8893501,-75.2601457
orcori,Orchard Oriole,Icterus spurius,L504403,John Heinz NWR--impoundment (Philadelphia Co.),2026-06-04 09:30:00,2,39.8893501,-75.2601457
chiswi,Chimney Swift,Chaetura pelagica,L504403,John Heinz NWR--impoundment (Philadelphia Co.),2026-06-04 07:55:00,5,39.8893501,-75.2601457
doccor,Double-crested Cormorant,Nannopterum auritum,L504403,John Heinz NWR--impoundment (Philadelphia Co.),2026-06-04 07:55:00,3,39.8893501,-75.2601457
reshaw,Red-shouldered Hawk,Buteo lineatus,L504403,John Heinz NWR--impoundment (Philadelphia Co.),2026-06-04 07:55:00,1,39.8893501,-75.2601457
easkin,Eastern Kingbird,Tyrannus tyrannus,L504403,John Heinz NWR--impoundment (Philadelphia Co.),2026-06-04 07:55:00,1,39.8893501,-75.2601457
houfin,House Finch,Haemorhous mexicanus,L504403,John Heinz NWR--impoundment (Philadelphia Co.),2026-06-04 07:55:00,1,39.8893501,-75.2601457
cangoo,Canada Goose,Branta canadensis,L504403,John Heinz NWR--impoundment (Philadelphia Co.),2026-06-05 13:24:00,20,39.8893501,-75.2601457
reshaw,Red-shouldered Hawk,Buteo lineatus,L504403,John Heinz NWR--impoundment (Philadelphia Co.),2026-06-05 13:24:00,1,39.8893501,-75.2601457
wilfly,Willow Flycatcher,Empidonax traillii,L504403,John Heinz NWR--impoundment (Philadelphia Co.),2026-06-05 13:24:00,1,39.8893501,-75.2601457
eawvir1,Eastern Warbling Vireo,Vireo gilvus,L504403,John Heinz NWR--impoundment (Philadelphia Co.),2026-06-05 13:24:00,1,39.8893501,-75.2601457
tuftit,Tufted Titmouse,Baeolophus bicolor,L504403,John Heinz NWR--impoundment (Philadelphia Co.),2026-06-05 13:24:00,1,39.8893501,-75.2601457
marwre,Marsh Wren,Cistothorus palustris,L504403,John Heinz NWR--impoundment (Philadelphia Co.),2026-06-05 13:24:00,2,39.8893501,-75.2601457
grycat,Gray Catbird,Dumetella carolinensis,L504403,John Heinz NWR--impoundment (Philadelphia Co.),2026-06-05 13:24:00,20,39.8893501,-75.2601457
amerob,American Robin,Turdus migratorius,L504403,John Heinz NWR--impoundment (Philadelphia Co.),2026-06-05 13:24:00,20,39.8893501,-75.2601457
cedwax,Cedar Waxwing,Bombycilla cedrorum,L504403,John Heinz NWR--impoundment (Philadelphia Co.),2026-06-05 13:24:00,2,39.8893501,-75.2601457
amegfi,American Goldfinch,Spinus tristis,L504403,John Heinz NWR--impoundment (Philadelphia Co.),2026-06-05 13:24:00,2,39.8893501,-75.2601457
yelwar1,Northern Yellow Warbler,Setophaga aestiva,L504403,John Heinz NWR--impoundment (Philadelphia Co.),2026-06-05 13:24:00,6,39.8893501,-75.2601457
norcar,Northern Cardinal,Cardinalis cardinalis,L504403,John Heinz NWR--impoundment (Philadelphia Co.),2026-06-05 13:24:00,2,39.8893501,-75.2601457
norfli,Northern Flicker,Colaptes auratus,L504403,John Heinz NWR--impoundment (Philadelphia Co.),2026-06-06 15:21:00,1,39.8893501,-75.2601457
reevir1,Red-eyed Vireo,Vireo olivaceus,L504403,John Heinz NWR--impoundment (Philadelphia Co.),2026-06-06 15:21:00,2,39.8893501,-75.2601457
amecro,American Crow,Corvus brachyrhynchos,L504403,John Heinz NWR--impoundment (Philadelphia Co.),2026-06-06 15:21:00,2,39.8893501,-75.2601457
treswa,Tree Swallow,Tachycineta bicolor,L504403,John Heinz NWR--impoundment (Philadelphia Co.),2026-06-06 15:21:00,10,39.8893501,-75.2601457
barswa,Barn Swallow,Hirundo rustica,L504403,John Heinz NWR--impoundment (Philadelphia Co.),2026-06-06 15:21:00,2,39.8893501,-75.2601457
grycat,Gray Catbird,Dumetella carolinensis,L504403,John Heinz NWR--impoundment (Philadelphia Co.),2026-06-06 15:21:00,2,39.8893501,-75.2601457
amerob,American Robin,Turdus migratorius,L504403,John Heinz NWR--impoundment (Philadelphia Co.),2026-06-06 15:21:00,9,39.8893501,-75.2601457
amegfi,American Goldfinch,Spinus tristis,L504403,John Heinz NWR--impoundment (Philadelphia Co.),2026-06-06 15:21:00,3,39.8893501,-75.2601457
rewbla,Red-winged Blackbird,Agelaius phoeniceus,L504403,John Heinz NWR--impoundment (Philadelphia Co.),2026-06-06 15:21:00,6,39.8893501,-75.2601457
yelwar1,Northern Yellow Warbler,Setophaga aestiva,L504403,John Heinz NWR--impoundment (Philadelphia Co.),2026-06-06 15:21:00,1,39.8893501,-75.2601457
norcar,Northern Cardinal,Cardinalis cardinalis,L504403,John Heinz NWR--impoundment (Philadelphia Co.),2026-06-06 15:21:00,2,39.8893501,-75.2601457
rthhum,Ruby-throated Hummingbird,Archilochus colubris,L504403,John Heinz NWR--impoundment (Philadelphia Co.),2026-06-06 10:58:00,1,39.8893501,-75.2601457
acafly,Acadian Flycatcher,Empidonax virescens,L504403,John Heinz NWR--impoundment (Philadelphia Co.),2026-06-06 10:58:00,1,39.8893501,-75.2601457
grcfly,Great Crested Flycatcher,Myiarchus crinitus,L504403,John Heinz NWR--impoundment (Philadelphia Co.),2026-06-06 10:58:00,1,39.8893501,-75.2601457
balori,Baltimore Oriole,Icterus galbula,L504403,John Heinz NWR--impoundment (Philadelphia Co.),2026-06-06 10:58:00,1,39.8893501,-75.2601457
comgra,Common Grackle,Quiscalus quiscula,L504403,John Heinz NWR--impoundment (Philadelphia Co.),2026-06-06 10:58:00,1,39.8893501,-75.2601457
comyel,Common Yellowthroat,Geothlypis trichas,L504403,John Heinz NWR--impoundment (Philadelphia Co.),2026-06-06 10:58:00,2,39.8893501,-75.2601457
blujay,Blue Jay,Cyanocitta cristata,L504403,John Heinz NWR--impoundment (Philadelphia Co.),2026-06-06 10:35:00,1,39.8893501,-75.2601457
houwre,Northern House Wren,Troglodytes aedon,L504403,John Heinz NWR--impoundment (Philadelphia Co.),2026-06-06 10:35:00,2,39.8893501,-75.2601457
carwre,Carolina Wren,Thryothorus ludovicianus,L504403,John Heinz NWR--impoundment (Philadelphia Co.),2026-06-06 10:35:00,1,39.8893501,-75.2601457
sonspa,Song Sparrow,Melospiza melodia,L504403,John Heinz NWR--impoundment (Philadelphia Co.),2026-06-06 10:35:00,1,39.8893501,-75.2601457
indbun,Indigo Bunting,Passerina cyanea,L504403,John Heinz NWR--impoundment (Philadelphia Co.),2026-06-06 10:35:00,1,39.8893501,-75.2601457
moudov,Mourning Dove,Zenaida macroura,L504403,John Heinz NWR--impoundment (Philadelphia Co.),2026-06-06 08:16:00,1,39.8893501,-75.2601457
carchi,Carolina Chickadee,Poecile carolinensis,L504403,John Heinz NWR--impoundment (Philadelphia Co.),2026-06-06 08:16:00,1,39.8893501,-75.2601457
cangoo,Canada Goose,Branta canadensis,L504403,John Heinz NWR--impoundment (Philadelphia Co.),2026-06-06 08:05:00,45,39.8893501,-75.2601457
chiswi,Chimney Swift,Chaetura pelagica,L504403,John Heinz NWR--impoundment (Philadelphia Co.),2026-06-06 08:05:00,2,39.8893501,-75.2601457
osprey,Osprey,Pandion haliaetus,L504403,John Heinz NWR--impoundment (Philadelphia Co.),2026-06-06 08:05:00,2,39.8893501,-75.2601457
rebwoo,Red-bellied Woodpecker,Melanerpes carolinus,L504403,John Heinz NWR--impoundment (Philadelphia Co.),2026-06-06 08:05:00,1,39.8893501,-75.2601457
dowwoo,Downy Woodpecker,Dryobates pubescens,L504403,John Heinz NWR--impoundment (Philadelphia Co.),2026-06-06 08:05:00,1,39.8893501,-75.2601457
eawpew,Eastern Wood-Pewee,Contopus virens,L504403,John Heinz NWR--impoundment (Philadelphia Co.),2026-06-06 08:05:00,2,39.8893501,-75.2601457
wilfly,Willow Flycatcher,Empidonax traillii,L504403,John Heinz NWR--impoundment (Philadelphia Co.),2026-06-06 08:05:00,1,39.8893501,-75.2601457
easkin,Eastern Kingbird,Tyrannus tyrannus,L504403,John Heinz NWR--impoundment (Philadelphia Co.),2026-06-06 08:05:00,1,39.8893501,-75.2601457
eawvir1,Eastern Warbling Vireo,Vireo gilvus,L504403,John Heinz NWR--impoundment (Philadelphia Co.),2026-06-06 08:05:00,3,39.8893501,-75.2601457
fiscro,Fish Crow,Corvus ossifragus,L504403,John Heinz NWR--impoundment (Philadelphia Co.),2026-06-06 08:05:00,1,39.8893501,-75.2601457
tuftit,Tufted Titmouse,Baeolophus bicolor,L504403,John Heinz NWR--impoundment (Philadelphia Co.),2026-06-06 08:05:00,1,39.8893501,-75.2601457
purmar,Purple Martin,Progne subis,L504403,John Heinz NWR--impoundment (Philadelphia Co.),2026-06-06 08:05:00,1,39.8893501,-75.2601457
buggna,Blue-gray Gnatcatcher,Polioptila caerulea,L504403,John Heinz NWR--impoundment (Philadelphia Co.),2026-06-06 08:05:00,1,39.8893501,-75.2601457
eursta,European Starling,Sturnus vulgaris,L504403,John Heinz NWR--impoundment (Philadelphia Co.),2026-06-06 08:05:00,4,39.8893501,-75.2601457
woothr,Wood Thrush,Hylocichla mustelina,L504403,John Heinz NWR--impoundment (Philadelphia Co.),2026-06-06 08:05:00,1,39.8893501,-75.2601457
houspa,House Sparrow,Passer domesticus,L504403,John Heinz NWR--impoundment (Philadelphia Co.),2026-06-06 08:05:00,1,39.8893501,-75.2601457
houfin,House Finch,Haemorhous mexicanus,L504403,John Heinz NWR--impoundment (Philadelphia Co.),2026-06-06 08:05:00,1,39.8893501,-75.2601457
bnhcow,Brown-headed Cowbird,Molothrus ater,L504403,John Heinz NWR--impoundment (Philadelphia Co.),2026-06-06 08:05:00,1,39.8893501,-75.2601457
cangoo,Canada Goose,Branta canadensis,L504403,John Heinz NWR--impoundment (Philadelphia Co.),2026-06-07 11:33:00,46,39.8893501,-75.2601457
mallar3,Mallard,Anas platyrhynchos,L504403,John Heinz NWR--impoundment (Philadelphia Co.),2026-06-07 11:33:00,4,39.8893501,-75.2601457
rocpig,Rock Pigeon,Columba livia,L504403,John Heinz NWR--impoundment (Philadelphia Co.),2026-06-07 11:33:00,4,39.8893501,-75.2601457
moudov,Mourning Dove,Zenaida macroura,L504403,John Heinz NWR--impoundment (Philadelphia Co.),2026-06-07 11:33:00,4,39.8893501,-75.2601457
chiswi,Chimney Swift,Chaetura pelagica,L504403,John Heinz NWR--impoundment (Philadelphia Co.),2026-06-07 11:33:00,8,39.8893501,-75.2601457
rthhum,Ruby-throated Hummingbird,Archilochus colubris,L504403,John Heinz NWR--impoundment (Philadelphia Co.),2026-06-07 11:33:00,1,39.8893501,-75.2601457
killde,Killdeer,Charadrius vociferus,L504403,John Heinz NWR--impoundment (Philadelphia Co.),2026-06-07 11:33:00,1,39.8893501,-75.2601457
turvul,Turkey Vulture,Cathartes aura,L504403,John Heinz NWR--impoundment (Philadelphia Co.),2026-06-07 11:33:00,3,39.8893501,-75.2601457
osprey,Osprey,Pandion haliaetus,L504403,John Heinz NWR--impoundment (Philadelphia Co.),2026-06-07 11:33:00,1,39.8893501,-75.2601457
baleag,Bald Eagle,Haliaeetus leucocephalus,L504403,John Heinz NWR--impoundment (Philadelphia Co.),2026-06-07 11:33:00,1,39.8893501,-75.2601457
rebwoo,Red-bellied Woodpecker,Melanerpes carolinus,L504403,John Heinz NWR--impoundment (Philadelphia Co.),2026-06-07 11:33:00,3,39.8893501,-75.2601457
eawpew,Eastern Wood-Pewee,Contopus virens,L504403,John Heinz NWR--impoundment (Philadelphia Co.),2026-06-07 11:33:00,1,39.8893501,-75.2601457
acafly,Acadian Flycatcher,Empidonax virescens,L504403,John Heinz NWR--impoundment (Philadelphia Co.),2026-06-07 11:33:00,1,39.8893501,-75.2601457
wilfly,Willow Flycatcher,Empidonax traillii,L504403,John Heinz NWR--impoundment (Philadelphia Co.),2026-06-07 11:33:00,1,39.8893501,-75.2601457
grcfly,Great Crested Flycatcher,Myiarchus crinitus,L504403,John Heinz NWR--impoundment (Philadelphia Co.),2026-06-07 11:33:00,2,39.8893501,-75.2601457
easkin,Eastern Kingbird,Tyrannus tyrannus,L504403,John Heinz NWR--impoundment (Philadelphia Co.),2026-06-07 11:33:00,1,39.8893501,-75.2601457
eawvir1,Eastern Warbling Vireo,Vireo gilvus,L504403,John Heinz NWR--impoundment (Philadelphia Co.),2026-06-07 11:33:00,1,39.8893501,-75.2601457
reevir1,Red-eyed Vireo,Vireo olivaceus,L504403,John Heinz NWR--impoundment (Philadelphia Co.),2026-06-07 11:33:00,4,39.8893501,-75.2601457
amecro,American Crow,Corvus brachyrhynchos,L504403,John Heinz NWR--impoundment (Philadelphia Co.),2026-06-07 11:33:00,1,39.8893501,-75.2601457
tuftit,Tufted Titmouse,Baeolophus bicolor,L504403,John Heinz NWR--impoundment (Philadelphia Co.),2026-06-07 11:33:00,2,39.8893501,-75.2601457
treswa,Tree Swallow,Tachycineta bicolor,L504403,John Heinz NWR--impoundment (Philadelphia Co.),2026-06-07 11:33:00,42,39.8893501,-75.2601457
purmar,Purple Martin,Progne subis,L504403,John Heinz NWR--impoundment (Philadelphia Co.),2026-06-07 11:33:00,1,39.8893501,-75.2601457
nrwswa,Northern Rough-winged Swallow,Stelgidopteryx serripennis,L504403,John Heinz NWR--impoundment (Philadelphia Co.),2026-06-07 11:33:00,2,39.8893501,-75.2601457
barswa,Barn Swallow,Hirundo rustica,L504403,John Heinz NWR--impoundment (Philadelphia Co.),2026-06-07 11:33:00,32,39.8893501,-75.2601457
buggna,Blue-gray Gnatcatcher,Polioptila caerulea,L504403,John Heinz NWR--impoundment (Philadelphia Co.),2026-06-07 11:33:00,2,39.8893501,-75.2601457
houwre,Northern House Wren,Troglodytes aedon,L504403,John Heinz NWR--impoundment (Philadelphia Co.),2026-06-07 11:33:00,3,39.8893501,-75.2601457
marwre,Marsh Wren,Cistothorus palustris,L504403,John Heinz NWR--impoundment (Philadelphia Co.),2026-06-07 11:33:00,5,39.8893501,-75.2601457
carwre,Carolina Wren,Thryothorus ludovicianus,L504403,John Heinz NWR--impoundment (Philadelphia Co.),2026-06-07 11:33:00,1,39.8893501,-75.2601457
woothr,Wood Thrush,Hylocichla mustelina,L504403,John Heinz NWR--impoundment (Philadelphia Co.),2026-06-07 11:33:00,3,39.8893501,-75.2601457
amerob,American Robin,Turdus migratorius,L504403,John Heinz NWR--impoundment (Philadelphia Co.),2026-06-07 11:33:00,39,39.8893501,-75.2601457
cedwax,Cedar Waxwing,Bombycilla cedrorum,L504403,John Heinz NWR--impoundment (Philadelphia Co.),2026-06-07 11:33:00,21,39.8893501,-75.2601457
houspa,House Sparrow,Passer domesticus,L504403,John Heinz NWR--impoundment (Philadelphia Co.),2026-06-07 11:33:00,1,39.8893501,-75.2601457
houfin,House Finch,Haemorhous mexicanus,L504403,John Heinz NWR--impoundment (Philadelphia Co.),2026-06-07 11:33:00,1,39.8893501,-75.2601457
amegfi,American Goldfinch,Spinus tristis,L504403,John Heinz NWR--impoundment (Philadelphia Co.),2026-06-07 11:33:00,10,39.8893501,-75.2601457
sonspa,Song Sparrow,Melospiza melodia,L504403,John Heinz NWR--impoundment (Philadelphia Co.),2026-06-07 11:33:00,3,39.8893501,-75.2601457
orcori,Orchard Oriole,Icterus spurius,L504403,John Heinz NWR--impoundment (Philadelphia Co.),2026-06-07 11:33:00,1,39.8893501,-75.2601457
balori,Baltimore Oriole,Icterus galbula,L504403,John Heinz NWR--impoundment (Philadelphia Co.),2026-06-07 11:33:00,3,39.8893501,-75.2601457
rewbla,Red-winged Blackbird,Agelaius phoeniceus,L504403,John Heinz NWR--impoundment (Philadelphia Co.),2026-06-07 11:33:00,49,39.8893501,-75.2601457
bnhcow,Brown-headed Cowbird,Molothrus ater,L504403,John Heinz NWR--impoundment (Philadelphia Co.),2026-06-07 11:33:00,3,39.8893501,-75.2601457
comgra,Common Grackle,Quiscalus quiscula,L504403,John Heinz NWR--impoundment (Philadelphia Co.),2026-06-07 11:33:00,10,39.8893501,-75.2601457
bawwar,Black-and-white Warbler,Mniotilta varia,L504403,John Heinz NWR--impoundment (Philadelphia Co.),2026-06-07 11:33:00,1,39.8893501,-75.2601457
comyel,Common Yellowthroat,Geothlypis trichas,L504403,John Heinz NWR--impoundment (Philadelphia Co.),2026-06-07 11:33:00,4,39.8893501,-75.2601457
amered,American Redstart,Setophaga ruticilla,L504403,John Heinz NWR--impoundment (Philadelphia Co.),2026-06-07 11:33:00,4,39.8893501,-75.2601457
yelwar1,Northern Yellow Warbler,Setophaga aestiva,L504403,John Heinz NWR--impoundment (Philadelphia Co.),2026-06-07 11:33:00,14,39.8893501,-75.2601457
norcar,Northern Cardinal,Cardinalis cardinalis,L504403,John Heinz NWR--impoundment (Philadelphia Co.),2026-06-07 11:33:00,5,39.8893501,-75.2601457
norfli,Northern Flicker,Colaptes auratus,L504403,John Heinz NWR--impoundment (Philadelphia Co.),2026-06-07 09:55:00,2,39.8893501,-75.2601457
carchi,Carolina Chickadee,Poecile carolinensis,L504403,John Heinz NWR--impoundment (Philadelphia Co.),2026-06-07 09:21:00,1,39.8893501,-75.2601457
reshaw,Red-shouldered Hawk,Buteo lineatus,L504403,John Heinz NWR--impoundment (Philadelphia Co.),2026-06-07 08:05:00,1,39.8893501,-75.2601457
dowwoo,Downy Woodpecker,Dryobates pubescens,L504403,John Heinz NWR--impoundment (Philadelphia Co.),2026-06-07 08:05:00,2,39.8893501,-75.2601457
blujay,Blue Jay,Cyanocitta cristata,L504403,John Heinz NWR--impoundment (Philadelphia Co.),2026-06-07 08:05:00,1,39.8893501,-75.2601457
fiscro,Fish Crow,Corvus ossifragus,L504403,John Heinz NWR--impoundment (Philadelphia Co.),2026-06-07 08:05:00,1,39.8893501,-75.2601457
comrav,Common Raven,Corvus corax,L504403,John Heinz NWR--impoundment (Philadelphia Co.),2026-06-07 08:05:00,1,39.8893501,-75.2601457
eursta,European Starling,Sturnus vulgaris,L504403,John Heinz NWR--impoundment (Philadelphia Co.),2026-06-07 08:05:00,5,39.8893501,-75.2601457
indbun,Indigo Bunting,Passerina cyanea,L504403,John Heinz NWR--impoundment (Philadelphia Co.),2026-06-07 08:05:00,4,39.8893501,-75.2601457
ribgul,Ring-billed Gull,Larus delawarensis,L504403,John Heinz NWR--impoundment (Philadelphia Co.),2026-06-07 06:52:00,1,39.8893501,-75.2601457
chispa,Chipping Sparrow,Spizella passerina,L504403,John Heinz NWR--impoundment (Philadelphia Co.),2026-06-07 06:52:00,1,39.8893501,-75.2601457
grcfly,Great Crested Flycatcher,Myiarchus crinitus,L504403,John Heinz NWR--impoundment (Philadelphia Co.),2026-06-08 17:19:00,1,39.8893501,-75.2601457
blujay,Blue Jay,Cyanocitta cristata,L504403,John Heinz NWR--impoundment (Philadelphia Co.),2026-06-08 17:19:00,1,39.8893501,-75.2601457
amecro,American Crow,Corvus brachyrhynchos,L504403,John Heinz NWR--impoundment (Philadelphia Co.),2026-06-08 17:19:00,1,39.8893501,-75.2601457
comrav,Common Raven,Corvus corax,L504403,John Heinz NWR--impoundment (Philadelphia Co.),2026-06-08 17:19:00,1,39.8893501,-75.2601457
treswa,Tree Swallow,Tachycineta bicolor,L504403,John Heinz NWR--impoundment (Philadelphia Co.),2026-06-08 17:19:00,2,39.8893501,-75.2601457
barswa,Barn Swallow,Hirundo rustica,L504403,John Heinz NWR--impoundment (Philadelphia Co.),2026-06-08 17:19:00,3,39.8893501,-75.2601457
carwre,Carolina Wren,Thryothorus ludovicianus,L504403,John Heinz NWR--impoundment (Philadelphia Co.),2026-06-08 17:19:00,1,39.8893501,-75.2601457
grycat,Gray Catbird,Dumetella carolinensis,L504403,John Heinz NWR--impoundment (Philadelphia Co.),2026-06-08 17:19:00,2,39.8893501,-75.2601457
amerob,American Robin,Turdus migratorius,L504403,John Heinz NWR--impoundment (Philadelphia Co.),2026-06-08 17:19:00,3,39.8893501,-75.2601457
amegfi,American Goldfinch,Spinus tristis,L504403,John Heinz NWR--impoundment (Philadelphia Co.),2026-06-08 17:19:00,3,39.8893501,-75.2601457
rewbla,Red-winged Blackbird,Agelaius phoeniceus,L504403,John Heinz NWR--impoundment (Philadelphia Co.),2026-06-08 17:19:00,5,39.8893501,-75.2601457
comgra,Common Grackle,Quiscalus quiscula,L504403,John Heinz NWR--impoundment (Philadelphia Co.),2026-06-08 17:19:00,1,39.8893501,-75.2601457
norcar,Northern Cardinal,Cardinalis cardinalis,L504403,John Heinz NWR--impoundment (Philadelphia Co.),2026-06-08 17:19:00,2,39.8893501,-75.2601457
indbun,Indigo Bunting,Passerina cyanea,L504403,John Heinz NWR--impoundment (Philadelphia Co.),2026-06-08 17:19:00,1,39.8893501,-75.2601457
cangoo,Canada Goose,Branta canadensis,L504403,John Heinz NWR--impoundment (Philadelphia Co.),2026-06-08 13:47:00,8,39.8893501,-75.2601457
reevir1,Red-eyed Vireo,Vireo olivaceus,L504403,John Heinz NWR--impoundment (Philadelphia Co.),2026-06-08 13:47:00,1,39.8893501,-75.2601457
marwre,Marsh Wren,Cistothorus palustris,L504403,John Heinz NWR--impoundment (Philadelphia Co.),2026-06-08 13:47:00,1,39.8893501,-75.2601457
comyel,Common Yellowthroat,Geothlypis trichas,L504403,John Heinz NWR--impoundment (Philadelphia Co.),2026-06-08 13:47:00,1,39.8893501,-75.2601457
wooduc,Wood Duck,Aix sponsa,L504403,John Heinz NWR--impoundment (Philadelphia Co.),2026-06-08 10:43:00,1,39.8893501,-75.2601457
mallar3,Mallard,Anas platyrhynchos,L504403,John Heinz NWR--impoundment (Philadelphia Co.),2026-06-08 10:43:00,4,39.8893501,-75.2601457
killde,Killdeer,Charadrius vociferus,L504403,John Heinz NWR--impoundment (Philadelphia Co.),2026-06-08 10:43:00,2,39.8893501,-75.2601457
grnher,Green Heron,Butorides virescens,L504403,John Heinz NWR--impoundment (Philadelphia Co.),2026-06-08 10:43:00,2,39.8893501,-75.2601457
grbher3,Great Blue Heron,Ardea herodias,L504403,John Heinz NWR--impoundment (Philadelphia Co.),2026-06-08 10:43:00,1,39.8893501,-75.2601457
turvul,Turkey Vulture,Cathartes aura,L504403,John Heinz NWR--impoundment (Philadelphia Co.),2026-06-08 10:43:00,2,39.8893501,-75.2601457
eawvir1,Eastern Warbling Vireo,Vireo gilvus,L504403,John Heinz NWR--impoundment (Philadelphia Co.),2026-06-08 10:43:00,3,39.8893501,-75.2601457
buggna,Blue-gray Gnatcatcher,Polioptila caerulea,L504403,John Heinz NWR--impoundment (Philadelphia Co.),2026-06-08 10:43:00,1,39.8893501,-75.2601457
houwre,Northern House Wren,Troglodytes aedon,L504403,John Heinz NWR--impoundment (Philadelphia Co.),2026-06-08 10:43:00,1,39.8893501,-75.2601457
woothr,Wood Thrush,Hylocichla mustelina,L504403,John Heinz NWR--impoundment (Philadelphia Co.),2026-06-08 10:43:00,1,39.8893501,-75.2601457
sonspa,Song Sparrow,Melospiza melodia,L504403,John Heinz NWR--impoundment (Philadelphia Co.),2026-06-08 10:43:00,2,39.8893501,-75.2601457
balori,Baltimore Oriole,Icterus galbula,L504403,John Heinz NWR--impoundment (Philadelphia Co.),2026-06-08 10:43:00,2,39.8893501,-75.2601457
amered,American Redstart,Setophaga ruticilla,L504403,John Heinz NWR--impoundment (Philadelphia Co.),2026-06-08 10:43:00,1,39.8893501,-75.2601457
yelwar1,Northern Yellow Warbler,Setophaga aestiva,L504403,John Heinz NWR--impoundment (Philadelphia Co.),2026-06-08 10:43:00,6,39.8893501,-75.2601457
moudov,Mourning Dove,Zenaida macroura,L504403,John Heinz NWR--impoundment (Philadelphia Co.),2026-06-09 18:06:00,1,39.8893501,-75.2601457
rebwoo,Red-bellied Woodpecker,Melanerpes carolinus,L504403,John Heinz NWR--impoundment (Philadelphia Co.),2026-06-09 18:06:00,1,39.8893501,-75.2601457
dowwoo,Downy Woodpecker,Dryobates pubescens,L504403,John Heinz NWR--impoundment (Philadelphia Co.),2026-06-09 18:06:00,1,39.8893501,-75.2601457
reevir1,Red-eyed Vireo,Vireo olivaceus,L504403,John Heinz NWR--impoundment (Philadelphia Co.),2026-06-09 18:06:00,2,39.8893501,-75.2601457
amecro,American Crow,Corvus brachyrhynchos,L504403,John Heinz NWR--impoundment (Philadelphia Co.),2026-06-09 18:06:00,1,39.8893501,-75.2601457
barswa,Barn Swallow,Hirundo rustica,L504403,John Heinz NWR--impoundment (Philadelphia Co.),2026-06-09 18:06:00,11,39.8893501,-75.2601457
houwre,Northern House Wren,Troglodytes aedon,L504403,John Heinz NWR--impoundment (Philadelphia Co.),2026-06-09 18:06:00,1,39.8893501,-75.2601457
grycat,Gray Catbird,Dumetella carolinensis,L504403,John Heinz NWR--impoundment (Philadelphia Co.),2026-06-09 18:06:00,27,39.8893501,-75.2601457
woothr,Wood Thrush,Hylocichla mustelina,L504403,John Heinz NWR--impoundment (Philadelphia Co.),2026-06-09 18:06:00,1,39.8893501,-75.2601457
amerob,American Robin,Turdus migratorius,L504403,John Heinz NWR--impoundment (Philadelphia Co.),2026-06-09 18:06:00,1,39.8893501,-75.2601457
cedwax,Cedar Waxwing,Bombycilla cedrorum,L504403,John Heinz NWR--impoundment (Philadelphia Co.),2026-06-09 18:06:00,1,39.8893501,-75.2601457
balori,Baltimore Oriole,Icterus galbula,L504403,John Heinz NWR--impoundment (Philadelphia Co.),2026-06-09 18:06:00,1,39.8893501,-75.2601457
rewbla,Red-winged Blackbird,Agelaius phoeniceus,L504403,John Heinz NWR--impoundment (Philadelphia Co.),2026-06-09 18:06:00,2,39.8893501,-75.2601457
yelwar1,Northern Yellow Warbler,Setophaga aestiva,L504403,John Heinz NWR--impoundment (Philadelphia Co.),2026-06-09 18:06:00,1,39.8893501,-75.2601457
pinwar,Pine Warbler,Setophaga pinus,L504403,John Heinz NWR--impoundment (Philadelphia Co.),2026-06-09 18:06:00,1,39.8893501,-75.2601457
norcar,Northern Cardinal,Cardinalis cardinalis,L504403,John Heinz NWR--impoundment (Philadelphia Co.),2026-06-09 18:06:00,1,39.8893501,-75.2601457
cangoo,Canada Goose,Branta canadensis,L504403,John Heinz NWR--impoundment (Philadelphia Co.),2026-06-09 15:15:00,18,39.8893501,-75.2601457
rethaw,Red-tailed Hawk,Buteo jamaicensis,L504403,John Heinz NWR--impoundment (Philadelphia Co.),2026-06-09 15:15:00,1,39.8893501,-75.2601457
acafly,Acadian Flycatcher,Empidonax virescens,L504403,John Heinz NWR--impoundment (Philadelphia Co.),2026-06-09 15:15:00,1,39.8893501,-75.2601457
eawvir1,Eastern Warbling Vireo,Vireo gilvus,L504403,John Heinz NWR--impoundment (Philadelphia Co.),2026-06-09 15:15:00,1,39.8893501,-75.2601457
blujay,Blue Jay,Cyanocitta cristata,L504403,John Heinz NWR--impoundment (Philadelphia Co.),2026-06-09 15:15:00,1,39.8893501,-75.2601457
carwre,Carolina Wren,Thryothorus ludovicianus,L504403,John Heinz NWR--impoundment (Philadelphia Co.),2026-06-09 15:15:00,1,39.8893501,-75.2601457
normoc,Northern Mockingbird,Mimus polyglottos,L504403,John Heinz NWR--impoundment (Philadelphia Co.),2026-06-09 15:15:00,1,39.8893501,-75.2601457
houfin,House Finch,Haemorhous mexicanus,L504403,John Heinz NWR--impoundment (Philadelphia Co.),2026-06-09 15:15:00,1,39.8893501,-75.2601457
amegfi,American Goldfinch,Spinus tristis,L504403,John Heinz NWR--impoundment (Philadelphia Co.),2026-06-09 15:15:00,1,39.8893501,-75.2601457
sonspa,Song Sparrow,Melospiza melodia,L504403,John Heinz NWR--impoundment (Philadelphia Co.),2026-06-09 15:15:00,3,39.8893501,-75.2601457
bnhcow,Brown-headed Cowbird,Molothrus ater,L504403,John Heinz NWR--impoundment (Philadelphia Co.),2026-06-09 15:15:00,1,39.8893501,-75.2601457
comgra,Common Grackle,Quiscalus quiscula,L504403,John Heinz NWR--impoundment (Philadelphia Co.),2026-06-09 15:15:00,1,39.8893501,-75.2601457
comyel,Common Yellowthroat,Geothlypis trichas,L504403,John Heinz NWR--impoundment (Philadelphia Co.),2026-06-09 15:15:00,1,39.8893501,-75.2601457
indbun,Indigo Bunting,Passerina cyanea,L504403,John Heinz NWR--impoundment (Philadelphia Co.),2026-06-09 15:15:00,1,39.8893501,-75.2601457
wooduc,Wood Duck,Aix sponsa,L504403,John Heinz NWR--impoundment (Philadelphia Co.),2026-06-09 06:32:00,1,39.8893501,-75.2601457
rthhum,Ruby-throated Hummingbird,Archilochus colubris,L504403,John Heinz NWR--impoundment (Philadelphia Co.),2026-06-09 06:32:00,1,39.8893501,-75.2601457
grcfly,Great Crested Flycatcher,Myiarchus crinitus,L504403,John Heinz NWR--impoundment (Philadelphia Co.),2026-06-09 06:32:00,3,39.8893501,-75.2601457
tuftit,Tufted Titmouse,Baeolophus bicolor,L504403,John Heinz NWR--impoundment (Philadelphia Co.),2026-06-09 06:32:00,1,39.8893501,-75.2601457
buggna,Blue-gray Gnatcatcher,Polioptila caerulea,L504403,John Heinz NWR--impoundment (Philadelphia Co.),2026-06-09 06:32:00,1,39.8893501,-75.2601457
amered,American Redstart,Setophaga ruticilla,L504403,John Heinz NWR--impoundment (Philadelphia Co.),2026-06-09 06:32:00,2,39.8893501,-75.2601457
moudov,Mourning Dove,Zenaida macroura,L504403,John Heinz NWR--impoundment (Philadelphia Co.),2026-06-11 08:28:00,1,39.8893501,-75.2601457
chiswi,Chimney Swift,Chaetura pelagica,L504403,John Heinz NWR--impoundment (Philadelphia Co.),2026-06-11 08:28:00,2,39.8893501,-75.2601457
killde,Killdeer,Charadrius vociferus,L504403,John Heinz NWR--impoundment (Philadelphia Co.),2026-06-11 08:28:00,2,39.8893501,-75.2601457
osprey,Osprey,Pandion haliaetus,L504403,John Heinz NWR--impoundment (Philadelphia Co.),2026-06-11 08:28:00,1,39.8893501,-75.2601457
rebwoo,Red-bellied Woodpecker,Melanerpes carolinus,L504403,John Heinz NWR--impoundment (Philadelphia Co.),2026-06-11 08:28:00,2,39.8893501,-75.2601457
dowwoo,Downy Woodpecker,Dryobates pubescens,L504403,John Heinz NWR--impoundment (Philadelphia Co.),2026-06-11 08:28:00,1,39.8893501,-75.2601457
norfli,Northern Flicker,Colaptes auratus,L504403,John Heinz NWR--impoundment (Philadelphia Co.),2026-06-11 08:28:00,2,39.8893501,-75.2601457
acafly,Acadian Flycatcher,Empidonax virescens,L504403,John Heinz NWR--impoundment (Philadelphia Co.),2026-06-11 08:28:00,2,39.8893501,-75.2601457
grcfly,Great Crested Flycatcher,Myiarchus crinitus,L504403,John Heinz NWR--impoundment (Philadelphia Co.),2026-06-11 08:28:00,2,39.8893501,-75.2601457
eawvir1,Eastern Warbling Vireo,Vireo gilvus,L504403,John Heinz NWR--impoundment (Philadelphia Co.),2026-06-11 08:28:00,2,39.8893501,-75.2601457
reevir1,Red-eyed Vireo,Vireo olivaceus,L504403,John Heinz NWR--impoundment (Philadelphia Co.),2026-06-11 08:28:00,2,39.8893501,-75.2601457
amecro,American Crow,Corvus brachyrhynchos,L504403,John Heinz NWR--impoundment (Philadelphia Co.),2026-06-11 08:28:00,1,39.8893501,-75.2601457
comrav,Common Raven,Corvus corax,L504403,John Heinz NWR--impoundment (Philadelphia Co.),2026-06-11 08:28:00,1,39.8893501,-75.2601457
tuftit,Tufted Titmouse,Baeolophus bicolor,L504403,John Heinz NWR--impoundment (Philadelphia Co.),2026-06-11 08:28:00,1,39.8893501,-75.2601457
treswa,Tree Swallow,Tachycineta bicolor,L504403,John Heinz NWR--impoundment (Philadelphia Co.),2026-06-11 08:28:00,10,39.8893501,-75.2601457
barswa,Barn Swallow,Hirundo rustica,L504403,John Heinz NWR--impoundment (Philadelphia Co.),2026-06-11 08:28:00,20,39.8893501,-75.2601457
carwre,Carolina Wren,Thryothorus ludovicianus,L504403,John Heinz NWR--impoundment (Philadelphia Co.),2026-06-11 08:28:00,2,39.8893501,-75.2601457
grycat,Gray Catbird,Dumetella carolinensis,L504403,John Heinz NWR--impoundment (Philadelphia Co.),2026-06-11 08:28:00,20,39.8893501,-75.2601457
woothr,Wood Thrush,Hylocichla mustelina,L504403,John Heinz NWR--impoundment (Philadelphia Co.),2026-06-11 08:28:00,3,39.8893501,-75.2601457
amerob,American Robin,Turdus migratorius,L504403,John Heinz NWR--impoundment (Philadelphia Co.),2026-06-11 08:28:00,5,39.8893501,-75.2601457
amegfi,American Goldfinch,Spinus tristis,L504403,John Heinz NWR--impoundment (Philadelphia Co.),2026-06-11 08:28:00,1,39.8893501,-75.2601457
sonspa,Song Sparrow,Melospiza melodia,L504403,John Heinz NWR--impoundment (Philadelphia Co.),2026-06-11 08:28:00,2,39.8893501,-75.2601457
orcori,Orchard Oriole,Icterus spurius,L504403,John Heinz NWR--impoundment (Philadelphia Co.),2026-06-11 08:28:00,1,39.8893501,-75.2601457
balori,Baltimore Oriole,Icterus galbula,L504403,John Heinz NWR--impoundment (Philadelphia Co.),2026-06-11 08:28:00,1,39.8893501,-75.2601457
rewbla,Red-winged Blackbird,Agelaius phoeniceus,L504403,John Heinz NWR--impoundment (Philadelphia Co.),2026-06-11 08:28:00,10,39.8893501,-75.2601457
bnhcow,Brown-headed Cowbird,Molothrus ater,L504403,John Heinz NWR--impoundment (Philadelphia Co.),2026-06-11 08:28:00,2,39.8893501,-75.2601457
comyel,Common Yellowthroat,Geothlypis trichas,L504403,John Heinz NWR--impoundment (Philadelphia Co.),2026-06-11 08:28:00,2,39.8893501,-75.2601457
yelwar1,Northern Yellow Warbler,Setophaga aestiva,L504403,John Heinz NWR--impoundment (Philadelphia Co.),2026-06-11 08:28:00,7,39.8893501,-75.2601457
norcar,Northern Cardinal,Cardinalis cardinalis,L504403,John Heinz NWR--impoundment (Philadelphia Co.),2026-06-11 08:28:00,2,39.8893501,-75.2601457
indbun,Indigo Bunting,Passerina cyanea,L504403,John Heinz NWR--impoundment (Philadelphia Co.),2026-06-11 08:28:00,2,39.8893501,-75.2601457
cangoo,Canada Goose,Branta canadensis,L504403,John Heinz NWR--impoundment (Philadelphia Co.),2026-06-11 07:56:00,2,39.8893501,-75.2601457
ribgul,Ring-billed Gull,Larus delawarensis,L504403,John Heinz NWR--impoundment (Philadelphia Co.),2026-06-11 07:56:00,2,39.8893501,-75.2601457
doccor,Double-crested Cormorant,Nannopterum auritum,L504403,John Heinz NWR--impoundment (Philadelphia Co.),2026-06-11 07:56:00,12,39.8893501,-75.2601457
coohaw,Cooper's Hawk,Astur cooperii,L504403,John Heinz NWR--impoundment (Philadelphia Co.),2026-06-11 07:56:00,1,39.8893501,-75.2601457
blujay,Blue Jay,Cyanocitta cristata,L504403,John Heinz NWR--impoundment (Philadelphia Co.),2026-06-11 07:56:00,1,39.8893501,-75.2601457
houwre,Northern House Wren,Troglodytes aedon,L504403,John Heinz NWR--impoundment (Philadelphia Co.),2026-06-11 07:56:00,2,39.8893501,-75.2601457
cedwax,Cedar Waxwing,Bombycilla cedrorum,L504403,John Heinz NWR--impoundment (Philadelphia Co.),2026-06-11 07:56:00,1,39.8893501,-75.2601457
houfin,House Finch,Haemorhous mexicanus,L504403,John Heinz NWR--impoundment (Philadelphia Co.),2026-06-11 07:56:00,1,39.8893501,-75.2601457
cangoo,Canada Goose,Branta canadensis,L504403,John Heinz NWR--impoundment (Philadelphia Co.),2026-06-13 13:40:00,6,39.8893501,-75.2601457
killde,Killdeer,Charadrius vociferus,L504403,John Heinz NWR--impoundment (Philadelphia Co.),2026-06-13 13:40:00,1,39.8893501,-75.2601457
dowwoo,Downy Woodpecker,Dryobates pubescens,L504403,John Heinz NWR--impoundment (Philadelphia Co.),2026-06-13 13:40:00,1,39.8893501,-75.2601457
acafly,Acadian Flycatcher,Empidonax virescens,L504403,John Heinz NWR--impoundment (Philadelphia Co.),2026-06-13 13:40:00,1,39.8893501,-75.2601457
grcfly,Great Crested Flycatcher,Myiarchus crinitus,L504403,John Heinz NWR--impoundment (Philadelphia Co.),2026-06-13 13:40:00,1,39.8893501,-75.2601457
reevir1,Red-eyed Vireo,Vireo olivaceus,L504403,John Heinz NWR--impoundment (Philadelphia Co.),2026-06-13 13:40:00,1,39.8893501,-75.2601457
blujay,Blue Jay,Cyanocitta cristata,L504403,John Heinz NWR--impoundment (Philadelphia Co.),2026-06-13 13:40:00,2,39.8893501,-75.2601457
amecro,American Crow,Corvus brachyrhynchos,L504403,John Heinz NWR--impoundment (Philadelphia Co.),2026-06-13 13:40:00,1,39.8893501,-75.2601457
carchi,Carolina Chickadee,Poecile carolinensis,L504403,John Heinz NWR--impoundment (Philadelphia Co.),2026-06-13 13:40:00,1,39.8893501,-75.2601457
houwre,Northern House Wren,Troglodytes aedon,L504403,John Heinz NWR--impoundment (Philadelphia Co.),2026-06-13 13:40:00,2,39.8893501,-75.2601457
grycat,Gray Catbird,Dumetella carolinensis,L504403,John Heinz NWR--impoundment (Philadelphia Co.),2026-06-13 13:40:00,10,39.8893501,-75.2601457
amerob,American Robin,Turdus migratorius,L504403,John Heinz NWR--impoundment (Philadelphia Co.),2026-06-13 13:40:00,3,39.8893501,-75.2601457
rewbla,Red-winged Blackbird,Agelaius phoeniceus,L504403,John Heinz NWR--impoundment (Philadelphia Co.),2026-06-13 13:40:00,5,39.8893501,-75.2601457
comyel,Common Yellowthroat,Geothlypis trichas,L504403,John Heinz NWR--impoundment (Philadelphia Co.),2026-06-13 13:40:00,1,39.8893501,-75.2601457
yelwar1,Northern Yellow Warbler,Setophaga aestiva,L504403,John Heinz NWR--impoundment (Philadelphia Co.),2026-06-13 13:40:00,2,39.8893501,-75.2601457
norcar,Northern Cardinal,Cardinalis cardinalis,L504403,John Heinz NWR--impoundment (Philadelphia Co.),2026-06-13 13:40:00,1,39.8893501,-75.2601457
reshaw,Red-shouldered Hawk,Buteo lineatus,L504403,John Heinz NWR--impoundment (Philadelphia Co.),2026-06-13 10:14:00,1,39.8893501,-75.2601457
rebwoo,Red-bellied Woodpecker,Melanerpes carolinus,L504403,John Heinz NWR--impoundment (Philadelphia Co.),2026-06-13 10:14:00,2,39.8893501,-75.2601457
norfli,Northern Flicker,Colaptes auratus,L504403,John Heinz NWR--impoundment (Philadelphia Co.),2026-06-13 10:14:00,2,39.8893501,-75.2601457
eawpew,Eastern Wood-Pewee,Contopus virens,L504403,John Heinz NWR--impoundment (Philadelphia Co.),2026-06-13 10:14:00,1,39.8893501,-75.2601457
eawvir1,Eastern Warbling Vireo,Vireo gilvus,L504403,John Heinz NWR--impoundment (Philadelphia Co.),2026-06-13 10:14:00,1,39.8893501,-75.2601457
tuftit,Tufted Titmouse,Baeolophus bicolor,L504403,John Heinz NWR--impoundment (Philadelphia Co.),2026-06-13 10:14:00,2,39.8893501,-75.2601457
treswa,Tree Swallow,Tachycineta bicolor,L504403,John Heinz NWR--impoundment (Philadelphia Co.),2026-06-13 10:14:00,3,39.8893501,-75.2601457
barswa,Barn Swallow,Hirundo rustica,L504403,John Heinz NWR--impoundment (Philadelphia Co.),2026-06-13 10:14:00,4,39.8893501,-75.2601457
balori,Baltimore Oriole,Icterus galbula,L504403,John Heinz NWR--impoundment (Philadelphia Co.),2026-06-13 10:14:00,2,39.8893501,-75.2601457
moudov,Mourning Dove,Zenaida macroura,L504403,John Heinz NWR--impoundment (Philadelphia Co.),2026-06-13 10:12:00,1,39.8893501,-75.2601457
chiswi,Chimney Swift,Chaetura pelagica,L504403,John Heinz NWR--impoundment (Philadelphia Co.),2026-06-13 10:12:00,1,39.8893501,-75.2601457
osprey,Osprey,Pandion haliaetus,L504403,John Heinz NWR--impoundment (Philadelphia Co.),2026-06-13 10:12:00,3,39.8893501,-75.2601457
fiscro,Fish Crow,Corvus ossifragus,L504403,John Heinz NWR--impoundment (Philadelphia Co.),2026-06-13 10:12:00,2,39.8893501,-75.2601457
carwre,Carolina Wren,Thryothorus ludovicianus,L504403,John Heinz NWR--impoundment (Philadelphia Co.),2026-06-13 10:12:00,1,39.8893501,-75.2601457
eursta,European Starling,Sturnus vulgaris,L504403,John Heinz NWR--impoundment (Philadelphia Co.),2026-06-13 10:12:00,3,39.8893501,-75.2601457
normoc,Northern Mockingbird,Mimus polyglottos,L504403,John Heinz NWR--impoundment (Philadelphia Co.),2026-06-13 10:12:00,1,39.8893501,-75.2601457
amegfi,American Goldfinch,Spinus tristis,L504403,John Heinz NWR--impoundment (Philadelphia Co.),2026-06-13 10:12:00,1,39.8893501,-75.2601457
sonspa,Song Sparrow,Melospiza melodia,L504403,John Heinz NWR--impoundment (Philadelphia Co.),2026-06-13 10:12:00,2,39.8893501,-75.2601457
bnhcow,Brown-headed Cowbird,Molothrus ater,L504403,John Heinz NWR--impoundment (Philadelphia Co.),2026-06-13 10:12:00,2,39.8893501,-75.2601457
indbun,Indigo Bunting,Passerina cyanea,L504403,John Heinz NWR--impoundment (Philadelphia Co.),2026-06-13 10:12:00,3,39.8893501,-75.2601457
marwre,Marsh Wren,Cistothorus palustris,L504403,John Heinz NWR--impoundment (Philadelphia Co.),2026-06-13 08:59:00,1,39.8893501,-75.2601457
rthhum,Ruby-throated Hummingbird,Archilochus colubris,L504403,John Heinz NWR--impoundment (Philadelphia Co.),2026-06-13 08:20:00,1,39.8893501,-75.2601457
doccor,Double-crested Cormorant,Nannopterum auritum,L504403,John Heinz NWR--impoundment (Philadelphia Co.),2026-06-13 08:20:00,3,39.8893501,-75.2601457
turvul,Turkey Vulture,Cathartes aura,L504403,John Heinz NWR--impoundment (Philadelphia Co.),2026-06-13 08:20:00,1,39.8893501,-75.2601457
baleag,Bald Eagle,Haliaeetus leucocephalus,L504403,John Heinz NWR--impoundment (Philadelphia Co.),2026-06-13 08:20:00,1,39.8893501,-75.2601457
wilfly,Willow Flycatcher,Empidonax traillii,L504403,John Heinz NWR--impoundment (Philadelphia Co.),2026-06-13 08:20:00,1,39.8893501,-75.2601457
easkin,Eastern Kingbird,Tyrannus tyrannus,L504403,John Heinz NWR--impoundment (Philadelphia Co.),2026-06-13 08:20:00,1,39.8893501,-75.2601457
buggna,Blue-gray Gnatcatcher,Polioptila caerulea,L504403,John Heinz NWR--impoundment (Philadelphia Co.),2026-06-13 08:20:00,1,39.8893501,-75.2601457
cedwax,Cedar Waxwing,Bombycilla cedrorum,L504403,John Heinz NWR--impoundment (Philadelphia Co.),2026-06-13 08:20:00,2,39.8893501,-75.2601457
houfin,House Finch,Haemorhous mexicanus,L504403,John Heinz NWR--impoundment (Philadelphia Co.),2026-06-13 08:20:00,2,39.8893501,-75.2601457
comgra,Common Grackle,Quiscalus quiscula,L504403,John Heinz NWR--impoundment (Philadelphia Co.),2026-06-13 08:20:00,1,39.8893501,-75.2601457
amered,American Redstart,Setophaga ruticilla,L504403,John Heinz NWR--impoundment (Philadelphia Co.),2026-06-13 08:20:00,1,39.8893501,-75.2601457
yebcuc,Yellow-billed Cuckoo,Coccyzus americanus,L504403,John Heinz NWR--impoundment (Philadelphia Co.),2026-06-13 08:12:00,2,39.8893501,-75.2601457
coohaw,Cooper's Hawk,Astur cooperii,L504403,John Heinz NWR--impoundment (Philadelphia Co.),2026-06-13 08:12:00,1,39.8893501,-75.2601457
rethaw,Red-tailed Hawk,Buteo jamaicensis,L504403,John Heinz NWR--impoundment (Philadelphia Co.),2026-06-13 08:12:00,1,39.8893501,-75.2601457
woothr,Wood Thrush,Hylocichla mustelina,L504403,John Heinz NWR--impoundment (Philadelphia Co.),2026-06-13 08:12:00,1,39.8893501,-75.2601457
blugrb1,Blue Grosbeak,Passerina caerulea,L504403,John Heinz NWR--impoundment (Philadelphia Co.),2026-06-13 08:12:00,2,39.8893501,-75.2601457
grbher3,Great Blue Heron,Ardea herodias,L504403,John Heinz NWR--impoundment (Philadelphia Co.),2026-06-13 05:33:00,1,39.8893501,-75.2601457
nrwswa,Northern Rough-winged Swallow,Stelgidopteryx serripennis,L504403,John Heinz NWR--impoundment (Philadelphia Co.),2026-06-13 05:33:00,2,39.8893501,-75.2601457
whbnut,White-breasted Nuthatch,Sitta carolinensis,L504403,John Heinz NWR--impoundment (Philadelphia Co.),2026-06-13 05:33:00,1,39.8893501,-75.2601457
cangoo,Canada Goose,Branta canadensis,L504403,John Heinz NWR--impoundment (Philadelphia Co.),2026-06-14 08:11:00,14,39.8893501,-75.2601457
moudov,Mourning Dove,Zenaida macroura,L504403,John Heinz NWR--impoundment (Philadelphia Co.),2026-06-14 08:11:00,4,39.8893501,-75.2601457
chiswi,Chimney Swift,Chaetura pelagica,L504403,John Heinz NWR--impoundment (Philadelphia Co.),2026-06-14 08:11:00,1,39.8893501,-75.2601457
rthhum,Ruby-throated Hummingbird,Archilochus colubris,L504403,John Heinz NWR--impoundment (Philadelphia Co.),2026-06-14 08:11:00,1,39.8893501,-75.2601457
killde,Killdeer,Charadrius vociferus,L504403,John Heinz NWR--impoundment (Philadelphia Co.),2026-06-14 08:11:00,1,39.8893501,-75.2601457
turvul,Turkey Vulture,Cathartes aura,L504403,John Heinz NWR--impoundment (Philadelphia Co.),2026-06-14 08:11:00,1,39.8893501,-75.2601457
osprey,Osprey,Pandion haliaetus,L504403,John Heinz NWR--impoundment (Philadelphia Co.),2026-06-14 08:11:00,1,39.8893501,-75.2601457
rebwoo,Red-bellied Woodpecker,Melanerpes carolinus,L504403,John Heinz NWR--impoundment (Philadelphia Co.),2026-06-14 08:11:00,1,39.8893501,-75.2601457
dowwoo,Downy Woodpecker,Dryobates pubescens,L504403,John Heinz NWR--impoundment (Philadelphia Co.),2026-06-14 08:11:00,1,39.8893501,-75.2601457
norfli,Northern Flicker,Colaptes auratus,L504403,John Heinz NWR--impoundment (Philadelphia Co.),2026-06-14 08:11:00,1,39.8893501,-75.2601457
acafly,Acadian Flycatcher,Empidonax virescens,L504403,John Heinz NWR--impoundment (Philadelphia Co.),2026-06-14 08:11:00,1,39.8893501,-75.2601457
grcfly,Great Crested Flycatcher,Myiarchus crinitus,L504403,John Heinz NWR--impoundment (Philadelphia Co.),2026-06-14 08:11:00,1,39.8893501,-75.2601457
easkin,Eastern Kingbird,Tyrannus tyrannus,L504403,John Heinz NWR--impoundment (Philadelphia Co.),2026-06-14 08:11:00,1,39.8893501,-75.2601457
eawvir1,Eastern Warbling Vireo,Vireo gilvus,L504403,John Heinz NWR--impoundment (Philadelphia Co.),2026-06-14 08:11:00,1,39.8893501,-75.2601457
reevir1,Red-eyed Vireo,Vireo olivaceus,L504403,John Heinz NWR--impoundment (Philadelphia Co.),2026-06-14 08:11:00,1,39.8893501,-75.2601457
amecro,American Crow,Corvus brachyrhynchos,L504403,John Heinz NWR--impoundment (Philadelphia Co.),2026-06-14 08:11:00,1,39.8893501,-75.2601457
fiscro,Fish Crow,Corvus ossifragus,L504403,John Heinz NWR--impoundment (Philadelphia Co.),2026-06-14 08:11:00,5,39.8893501,-75.2601457
carchi,Carolina Chickadee,Poecile carolinensis,L504403,John Heinz NWR--impoundment (Philadelphia Co.),2026-06-14 08:11:00,1,39.8893501,-75.2601457
treswa,Tree Swallow,Tachycineta bicolor,L504403,John Heinz NWR--impoundment (Philadelphia Co.),2026-06-14 08:11:00,14,39.8893501,-75.2601457
barswa,Barn Swallow,Hirundo rustica,L504403,John Heinz NWR--impoundment (Philadelphia Co.),2026-06-14 08:11:00,10,39.8893501,-75.2601457
buggna,Blue-gray Gnatcatcher,Polioptila caerulea,L504403,John Heinz NWR--impoundment (Philadelphia Co.),2026-06-14 08:11:00,2,39.8893501,-75.2601457
houwre,Northern House Wren,Troglodytes aedon,L504403,John Heinz NWR--impoundment (Philadelphia Co.),2026-06-14 08:11:00,3,39.8893501,-75.2601457
carwre,Carolina Wren,Thryothorus ludovicianus,L504403,John Heinz NWR--impoundment (Philadelphia Co.),2026-06-14 08:11:00,1,39.8893501,-75.2601457
eursta,European Starling,Sturnus vulgaris,L504403,John Heinz NWR--impoundment (Philadelphia Co.),2026-06-14 08:11:00,15,39.8893501,-75.2601457
grycat,Gray Catbird,Dumetella carolinensis,L504403,John Heinz NWR--impoundment (Philadelphia Co.),2026-06-14 08:11:00,6,39.8893501,-75.2601457
amerob,American Robin,Turdus migratorius,L504403,John Heinz NWR--impoundment (Philadelphia Co.),2026-06-14 08:11:00,2,39.8893501,-75.2601457
cedwax,Cedar Waxwing,Bombycilla cedrorum,L504403,John Heinz NWR--impoundment (Philadelphia Co.),2026-06-14 08:11:00,1,39.8893501,-75.2601457
houfin,House Finch,Haemorhous mexicanus,L504403,John Heinz NWR--impoundment (Philadelphia Co.),2026-06-14 08:11:00,1,39.8893501,-75.2601457
amegfi,American Goldfinch,Spinus tristis,L504403,John Heinz NWR--impoundment (Philadelphia Co.),2026-06-14 08:11:00,2,39.8893501,-75.2601457
sonspa,Song Sparrow,Melospiza melodia,L504403,John Heinz NWR--impoundment (Philadelphia Co.),2026-06-14 08:11:00,1,39.8893501,-75.2601457
balori,Baltimore Oriole,Icterus galbula,L504403,John Heinz NWR--impoundment (Philadelphia Co.),2026-06-14 08:11:00,1,39.8893501,-75.2601457
rewbla,Red-winged Blackbird,Agelaius phoeniceus,L504403,John Heinz NWR--impoundment (Philadelphia Co.),2026-06-14 08:11:00,1,39.8893501,-75.2601457
bnhcow,Brown-headed Cowbird,Molothrus ater,L504403,John Heinz NWR--impoundment (Philadelphia Co.),2026-06-14 08:11:00,1,39.8893501,-75.2601457
comyel,Common Yellowthroat,Geothlypis trichas,L504403,John Heinz NWR--impoundment (Philadelphia Co.),2026-06-14 08:11:00,3,39.8893501,-75.2601457
amered,American Redstart,Setophaga ruticilla,L504403,John Heinz NWR--impoundment (Philadelphia Co.),2026-06-14 08:11:00,1,39.8893501,-75.2601457
yelwar1,Northern Yellow Warbler,Setophaga aestiva,L504403,John Heinz NWR--impoundment (Philadelphia Co.),2026-06-14 08:11:00,2,39.8893501,-75.2601457
norcar,Northern Cardinal,Cardinalis cardinalis,L504403,John Heinz NWR--impoundment (Philadelphia Co.),2026-06-14 08:11:00,1,39.8893501,-75.2601457
indbun,Indigo Bunting,Passerina cyanea,L504403,John Heinz NWR--impoundment (Philadelphia Co.),2026-06-14 08:11:00,1,39.8893501,-75.2601457
haiwoo,Hairy Woodpecker,Leuconotopicus villosus,L504403,John Heinz NWR--impoundment (Philadelphia Co.),2026-06-14 08:10:00,1,39.8893501,-75.2601457
blujay,Blue Jay,Cyanocitta cristata,L504403,John Heinz NWR--impoundment (Philadelphia Co.),2026-06-14 08:10:00,2,39.8893501,-75.2601457
tuftit,Tufted Titmouse,Baeolophus bicolor,L504403,John Heinz NWR--impoundment (Philadelphia Co.),2026-06-14 08:10:00,1,39.8893501,-75.2601457
woothr,Wood Thrush,Hylocichla mustelina,L504403,John Heinz NWR--impoundment (Philadelphia Co.),2026-06-14 08:10:00,1,39.8893501,-75.2601457
comgra,Common Grackle,Quiscalus quiscula,L504403,John Heinz NWR--impoundment (Philadelphia Co.),2026-06-14 08:10:00,3,39.8893501,-75.2601457
blugrb1,Blue Grosbeak,Passerina caerulea,L504403,John Heinz NWR--impoundment (Philadelphia Co.),2026-06-14 08:10:00,1,39.8893501,-75.2601457
nrwswa,Northern Rough-winged Swallow,Stelgidopteryx serripennis,L504403,John Heinz NWR--impoundment (Philadelphia Co.),2026-06-14 07:57:00,2,39.8893501,-75.2601457
marwre,Marsh Wren,Cistothorus palustris,L504403,John Heinz NWR--impoundment (Philadelphia Co.),2026-06-14 07:57:00,3,39.8893501,-75.2601457
moudov,Mourning Dove,Zenaida macroura,L504403,John Heinz NWR--impoundment (Philadelphia Co.),2026-06-15 10:12:00,1,39.8893501,-75.2601457
blkvul,Black Vulture,Coragyps atratus,L504403,John Heinz NWR--impoundment (Philadelphia Co.),2026-06-15 10:12:00,1,39.8893501,-75.2601457
turvul,Turkey Vulture,Cathartes aura,L504403,John Heinz NWR--impoundment (Philadelphia Co.),2026-06-15 10:12:00,1,39.8893501,-75.2601457
osprey,Osprey,Pandion haliaetus,L504403,John Heinz NWR--impoundment (Philadelphia Co.),2026-06-15 10:12:00,1,39.8893501,-75.2601457
rebwoo,Red-bellied Woodpecker,Melanerpes carolinus,L504403,John Heinz NWR--impoundment (Philadelphia Co.),2026-06-15 10:12:00,1,39.8893501,-75.2601457
norfli,Northern Flicker,Colaptes auratus,L504403,John Heinz NWR--impoundment (Philadelphia Co.),2026-06-15 10:12:00,1,39.8893501,-75.2601457
easkin,Eastern Kingbird,Tyrannus tyrannus,L504403,John Heinz NWR--impoundment (Philadelphia Co.),2026-06-15 10:12:00,1,39.8893501,-75.2601457
treswa,Tree Swallow,Tachycineta bicolor,L504403,John Heinz NWR--impoundment (Philadelphia Co.),2026-06-15 10:12:00,2,39.8893501,-75.2601457
barswa,Barn Swallow,Hirundo rustica,L504403,John Heinz NWR--impoundment (Philadelphia Co.),2026-06-15 10:12:00,7,39.8893501,-75.2601457
carwre,Carolina Wren,Thryothorus ludovicianus,L504403,John Heinz NWR--impoundment (Philadelphia Co.),2026-06-15 10:12:00,2,39.8893501,-75.2601457
eursta,European Starling,Sturnus vulgaris,L504403,John Heinz NWR--impoundment (Philadelphia Co.),2026-06-15 10:12:00,5,39.8893501,-75.2601457
grycat,Gray Catbird,Dumetella carolinensis,L504403,John Heinz NWR--impoundment (Philadelphia Co.),2026-06-15 10:12:00,2,39.8893501,-75.2601457
amerob,American Robin,Turdus migratorius,L504403,John Heinz NWR--impoundment (Philadelphia Co.),2026-06-15 10:12:00,2,39.8893501,-75.2601457
rewbla,Red-winged Blackbird,Agelaius phoeniceus,L504403,John Heinz NWR--impoundment (Philadelphia Co.),2026-06-15 10:12:00,4,39.8893501,-75.2601457
cangoo,Canada Goose,Branta canadensis,L504403,John Heinz NWR--impoundment (Philadelphia Co.),2026-06-15 07:41:00,5,39.8893501,-75.2601457
killde,Killdeer,Charadrius vociferus,L504403,John Heinz NWR--impoundment (Philadelphia Co.),2026-06-15 07:41:00,2,39.8893501,-75.2601457
ribgul,Ring-billed Gull,Larus delawarensis,L504403,John Heinz NWR--impoundment (Philadelphia Co.),2026-06-15 07:41:00,4,39.8893501,-75.2601457
grnher,Green Heron,Butorides virescens,L504403,John Heinz NWR--impoundment (Philadelphia Co.),2026-06-15 07:41:00,1,39.8893501,-75.2601457
grcfly,Great Crested Flycatcher,Myiarchus crinitus,L504403,John Heinz NWR--impoundment (Philadelphia Co.),2026-06-15 07:41:00,1,39.8893501,-75.2601457
eawvir1,Eastern Warbling Vireo,Vireo gilvus,L504403,John Heinz NWR--impoundment (Philadelphia Co.),2026-06-15 07:41:00,1,39.8893501,-75.2601457
houwre,Northern House Wren,Troglodytes aedon,L504403,John Heinz NWR--impoundment (Philadelphia Co.),2026-06-15 07:41:00,1,39.8893501,-75.2601457
amegfi,American Goldfinch,Spinus tristis,L504403,John Heinz NWR--impoundment (Philadelphia Co.),2026-06-15 07:41:00,2,39.8893501,-75.2601457
bnhcow,Brown-headed Cowbird,Molothrus ater,L504403,John Heinz NWR--impoundment (Philadelphia Co.),2026-06-15 07:41:00,2,39.8893501,-75.2601457
comgra,Common Grackle,Quiscalus quiscula,L504403,John Heinz NWR--impoundment (Philadelphia Co.),2026-06-15 07:41:00,1,39.8893501,-75.2601457
comyel,Common Yellowthroat,Geothlypis trichas,L504403,John Heinz NWR--impoundment (Philadelphia Co.),2026-06-15 07:41:00,2,39.8893501,-75.2601457
yelwar1,Northern Yellow Warbler,Setophaga aestiva,L504403,John Heinz NWR--impoundment (Philadelphia Co.),2026-06-15 07:41:00,1,39.8893501,-75.2601457
norcar,Northern Cardinal,Cardinalis cardinalis,L504403,John Heinz NWR--impoundment (Philadelphia Co.),2026-06-15 07:41:00,2,39.8893501,-75.2601457
moudov,Mourning Dove,Zenaida macroura,L504403,John Heinz NWR--impoundment (Philadelphia Co.),2026-06-18 07:23:00,1,39.8893501,-75.2601457
rebwoo,Red-bellied Woodpecker,Melanerpes carolinus,L504403,John Heinz NWR--impoundment (Philadelphia Co.),2026-06-18 07:23:00,1,39.8893501,-75.2601457
dowwoo,Downy Woodpecker,Dryobates pubescens,L504403,John Heinz NWR--impoundment (Philadelphia Co.),2026-06-18 07:23:00,1,39.8893501,-75.2601457
acafly,Acadian Flycatcher,Empidonax virescens,L504403,John Heinz NWR--impoundment (Philadelphia Co.),2026-06-18 07:23:00,1,39.8893501,-75.2601457
grcfly,Great Crested Flycatcher,Myiarchus crinitus,L504403,John Heinz NWR--impoundment (Philadelphia Co.),2026-06-18 07:23:00,1,39.8893501,-75.2601457
blujay,Blue Jay,Cyanocitta cristata,L504403,John Heinz NWR--impoundment (Philadelphia Co.),2026-06-18 07:23:00,1,39.8893501,-75.2601457
amecro,American Crow,Corvus brachyrhynchos,L504403,John Heinz NWR--impoundment (Philadelphia Co.),2026-06-18 07:23:00,2,39.8893501,-75.2601457
tuftit,Tufted Titmouse,Baeolophus bicolor,L504403,John Heinz NWR--impoundment (Philadelphia Co.),2026-06-18 07:23:00,1,39.8893501,-75.2601457
treswa,Tree Swallow,Tachycineta bicolor,L504403,John Heinz NWR--impoundment (Philadelphia Co.),2026-06-18 07:23:00,6,39.8893501,-75.2601457
nrwswa,Northern Rough-winged Swallow,Stelgidopteryx serripennis,L504403,John Heinz NWR--impoundment (Philadelphia Co.),2026-06-18 07:23:00,1,39.8893501,-75.2601457
barswa,Barn Swallow,Hirundo rustica,L504403,John Heinz NWR--impoundment (Philadelphia Co.),2026-06-18 07:23:00,8,39.8893501,-75.2601457
eursta,European Starling,Sturnus vulgaris,L504403,John Heinz NWR--impoundment (Philadelphia Co.),2026-06-18 07:23:00,18,39.8893501,-75.2601457
grycat,Gray Catbird,Dumetella carolinensis,L504403,John Heinz NWR--impoundment (Philadelphia Co.),2026-06-18 07:23:00,1,39.8893501,-75.2601457
houspa,House Sparrow,Passer domesticus,L504403,John Heinz NWR--impoundment (Philadelphia Co.),2026-06-18 07:23:00,1,39.8893501,-75.2601457
houfin,House Finch,Haemorhous mexicanus,L504403,John Heinz NWR--impoundment (Philadelphia Co.),2026-06-18 07:23:00,1,39.8893501,-75.2601457
amegfi,American Goldfinch,Spinus tristis,L504403,John Heinz NWR--impoundment (Philadelphia Co.),2026-06-18 07:23:00,1,39.8893501,-75.2601457
sonspa,Song Sparrow,Melospiza melodia,L504403,John Heinz NWR--impoundment (Philadelphia Co.),2026-06-18 07:23:00,1,39.8893501,-75.2601457
rewbla,Red-winged Blackbird,Agelaius phoeniceus,L504403,John Heinz NWR--impoundment (Philadelphia Co.),2026-06-18 07:23:00,3,39.8893501,-75.2601457
bnhcow,Brown-headed Cowbird,Molothrus ater,L504403,John Heinz NWR--impoundment (Philadelphia Co.),2026-06-18 07:23:00,1,39.8893501,-75.2601457
comyel,Common Yellowthroat,Geothlypis trichas,L504403,John Heinz NWR--impoundment (Philadelphia Co.),2026-06-18 07:23:00,1,39.8893501,-75.2601457
yelwar1,Northern Yellow Warbler,Setophaga aestiva,L504403,John Heinz NWR--impoundment (Philadelphia Co.),2026-06-18 07:23:00,1,39.8893501,-75.2601457
norcar,Northern Cardinal,Cardinalis cardinalis,L504403,John Heinz NWR--impoundment (Philadelphia Co.),2026-06-18 07:23:00,2,39.8893501,-75.2601457
moudov,Mourning Dove,Zenaida macroura,L504403,John Heinz NWR--impoundment (Philadelphia Co.),2026-06-19 11:46:00,1,39.8893501,-75.2601457
grnher,Green Heron,Butorides virescens,L504403,John Heinz NWR--impoundment (Philadelphia Co.),2026-06-19 11:46:00,1,39.8893501,-75.2601457
reevir1,Red-eyed Vireo,Vireo olivaceus,L504403,John Heinz NWR--impoundment (Philadelphia Co.),2026-06-19 11:46:00,1,39.8893501,-75.2601457
treswa,Tree Swallow,Tachycineta bicolor,L504403,John Heinz NWR--impoundment (Philadelphia Co.),2026-06-19 11:46:00,11,39.8893501,-75.2601457
barswa,Barn Swallow,Hirundo rustica,L504403,John Heinz NWR--impoundment (Philadelphia Co.),2026-06-19 11:46:00,12,39.8893501,-75.2601457
carwre,Carolina Wren,Thryothorus ludovicianus,L504403,John Heinz NWR--impoundment (Philadelphia Co.),2026-06-19 11:46:00,2,39.8893501,-75.2601457
grycat,Gray Catbird,Dumetella carolinensis,L504403,John Heinz NWR--impoundment (Philadelphia Co.),2026-06-19 11:46:00,16,39.8893501,-75.2601457
amerob,American Robin,Turdus migratorius,L504403,John Heinz NWR--impoundment (Philadelphia Co.),2026-06-19 11:46:00,5,39.8893501,-75.2601457
rewbla,Red-winged Blackbird,Agelaius phoeniceus,L504403,John Heinz NWR--impoundment (Philadelphia Co.),2026-06-19 11:46:00,12,39.8893501,-75.2601457
comyel,Common Yellowthroat,Geothlypis trichas,L504403,John Heinz NWR--impoundment (Philadelphia Co.),2026-06-19 11:46:00,2,39.8893501,-75.2601457
norcar,Northern Cardinal,Cardinalis cardinalis,L504403,John Heinz NWR--impoundment (Philadelphia Co.),2026-06-19 11:46:00,3,39.8893501,-75.2601457
cangoo,Canada Goose,Branta canadensis,L504403,John Heinz NWR--impoundment (Philadelphia Co.),2026-06-19 09:42:00,2,39.8893501,-75.2601457
rocpig,Rock Pigeon,Columba livia,L504403,John Heinz NWR--impoundment (Philadelphia Co.),2026-06-19 09:42:00,2,39.8893501,-75.2601457
chiswi,Chimney Swift,Chaetura pelagica,L504403,John Heinz NWR--impoundment (Philadelphia Co.),2026-06-19 09:42:00,2,39.8893501,-75.2601457
rthhum,Ruby-throated Hummingbird,Archilochus colubris,L504403,John Heinz NWR--impoundment (Philadelphia Co.),2026-06-19 09:42:00,1,39.8893501,-75.2601457
killde,Killdeer,Charadrius vociferus,L504403,John Heinz NWR--impoundment (Philadelphia Co.),2026-06-19 09:42:00,2,39.8893501,-75.2601457
turvul,Turkey Vulture,Cathartes aura,L504403,John Heinz NWR--impoundment (Philadelphia Co.),2026-06-19 09:42:00,2,39.8893501,-75.2601457
osprey,Osprey,Pandion haliaetus,L504403,John Heinz NWR--impoundment (Philadelphia Co.),2026-06-19 09:42:00,1,39.8893501,-75.2601457
baleag,Bald Eagle,Haliaeetus leucocephalus,L504403,John Heinz NWR--impoundment (Philadelphia Co.),2026-06-19 09:42:00,1,39.8893501,-75.2601457
rebwoo,Red-bellied Woodpecker,Melanerpes carolinus,L504403,John Heinz NWR--impoundment (Philadelphia Co.),2026-06-19 09:42:00,6,39.8893501,-75.2601457
dowwoo,Downy Woodpecker,Dryobates pubescens,L504403,John Heinz NWR--impoundment (Philadelphia Co.),2026-06-19 09:42:00,3,39.8893501,-75.2601457
norfli,Northern Flicker,Colaptes auratus,L504403,John Heinz NWR--impoundment (Philadelphia Co.),2026-06-19 09:42:00,1,39.8893501,-75.2601457
acafly,Acadian Flycatcher,Empidonax virescens,L504403,John Heinz NWR--impoundment (Philadelphia Co.),2026-06-19 09:42:00,1,39.8893501,-75.2601457
wilfly,Willow Flycatcher,Empidonax traillii,L504403,John Heinz NWR--impoundment (Philadelphia Co.),2026-06-19 09:42:00,1,39.8893501,-75.2601457
grcfly,Great Crested Flycatcher,Myiarchus crinitus,L504403,John Heinz NWR--impoundment (Philadelphia Co.),2026-06-19 09:42:00,2,39.8893501,-75.2601457
eawvir1,Eastern Warbling Vireo,Vireo gilvus,L504403,John Heinz NWR--impoundment (Philadelphia Co.),2026-06-19 09:42:00,3,39.8893501,-75.2601457
blujay,Blue Jay,Cyanocitta cristata,L504403,John Heinz NWR--impoundment (Philadelphia Co.),2026-06-19 09:42:00,2,39.8893501,-75.2601457
amecro,American Crow,Corvus brachyrhynchos,L504403,John Heinz NWR--impoundment (Philadelphia Co.),2026-06-19 09:42:00,3,39.8893501,-75.2601457
carchi,Carolina Chickadee,Poecile carolinensis,L504403,John Heinz NWR--impoundment (Philadelphia Co.),2026-06-19 09:42:00,1,39.8893501,-75.2601457
tuftit,Tufted Titmouse,Baeolophus bicolor,L504403,John Heinz NWR--impoundment (Philadelphia Co.),2026-06-19 09:42:00,4,39.8893501,-75.2601457
buggna,Blue-gray Gnatcatcher,Polioptila caerulea,L504403,John Heinz NWR--impoundment (Philadelphia Co.),2026-06-19 09:42:00,6,39.8893501,-75.2601457
houwre,Northern House Wren,Troglodytes aedon,L504403,John Heinz NWR--impoundment (Philadelphia Co.),2026-06-19 09:42:00,3,39.8893501,-75.2601457
marwre,Marsh Wren,Cistothorus palustris,L504403,John Heinz NWR--impoundment (Philadelphia Co.),2026-06-19 09:42:00,4,39.8893501,-75.2601457
eursta,European Starling,Sturnus vulgaris,L504403,John Heinz NWR--impoundment (Philadelphia Co.),2026-06-19 09:42:00,5,39.8893501,-75.2601457
woothr,Wood Thrush,Hylocichla mustelina,L504403,John Heinz NWR--impoundment (Philadelphia Co.),2026-06-19 09:42:00,6,39.8893501,-75.2601457
cedwax,Cedar Waxwing,Bombycilla cedrorum,L504403,John Heinz NWR--impoundment (Philadelphia Co.),2026-06-19 09:42:00,8,39.8893501,-75.2601457
houspa,House Sparrow,Passer domesticus,L504403,John Heinz NWR--impoundment (Philadelphia Co.),2026-06-19 09:42:00,1,39.8893501,-75.2601457
houfin,House Finch,Haemorhous mexicanus,L504403,John Heinz NWR--impoundment (Philadelphia Co.),2026-06-19 09:42:00,1,39.8893501,-75.2601457
amegfi,American Goldfinch,Spinus tristis,L504403,John Heinz NWR--impoundment (Philadelphia Co.),2026-06-19 09:42:00,1,39.8893501,-75.2601457
fiespa,Field Sparrow,Spizella pusilla,L504403,John Heinz NWR--impoundment (Philadelphia Co.),2026-06-19 09:42:00,1,39.8893501,-75.2601457
sonspa,Song Sparrow,Melospiza melodia,L504403,John Heinz NWR--impoundment (Philadelphia Co.),2026-06-19 09:42:00,9,39.8893501,-75.2601457
eastow,Eastern Towhee,Pipilo erythrophthalmus,L504403,John Heinz NWR--impoundment (Philadelphia Co.),2026-06-19 09:42:00,1,39.8893501,-75.2601457
orcori,Orchard Oriole,Icterus spurius,L504403,John Heinz NWR--impoundment (Philadelphia Co.),2026-06-19 09:42:00,2,39.8893501,-75.2601457
balori,Baltimore Oriole,Icterus galbula,L504403,John Heinz NWR--impoundment (Philadelphia Co.),2026-06-19 09:42:00,4,39.8893501,-75.2601457
bnhcow,Brown-headed Cowbird,Molothrus ater,L504403,John Heinz NWR--impoundment (Philadelphia Co.),2026-06-19 09:42:00,4,39.8893501,-75.2601457
comgra,Common Grackle,Quiscalus quiscula,L504403,John Heinz NWR--impoundment (Philadelphia Co.),2026-06-19 09:42:00,1,39.8893501,-75.2601457
amered,American Redstart,Setophaga ruticilla,L504403,John Heinz NWR--impoundment (Philadelphia Co.),2026-06-19 09:42:00,1,39.8893501,-75.2601457
yelwar1,Northern Yellow Warbler,Setophaga aestiva,L504403,John Heinz NWR--impoundment (Philadelphia Co.),2026-06-19 09:42:00,15,39.8893501,-75.2601457
indbun,Indigo Bunting,Passerina cyanea,L504403,John Heinz NWR--impoundment (Philadelphia Co.),2026-06-19 09:42:00,3,39.8893501,-75.2601457
yebcuc,Yellow-billed Cuckoo,Coccyzus americanus,L504403,John Heinz NWR--impoundment (Philadelphia Co.),2026-06-19 07:48:00,1,39.8893501,-75.2601457
cangoo,Canada Goose,Branta canadensis,L504403,John Heinz NWR--impoundment (Philadelphia Co.),2026-06-20 08:33:00,1,39.8893501,-75.2601457
mallar3,Mallard,Anas platyrhynchos,L504403,John Heinz NWR--impoundment (Philadelphia Co.),2026-06-20 08:33:00,13,39.8893501,-75.2601457
moudov,Mourning Dove,Zenaida macroura,L504403,John Heinz NWR--impoundment (Philadelphia Co.),2026-06-20 08:33:00,3,39.8893501,-75.2601457
chiswi,Chimney Swift,Chaetura pelagica,L504403,John Heinz NWR--impoundment (Philadelphia Co.),2026-06-20 08:33:00,1,39.8893501,-75.2601457
killde,Killdeer,Charadrius vociferus,L504403,John Heinz NWR--impoundment (Philadelphia Co.),2026-06-20 08:33:00,1,39.8893501,-75.2601457
turvul,Turkey Vulture,Cathartes aura,L504403,John Heinz NWR--impoundment (Philadelphia Co.),2026-06-20 08:33:00,2,39.8893501,-75.2601457
osprey,Osprey,Pandion haliaetus,L504403,John Heinz NWR--impoundment (Philadelphia Co.),2026-06-20 08:33:00,2,39.8893501,-75.2601457
rebwoo,Red-bellied Woodpecker,Melanerpes carolinus,L504403,John Heinz NWR--impoundment (Philadelphia Co.),2026-06-20 08:33:00,3,39.8893501,-75.2601457
dowwoo,Downy Woodpecker,Dryobates pubescens,L504403,John Heinz NWR--impoundment (Philadelphia Co.),2026-06-20 08:33:00,2,39.8893501,-75.2601457
norfli,Northern Flicker,Colaptes auratus,L504403,John Heinz NWR--impoundment (Philadelphia Co.),2026-06-20 08:33:00,1,39.8893501,-75.2601457
acafly,Acadian Flycatcher,Empidonax virescens,L504403,John Heinz NWR--impoundment (Philadelphia Co.),2026-06-20 08:33:00,1,39.8893501,-75.2601457
easkin,Eastern Kingbird,Tyrannus tyrannus,L504403,John Heinz NWR--impoundment (Philadelphia Co.),2026-06-20 08:33:00,1,39.8893501,-75.2601457
eawvir1,Eastern Warbling Vireo,Vireo gilvus,L504403,John Heinz NWR--impoundment (Philadelphia Co.),2026-06-20 08:33:00,4,39.8893501,-75.2601457
reevir1,Red-eyed Vireo,Vireo olivaceus,L504403,John Heinz NWR--impoundment (Philadelphia Co.),2026-06-20 08:33:00,1,39.8893501,-75.2601457
blujay,Blue Jay,Cyanocitta cristata,L504403,John Heinz NWR--impoundment (Philadelphia Co.),2026-06-20 08:33:00,2,39.8893501,-75.2601457
amecro,American Crow,Corvus brachyrhynchos,L504403,John Heinz NWR--impoundment (Philadelphia Co.),2026-06-20 08:33:00,2,39.8893501,-75.2601457
carchi,Carolina Chickadee,Poecile carolinensis,L504403,John Heinz NWR--impoundment (Philadelphia Co.),2026-06-20 08:33:00,1,39.8893501,-75.2601457
tuftit,Tufted Titmouse,Baeolophus bicolor,L504403,John Heinz NWR--impoundment (Philadelphia Co.),2026-06-20 08:33:00,1,39.8893501,-75.2601457
treswa,Tree Swallow,Tachycineta bicolor,L504403,John Heinz NWR--impoundment (Philadelphia Co.),2026-06-20 08:33:00,3,39.8893501,-75.2601457
nrwswa,Northern Rough-winged Swallow,Stelgidopteryx serripennis,L504403,John Heinz NWR--impoundment (Philadelphia Co.),2026-06-20 08:33:00,1,39.8893501,-75.2601457
barswa,Barn Swallow,Hirundo rustica,L504403,John Heinz NWR--impoundment (Philadelphia Co.),2026-06-20 08:33:00,5,39.8893501,-75.2601457
buggna,Blue-gray Gnatcatcher,Polioptila caerulea,L504403,John Heinz NWR--impoundment (Philadelphia Co.),2026-06-20 08:33:00,2,39.8893501,-75.2601457
houwre,Northern House Wren,Troglodytes aedon,L504403,John Heinz NWR--impoundment (Philadelphia Co.),2026-06-20 08:33:00,1,39.8893501,-75.2601457
carwre,Carolina Wren,Thryothorus ludovicianus,L504403,John Heinz NWR--impoundment (Philadelphia Co.),2026-06-20 08:33:00,1,39.8893501,-75.2601457
eursta,European Starling,Sturnus vulgaris,L504403,John Heinz NWR--impoundment (Philadelphia Co.),2026-06-20 08:33:00,21,39.8893501,-75.2601457
grycat,Gray Catbird,Dumetella carolinensis,L504403,John Heinz NWR--impoundment (Philadelphia Co.),2026-06-20 08:33:00,32,39.8893501,-75.2601457
woothr,Wood Thrush,Hylocichla mustelina,L504403,John Heinz NWR--impoundment (Philadelphia Co.),2026-06-20 08:33:00,6,39.8893501,-75.2601457
amerob,American Robin,Turdus migratorius,L504403,John Heinz NWR--impoundment (Philadelphia Co.),2026-06-20 08:33:00,17,39.8893501,-75.2601457
cedwax,Cedar Waxwing,Bombycilla cedrorum,L504403,John Heinz NWR--impoundment (Philadelphia Co.),2026-06-20 08:33:00,3,39.8893501,-75.2601457
amegfi,American Goldfinch,Spinus tristis,L504403,John Heinz NWR--impoundment (Philadelphia Co.),2026-06-20 08:33:00,2,39.8893501,-75.2601457
sonspa,Song Sparrow,Melospiza melodia,L504403,John Heinz NWR--impoundment (Philadelphia Co.),2026-06-20 08:33:00,3,39.8893501,-75.2601457
orcori,Orchard Oriole,Icterus spurius,L504403,John Heinz NWR--impoundment (Philadelphia Co.),2026-06-20 08:33:00,1,39.8893501,-75.2601457
balori,Baltimore Oriole,Icterus galbula,L504403,John Heinz NWR--impoundment (Philadelphia Co.),2026-06-20 08:33:00,2,39.8893501,-75.2601457
rewbla,Red-winged Blackbird,Agelaius phoeniceus,L504403,John Heinz NWR--impoundment (Philadelphia Co.),2026-06-20 08:33:00,24,39.8893501,-75.2601457
comgra,Common Grackle,Quiscalus quiscula,L504403,John Heinz NWR--impoundment (Philadelphia Co.),2026-06-20 08:33:00,2,39.8893501,-75.2601457
comyel,Common Yellowthroat,Geothlypis trichas,L504403,John Heinz NWR--impoundment (Philadelphia Co.),2026-06-20 08:33:00,7,39.8893501,-75.2601457
amered,American Redstart,Setophaga ruticilla,L504403,John Heinz NWR--impoundment (Philadelphia Co.),2026-06-20 08:33:00,1,39.8893501,-75.2601457
yelwar1,Northern Yellow Warbler,Setophaga aestiva,L504403,John Heinz NWR--impoundment (Philadelphia Co.),2026-06-20 08:33:00,10,39.8893501,-75.2601457
norcar,Northern Cardinal,Cardinalis cardinalis,L504403,John Heinz NWR--impoundment (Philadelphia Co.),2026-06-20 08:33:00,1,39.8893501,-75.2601457
indbun,Indigo Bunting,Passerina cyanea,L504403,John Heinz NWR--impoundment (Philadelphia Co.),2026-06-20 08:33:00,2,39.8893501,-75.2601457
coohaw,Cooper's Hawk,Astur cooperii,L504403,John Heinz NWR--impoundment (Philadelphia Co.),2026-06-20 08:00:00,1,39.8893501,-75.2601457
grcfly,Great Crested Flycatcher,Myiarchus crinitus,L504403,John Heinz NWR--impoundment (Philadelphia Co.),2026-06-20 08:00:00,1,39.8893501,-75.2601457
chiswi,Chimney Swift,Chaetura pelagica,L504403,John Heinz NWR--impoundment (Philadelphia Co.),2026-06-21 15:47:00,2,39.8893501,-75.2601457
grbher3,Great Blue Heron,Ardea herodias,L504403,John Heinz NWR--impoundment (Philadelphia Co.),2026-06-21 15:47:00,1,39.8893501,-75.2601457
turvul,Turkey Vulture,Cathartes aura,L504403,John Heinz NWR--impoundment (Philadelphia Co.),2026-06-21 15:47:00,2,39.8893501,-75.2601457
rebwoo,Red-bellied Woodpecker,Melanerpes carolinus,L504403,John Heinz NWR--impoundment (Philadelphia Co.),2026-06-21 15:47:00,1,39.8893501,-75.2601457
norfli,Northern Flicker,Colaptes auratus,L504403,John Heinz NWR--impoundment (Philadelphia Co.),2026-06-21 15:47:00,1,39.8893501,-75.2601457
grcfly,Great Crested Flycatcher,Myiarchus crinitus,L504403,John Heinz NWR--impoundment (Philadelphia Co.),2026-06-21 15:47:00,1,39.8893501,-75.2601457
eawvir1,Eastern Warbling Vireo,Vireo gilvus,L504403,John Heinz NWR--impoundment (Philadelphia Co.),2026-06-21 15:47:00,1,39.8893501,-75.2601457
reevir1,Red-eyed Vireo,Vireo olivaceus,L504403,John Heinz NWR--impoundment (Philadelphia Co.),2026-06-21 15:47:00,2,39.8893501,-75.2601457
blujay,Blue Jay,Cyanocitta cristata,L504403,John Heinz NWR--impoundment (Philadelphia Co.),2026-06-21 15:47:00,1,39.8893501,-75.2601457
amecro,American Crow,Corvus brachyrhynchos,L504403,John Heinz NWR--impoundment (Philadelphia Co.),2026-06-21 15:47:00,3,39.8893501,-75.2601457
treswa,Tree Swallow,Tachycineta bicolor,L504403,John Heinz NWR--impoundment (Philadelphia Co.),2026-06-21 15:47:00,10,39.8893501,-75.2601457
buggna,Blue-gray Gnatcatcher,Polioptila caerulea,L504403,John Heinz NWR--impoundment (Philadelphia Co.),2026-06-21 15:47:00,1,39.8893501,-75.2601457
houwre,Northern House Wren,Troglodytes aedon,L504403,John Heinz NWR--impoundment (Philadelphia Co.),2026-06-21 15:47:00,2,39.8893501,-75.2601457
marwre,Marsh Wren,Cistothorus palustris,L504403,John Heinz NWR--impoundment (Philadelphia Co.),2026-06-21 15:47:00,3,39.8893501,-75.2601457
carwre,Carolina Wren,Thryothorus ludovicianus,L504403,John Heinz NWR--impoundment (Philadelphia Co.),2026-06-21 15:47:00,2,39.8893501,-75.2601457
grycat,Gray Catbird,Dumetella carolinensis,L504403,John Heinz NWR--impoundment (Philadelphia Co.),2026-06-21 15:47:00,8,39.8893501,-75.2601457
woothr,Wood Thrush,Hylocichla mustelina,L504403,John Heinz NWR--impoundment (Philadelphia Co.),2026-06-21 15:47:00,1,39.8893501,-75.2601457
amerob,American Robin,Turdus migratorius,L504403,John Heinz NWR--impoundment (Philadelphia Co.),2026-06-21 15:47:00,4,39.8893501,-75.2601457
amegfi,American Goldfinch,Spinus tristis,L504403,John Heinz NWR--impoundment (Philadelphia Co.),2026-06-21 15:47:00,2,39.8893501,-75.2601457
sonspa,Song Sparrow,Melospiza melodia,L504403,John Heinz NWR--impoundment (Philadelphia Co.),2026-06-21 15:47:00,2,39.8893501,-75.2601457
rewbla,Red-winged Blackbird,Agelaius phoeniceus,L504403,John Heinz NWR--impoundment (Philadelphia Co.),2026-06-21 15:47:00,8,39.8893501,-75.2601457
comyel,Common Yellowthroat,Geothlypis trichas,L504403,John Heinz NWR--impoundment (Philadelphia Co.),2026-06-21 15:47:00,2,39.8893501,-75.2601457
amered,American Redstart,Setophaga ruticilla,L504403,John Heinz NWR--impoundment (Philadelphia Co.),2026-06-21 15:47:00,1,39.8893501,-75.2601457
yelwar1,Northern Yellow Warbler,Setophaga aestiva,L504403,John Heinz NWR--impoundment (Philadelphia Co.),2026-06-21 15:47:00,1,39.8893501,-75.2601457
norcar,Northern Cardinal,Cardinalis cardinalis,L504403,John Heinz NWR--impoundment (Philadelphia Co.),2026-06-21 15:47:00,4,39.8893501,-75.2601457
indbun,Indigo Bunting,Passerina cyanea,L504403,John Heinz NWR--impoundment (Philadelphia Co.),2026-06-21 15:47:00,2,39.8893501,-75.2601457
moudov,Mourning Dove,Zenaida macroura,L504403,John Heinz NWR--impoundment (Philadelphia Co.),2026-06-21 12:58:00,1,39.8893501,-75.2601457
acafly,Acadian Flycatcher,Empidonax virescens,L504403,John Heinz NWR--impoundment (Philadelphia Co.),2026-06-21 12:58:00,1,39.8893501,-75.2601457
barswa,Barn Swallow,Hirundo rustica,L504403,John Heinz NWR--impoundment (Philadelphia Co.),2026-06-21 12:58:00,3,39.8893501,-75.2601457
killde,Killdeer,Charadrius vociferus,L504403,John Heinz NWR--impoundment (Philadelphia Co.),2026-06-21 11:58:00,1,39.8893501,-75.2601457
grnher,Green Heron,Butorides virescens,L504403,John Heinz NWR--impoundment (Philadelphia Co.),2026-06-21 11:58:00,1,39.8893501,-75.2601457
osprey,Osprey,Pandion haliaetus,L504403,John Heinz NWR--impoundment (Philadelphia Co.),2026-06-21 11:58:00,1,39.8893501,-75.2601457
rethaw,Red-tailed Hawk,Buteo jamaicensis,L504403,John Heinz NWR--impoundment (Philadelphia Co.),2026-06-21 11:58:00,1,39.8893501,-75.2601457
haiwoo,Hairy Woodpecker,Leuconotopicus villosus,L504403,John Heinz NWR--impoundment (Philadelphia Co.),2026-06-21 11:58:00,1,39.8893501,-75.2601457
balori,Baltimore Oriole,Icterus galbula,L504403,John Heinz NWR--impoundment (Philadelphia Co.),2026-06-21 11:58:00,2,39.8893501,-75.2601457
eawpew,Eastern Wood-Pewee,Contopus virens,L504403,John Heinz NWR--impoundment (Philadelphia Co.),2026-06-21 10:31:00,1,39.8893501,-75.2601457
tuftit,Tufted Titmouse,Baeolophus bicolor,L504403,John Heinz NWR--impoundment (Philadelphia Co.),2026-06-21 10:31:00,4,39.8893501,-75.2601457
bnhcow,Brown-headed Cowbird,Molothrus ater,L504403,John Heinz NWR--impoundment (Philadelphia Co.),2026-06-21 10:31:00,1,39.8893501,-75.2601457
rebwoo,Red-bellied Woodpecker,Melanerpes carolinus,L504403,John Heinz NWR--impoundment (Philadelphia Co.),2026-06-22 09:40:00,1,39.8893501,-75.2601457
carwre,Carolina Wren,Thryothorus ludovicianus,L504403,John Heinz NWR--impoundment (Philadelphia Co.),2026-06-22 09:40:00,1,39.8893501,-75.2601457
amegfi,American Goldfinch,Spinus tristis,L504403,John Heinz NWR--impoundment (Philadelphia Co.),2026-06-22 09:40:00,1,39.8893501,-75.2601457
rewbla,Red-winged Blackbird,Agelaius phoeniceus,L504403,John Heinz NWR--impoundment (Philadelphia Co.),2026-06-22 09:40:00,2,39.8893501,-75.2601457
moudov,Mourning Dove,Zenaida macroura,L504403,John Heinz NWR--impoundment (Philadelphia Co.),2026-06-22 07:19:00,4,39.8893501,-75.2601457
killde,Killdeer,Charadrius vociferus,L504403,John Heinz NWR--impoundment (Philadelphia Co.),2026-06-22 07:19:00,1,39.8893501,-75.2601457
dowwoo,Downy Woodpecker,Dryobates pubescens,L504403,John Heinz NWR--impoundment (Philadelphia Co.),2026-06-22 07:19:00,1,39.8893501,-75.2601457
haiwoo,Hairy Woodpecker,Leuconotopicus villosus,L504403,John Heinz NWR--impoundment (Philadelphia Co.),2026-06-22 07:19:00,1,39.8893501,-75.2601457
norfli,Northern Flicker,Colaptes auratus,L504403,John Heinz NWR--impoundment (Philadelphia Co.),2026-06-22 07:19:00,2,39.8893501,-75.2601457
acafly,Acadian Flycatcher,Empidonax virescens,L504403,John Heinz NWR--impoundment (Philadelphia Co.),2026-06-22 07:19:00,2,39.8893501,-75.2601457
wilfly,Willow Flycatcher,Empidonax traillii,L504403,John Heinz NWR--impoundment (Philadelphia Co.),2026-06-22 07:19:00,1,39.8893501,-75.2601457
eawvir1,Eastern Warbling Vireo,Vireo gilvus,L504403,John Heinz NWR--impoundment (Philadelphia Co.),2026-06-22 07:19:00,2,39.8893501,-75.2601457
blujay,Blue Jay,Cyanocitta cristata,L504403,John Heinz NWR--impoundment (Philadelphia Co.),2026-06-22 07:19:00,2,39.8893501,-75.2601457
amecro,American Crow,Corvus brachyrhynchos,L504403,John Heinz NWR--impoundment (Philadelphia Co.),2026-06-22 07:19:00,2,39.8893501,-75.2601457
tuftit,Tufted Titmouse,Baeolophus bicolor,L504403,John Heinz NWR--impoundment (Philadelphia Co.),2026-06-22 07:19:00,1,39.8893501,-75.2601457
treswa,Tree Swallow,Tachycineta bicolor,L504403,John Heinz NWR--impoundment (Philadelphia Co.),2026-06-22 07:19:00,5,39.8893501,-75.2601457
barswa,Barn Swallow,Hirundo rustica,L504403,John Heinz NWR--impoundment (Philadelphia Co.),2026-06-22 07:19:00,4,39.8893501,-75.2601457
whbnut,White-breasted Nuthatch,Sitta carolinensis,L504403,John Heinz NWR--impoundment (Philadelphia Co.),2026-06-22 07:19:00,1,39.8893501,-75.2601457
buggna,Blue-gray Gnatcatcher,Polioptila caerulea,L504403,John Heinz NWR--impoundment (Philadelphia Co.),2026-06-22 07:19:00,1,39.8893501,-75.2601457
houwre,Northern House Wren,Troglodytes aedon,L504403,John Heinz NWR--impoundment (Philadelphia Co.),2026-06-22 07:19:00,1,39.8893501,-75.2601457
eursta,European Starling,Sturnus vulgaris,L504403,John Heinz NWR--impoundment (Philadelphia Co.),2026-06-22 07:19:00,1,39.8893501,-75.2601457
grycat,Gray Catbird,Dumetella carolinensis,L504403,John Heinz NWR--impoundment (Philadelphia Co.),2026-06-22 07:19:00,51,39.8893501,-75.2601457
woothr,Wood Thrush,Hylocichla mustelina,L504403,John Heinz NWR--impoundment (Philadelphia Co.),2026-06-22 07:19:00,11,39.8893501,-75.2601457
amerob,American Robin,Turdus migratorius,L504403,John Heinz NWR--impoundment (Philadelphia Co.),2026-06-22 07:19:00,24,39.8893501,-75.2601457
cedwax,Cedar Waxwing,Bombycilla cedrorum,L504403,John Heinz NWR--impoundment (Philadelphia Co.),2026-06-22 07:19:00,2,39.8893501,-75.2601457
sonspa,Song Sparrow,Melospiza melodia,L504403,John Heinz NWR--impoundment (Philadelphia Co.),2026-06-22 07:19:00,9,39.8893501,-75.2601457
balori,Baltimore Oriole,Icterus galbula,L504403,John Heinz NWR--impoundment (Philadelphia Co.),2026-06-22 07:19:00,1,39.8893501,-75.2601457
comgra,Common Grackle,Quiscalus quiscula,L504403,John Heinz NWR--impoundment (Philadelphia Co.),2026-06-22 07:19:00,1,39.8893501,-75.2601457
comyel,Common Yellowthroat,Geothlypis trichas,L504403,John Heinz NWR--impoundment (Philadelphia Co.),2026-06-22 07:19:00,13,39.8893501,-75.2601457
amered,American Redstart,Setophaga ruticilla,L504403,John Heinz NWR--impoundment (Philadelphia Co.),2026-06-22 07:19:00,1,39.8893501,-75.2601457
yelwar1,Northern Yellow Warbler,Setophaga aestiva,L504403,John Heinz NWR--impoundment (Philadelphia Co.),2026-06-22 07:19:00,8,39.8893501,-75.2601457
norcar,Northern Cardinal,Cardinalis cardinalis,L504403,John Heinz NWR--impoundment (Philadelphia Co.),2026-06-22 07:19:00,3,39.8893501,-75.2601457
chiswi,Chimney Swift,Chaetura pelagica,L504403,John Heinz NWR--impoundment (Philadelphia Co.),2026-06-25 14:56:00,12,39.8893501,-75.2601457
osprey,Osprey,Pandion haliaetus,L504403,John Heinz NWR--impoundment (Philadelphia Co.),2026-06-25 14:56:00,1,39.8893501,-75.2601457
rebwoo,Red-bellied Woodpecker,Melanerpes carolinus,L504403,John Heinz NWR--impoundment (Philadelphia Co.),2026-06-25 14:56:00,1,39.8893501,-75.2601457
norfli,Northern Flicker,Colaptes auratus,L504403,John Heinz NWR--impoundment (Philadelphia Co.),2026-06-25 14:56:00,1,39.8893501,-75.2601457
reevir1,Red-eyed Vireo,Vireo olivaceus,L504403,John Heinz NWR--impoundment (Philadelphia Co.),2026-06-25 14:56:00,1,39.8893501,-75.2601457
tuftit,Tufted Titmouse,Baeolophus bicolor,L504403,John Heinz NWR--impoundment (Philadelphia Co.),2026-06-25 14:56:00,1,39.8893501,-75.2601457
barswa,Barn Swallow,Hirundo rustica,L504403,John Heinz NWR--impoundment (Philadelphia Co.),2026-06-25 14:56:00,7,39.8893501,-75.2601457
buggna,Blue-gray Gnatcatcher,Polioptila caerulea,L504403,John Heinz NWR--impoundment (Philadelphia Co.),2026-06-25 14:56:00,1,39.8893501,-75.2601457
houwre,Northern House Wren,Troglodytes aedon,L504403,John Heinz NWR--impoundment (Philadelphia Co.),2026-06-25 14:56:00,1,39.8893501,-75.2601457
carwre,Carolina Wren,Thryothorus ludovicianus,L504403,John Heinz NWR--impoundment (Philadelphia Co.),2026-06-25 14:56:00,1,39.8893501,-75.2601457
amerob,American Robin,Turdus migratorius,L504403,John Heinz NWR--impoundment (Philadelphia Co.),2026-06-25 14:56:00,2,39.8893501,-75.2601457
houspa,House Sparrow,Passer domesticus,L504403,John Heinz NWR--impoundment (Philadelphia Co.),2026-06-25 14:56:00,1,39.8893501,-75.2601457
amegfi,American Goldfinch,Spinus tristis,L504403,John Heinz NWR--impoundment (Philadelphia Co.),2026-06-25 14:56:00,1,39.8893501,-75.2601457
rewbla,Red-winged Blackbird,Agelaius phoeniceus,L504403,John Heinz NWR--impoundment (Philadelphia Co.),2026-06-25 14:56:00,5,39.8893501,-75.2601457
comyel,Common Yellowthroat,Geothlypis trichas,L504403,John Heinz NWR--impoundment (Philadelphia Co.),2026-06-25 14:56:00,1,39.8893501,-75.2601457
norcar,Northern Cardinal,Cardinalis cardinalis,L504403,John Heinz NWR--impoundment (Philadelphia Co.),2026-06-25 14:56:00,1,39.8893501,-75.2601457
indbun,Indigo Bunting,Passerina cyanea,L504403,John Heinz NWR--impoundment (Philadelphia Co.),2026-06-25 14:56:00,1,39.8893501,-75.2601457
moudov,Mourning Dove,Zenaida macroura,L504403,John Heinz NWR--impoundment (Philadelphia Co.),2026-06-25 06:32:00,1,39.8893501,-75.2601457
amecro,American Crow,Corvus brachyrhynchos,L504403,John Heinz NWR--impoundment (Philadelphia Co.),2026-06-25 06:32:00,6,39.8893501,-75.2601457
treswa,Tree Swallow,Tachycineta bicolor,L504403,John Heinz NWR--impoundment (Philadelphia Co.),2026-06-25 06:32:00,6,39.8893501,-75.2601457
grycat,Gray Catbird,Dumetella carolinensis,L504403,John Heinz NWR--impoundment (Philadelphia Co.),2026-06-25 06:32:00,16,39.8893501,-75.2601457
sonspa,Song Sparrow,Melospiza melodia,L504403,John Heinz NWR--impoundment (Philadelphia Co.),2026-06-25 06:32:00,2,39.8893501,-75.2601457
rebwoo,Red-bellied Woodpecker,Melanerpes carolinus,L504403,John Heinz NWR--impoundment (Philadelphia Co.),2026-06-26 13:21:00,2,39.8893501,-75.2601457
barswa,Barn Swallow,Hirundo rustica,L504403,John Heinz NWR--impoundment (Philadelphia Co.),2026-06-26 13:21:00,2,39.8893501,-75.2601457
grycat,Gray Catbird,Dumetella carolinensis,L504403,John Heinz NWR--impoundment (Philadelphia Co.),2026-06-26 13:21:00,2,39.8893501,-75.2601457
amerob,American Robin,Turdus migratorius,L504403,John Heinz NWR--impoundment (Philadelphia Co.),2026-06-26 13:21:00,3,39.8893501,-75.2601457
amegfi,American Goldfinch,Spinus tristis,L504403,John Heinz NWR--impoundment (Philadelphia Co.),2026-06-26 13:21:00,2,39.8893501,-75.2601457
rewbla,Red-winged Blackbird,Agelaius phoeniceus,L504403,John Heinz NWR--impoundment (Philadelphia Co.),2026-06-26 13:21:00,2,39.8893501,-75.2601457
norcar,Northern Cardinal,Cardinalis cardinalis,L504403,John Heinz NWR--impoundment (Philadelphia Co.),2026-06-26 13:21:00,1,39.8893501,-75.2601457
moudov,Mourning Dove,Zenaida macroura,L504403,John Heinz NWR--impoundment (Philadelphia Co.),2026-06-26 10:03:00,1,39.8893501,-75.2601457
grbher3,Great Blue Heron,Ardea herodias,L504403,John Heinz NWR--impoundment (Philadelphia Co.),2026-06-26 10:03:00,1,39.8893501,-75.2601457
osprey,Osprey,Pandion haliaetus,L504403,John Heinz NWR--impoundment (Philadelphia Co.),2026-06-26 10:03:00,1,39.8893501,-75.2601457
easkin,Eastern Kingbird,Tyrannus tyrannus,L504403,John Heinz NWR--impoundment (Philadelphia Co.),2026-06-26 10:03:00,1,39.8893501,-75.2601457
amecro,American Crow,Corvus brachyrhynchos,L504403,John Heinz NWR--impoundment (Philadelphia Co.),2026-06-26 10:03:00,4,39.8893501,-75.2601457
carchi,Carolina Chickadee,Poecile carolinensis,L504403,John Heinz NWR--impoundment (Philadelphia Co.),2026-06-26 10:03:00,1,39.8893501,-75.2601457
treswa,Tree Swallow,Tachycineta bicolor,L504403,John Heinz NWR--impoundment (Philadelphia Co.),2026-06-26 10:03:00,3,39.8893501,-75.2601457
whbnut,White-breasted Nuthatch,Sitta carolinensis,L504403,John Heinz NWR--impoundment (Philadelphia Co.),2026-06-26 10:03:00,2,39.8893501,-75.2601457
houwre,Northern House Wren,Troglodytes aedon,L504403,John Heinz NWR--impoundment (Philadelphia Co.),2026-06-26 10:03:00,1,39.8893501,-75.2601457
comyel,Common Yellowthroat,Geothlypis trichas,L504403,John Heinz NWR--impoundment (Philadelphia Co.),2026-06-26 10:03:00,1,39.8893501,-75.2601457
indbun,Indigo Bunting,Passerina cyanea,L504403,John Heinz NWR--impoundment (Philadelphia Co.),2026-06-26 10:03:00,2,39.8893501,-75.2601457
mallar3,Mallard,Anas platyrhynchos,L504403,John Heinz NWR--impoundment (Philadelphia Co.),2026-06-27 16:30:00,3,39.8893501,-75.2601457
norfli,Northern Flicker,Colaptes auratus,L504403,John Heinz NWR--impoundment (Philadelphia Co.),2026-06-27 16:30:00,3,39.8893501,-75.2601457
marwre,Marsh Wren,Cistothorus palustris,L504403,John Heinz NWR--impoundment (Philadelphia Co.),2026-06-27 16:30:00,1,39.8893501,-75.2601457
woothr,Wood Thrush,Hylocichla mustelina,L504403,John Heinz NWR--impoundment (Philadelphia Co.),2026-06-27 16:30:00,1,39.8893501,-75.2601457
houfin,House Finch,Haemorhous mexicanus,L504403,John Heinz NWR--impoundment (Philadelphia Co.),2026-06-27 16:30:00,2,39.8893501,-75.2601457
norcar,Northern Cardinal,Cardinalis cardinalis,L504403,John Heinz NWR--impoundment (Philadelphia Co.),2026-06-27 16:30:00,2,39.8893501,-75.2601457
cangoo,Canada Goose,Branta canadensis,L504403,John Heinz NWR--impoundment (Philadelphia Co.),2026-06-27 08:00:00,2,39.8893501,-75.2601457
moudov,Mourning Dove,Zenaida macroura,L504403,John Heinz NWR--impoundment (Philadelphia Co.),2026-06-27 08:00:00,2,39.8893501,-75.2601457
chiswi,Chimney Swift,Chaetura pelagica,L504403,John Heinz NWR--impoundment (Philadelphia Co.),2026-06-27 08:00:00,4,39.8893501,-75.2601457
rthhum,Ruby-throated Hummingbird,Archilochus colubris,L504403,John Heinz NWR--impoundment (Philadelphia Co.),2026-06-27 08:00:00,1,39.8893501,-75.2601457
grnher,Green Heron,Butorides virescens,L504403,John Heinz NWR--impoundment (Philadelphia Co.),2026-06-27 08:00:00,1,39.8893501,-75.2601457
osprey,Osprey,Pandion haliaetus,L504403,John Heinz NWR--impoundment (Philadelphia Co.),2026-06-27 08:00:00,3,39.8893501,-75.2601457
rebwoo,Red-bellied Woodpecker,Melanerpes carolinus,L504403,John Heinz NWR--impoundment (Philadelphia Co.),2026-06-27 08:00:00,2,39.8893501,-75.2601457
dowwoo,Downy Woodpecker,Dryobates pubescens,L504403,John Heinz NWR--impoundment (Philadelphia Co.),2026-06-27 08:00:00,4,39.8893501,-75.2601457
acafly,Acadian Flycatcher,Empidonax virescens,L504403,John Heinz NWR--impoundment (Philadelphia Co.),2026-06-27 08:00:00,3,39.8893501,-75.2601457
wilfly,Willow Flycatcher,Empidonax traillii,L504403,John Heinz NWR--impoundment (Philadelphia Co.),2026-06-27 08:00:00,1,39.8893501,-75.2601457
grcfly,Great Crested Flycatcher,Myiarchus crinitus,L504403,John Heinz NWR--impoundment (Philadelphia Co.),2026-06-27 08:00:00,4,39.8893501,-75.2601457
easkin,Eastern Kingbird,Tyrannus tyrannus,L504403,John Heinz NWR--impoundment (Philadelphia Co.),2026-06-27 08:00:00,2,39.8893501,-75.2601457
reevir1,Red-eyed Vireo,Vireo olivaceus,L504403,John Heinz NWR--impoundment (Philadelphia Co.),2026-06-27 08:00:00,4,39.8893501,-75.2601457
blujay,Blue Jay,Cyanocitta cristata,L504403,John Heinz NWR--impoundment (Philadelphia Co.),2026-06-27 08:00:00,2,39.8893501,-75.2601457
amecro,American Crow,Corvus brachyrhynchos,L504403,John Heinz NWR--impoundment (Philadelphia Co.),2026-06-27 08:00:00,6,39.8893501,-75.2601457
fiscro,Fish Crow,Corvus ossifragus,L504403,John Heinz NWR--impoundment (Philadelphia Co.),2026-06-27 08:00:00,2,39.8893501,-75.2601457
carchi,Carolina Chickadee,Poecile carolinensis,L504403,John Heinz NWR--impoundment (Philadelphia Co.),2026-06-27 08:00:00,1,39.8893501,-75.2601457
tuftit,Tufted Titmouse,Baeolophus bicolor,L504403,John Heinz NWR--impoundment (Philadelphia Co.),2026-06-27 08:00:00,2,39.8893501,-75.2601457
treswa,Tree Swallow,Tachycineta bicolor,L504403,John Heinz NWR--impoundment (Philadelphia Co.),2026-06-27 08:00:00,15,39.8893501,-75.2601457
nrwswa,Northern Rough-winged Swallow,Stelgidopteryx serripennis,L504403,John Heinz NWR--impoundment (Philadelphia Co.),2026-06-27 08:00:00,1,39.8893501,-75.2601457
whbnut,White-breasted Nuthatch,Sitta carolinensis,L504403,John Heinz NWR--impoundment (Philadelphia Co.),2026-06-27 08:00:00,1,39.8893501,-75.2601457
buggna,Blue-gray Gnatcatcher,Polioptila caerulea,L504403,John Heinz NWR--impoundment (Philadelphia Co.),2026-06-27 08:00:00,3,39.8893501,-75.2601457
houwre,Northern House Wren,Troglodytes aedon,L504403,John Heinz NWR--impoundment (Philadelphia Co.),2026-06-27 08:00:00,4,39.8893501,-75.2601457
carwre,Carolina Wren,Thryothorus ludovicianus,L504403,John Heinz NWR--impoundment (Philadelphia Co.),2026-06-27 08:00:00,3,39.8893501,-75.2601457
eursta,European Starling,Sturnus vulgaris,L504403,John Heinz NWR--impoundment (Philadelphia Co.),2026-06-27 08:00:00,6,39.8893501,-75.2601457
grycat,Gray Catbird,Dumetella carolinensis,L504403,John Heinz NWR--impoundment (Philadelphia Co.),2026-06-27 08:00:00,32,39.8893501,-75.2601457
cedwax,Cedar Waxwing,Bombycilla cedrorum,L504403,John Heinz NWR--impoundment (Philadelphia Co.),2026-06-27 08:00:00,5,39.8893501,-75.2601457
amegfi,American Goldfinch,Spinus tristis,L504403,John Heinz NWR--impoundment (Philadelphia Co.),2026-06-27 08:00:00,4,39.8893501,-75.2601457
sonspa,Song Sparrow,Melospiza melodia,L504403,John Heinz NWR--impoundment (Philadelphia Co.),2026-06-27 08:00:00,1,39.8893501,-75.2601457
balori,Baltimore Oriole,Icterus galbula,L504403,John Heinz NWR--impoundment (Philadelphia Co.),2026-06-27 08:00:00,2,39.8893501,-75.2601457
bnhcow,Brown-headed Cowbird,Molothrus ater,L504403,John Heinz NWR--impoundment (Philadelphia Co.),2026-06-27 08:00:00,4,39.8893501,-75.2601457
comgra,Common Grackle,Quiscalus quiscula,L504403,John Heinz NWR--impoundment (Philadelphia Co.),2026-06-27 08:00:00,4,39.8893501,-75.2601457
comyel,Common Yellowthroat,Geothlypis trichas,L504403,John Heinz NWR--impoundment (Philadelphia Co.),2026-06-27 08:00:00,4,39.8893501,-75.2601457
yelwar1,Northern Yellow Warbler,Setophaga aestiva,L504403,John Heinz NWR--impoundment (Philadelphia Co.),2026-06-27 08:00:00,1,39.8893501,-75.2601457
indbun,Indigo Bunting,Passerina cyanea,L504403,John Heinz NWR--impoundment (Philadelphia Co.),2026-06-27 08:00:00,4,39.8893501,-75.2601457
eawvir1,Eastern Warbling Vireo,Vireo gilvus,L504403,John Heinz NWR--impoundment (Philadelphia Co.),2026-06-27 06:30:00,1,39.8893501,-75.2601457
chispa,Chipping Sparrow,Spizella passerina,L504403,John Heinz NWR--impoundment (Philadelphia Co.),2026-06-27 06:30:00,1,39.8893501,-75.2601457
osprey,Osprey,Pandion haliaetus,L504403,John Heinz NWR--impoundment (Philadelphia Co.),2026-06-28 11:03:00,1,39.8893501,-75.2601457
eawpew,Eastern Wood-Pewee,Contopus virens,L504403,John Heinz NWR--impoundment (Philadelphia Co.),2026-06-28 11:03:00,2,39.8893501,-75.2601457
eawvir1,Eastern Warbling Vireo,Vireo gilvus,L504403,John Heinz NWR--impoundment (Philadelphia Co.),2026-06-28 11:03:00,1,39.8893501,-75.2601457
reevir1,Red-eyed Vireo,Vireo olivaceus,L504403,John Heinz NWR--impoundment (Philadelphia Co.),2026-06-28 11:03:00,1,39.8893501,-75.2601457
blujay,Blue Jay,Cyanocitta cristata,L504403,John Heinz NWR--impoundment (Philadelphia Co.),2026-06-28 11:03:00,1,39.8893501,-75.2601457
amecro,American Crow,Corvus brachyrhynchos,L504403,John Heinz NWR--impoundment (Philadelphia Co.),2026-06-28 11:03:00,1,39.8893501,-75.2601457
tuftit,Tufted Titmouse,Baeolophus bicolor,L504403,John Heinz NWR--impoundment (Philadelphia Co.),2026-06-28 11:03:00,3,39.8893501,-75.2601457
buggna,Blue-gray Gnatcatcher,Polioptila caerulea,L504403,John Heinz NWR--impoundment (Philadelphia Co.),2026-06-28 11:03:00,1,39.8893501,-75.2601457
houwre,Northern House Wren,Troglodytes aedon,L504403,John Heinz NWR--impoundment (Philadelphia Co.),2026-06-28 11:03:00,3,39.8893501,-75.2601457
marwre,Marsh Wren,Cistothorus palustris,L504403,John Heinz NWR--impoundment (Philadelphia Co.),2026-06-28 11:03:00,2,39.8893501,-75.2601457
carwre,Carolina Wren,Thryothorus ludovicianus,L504403,John Heinz NWR--impoundment (Philadelphia Co.),2026-06-28 11:03:00,1,39.8893501,-75.2601457
grycat,Gray Catbird,Dumetella carolinensis,L504403,John Heinz NWR--impoundment (Philadelphia Co.),2026-06-28 11:03:00,2,39.8893501,-75.2601457
woothr,Wood Thrush,Hylocichla mustelina,L504403,John Heinz NWR--impoundment (Philadelphia Co.),2026-06-28 11:03:00,1,39.8893501,-75.2601457
amerob,American Robin,Turdus migratorius,L504403,John Heinz NWR--impoundment (Philadelphia Co.),2026-06-28 11:03:00,5,39.8893501,-75.2601457
rewbla,Red-winged Blackbird,Agelaius phoeniceus,L504403,John Heinz NWR--impoundment (Philadelphia Co.),2026-06-28 11:03:00,3,39.8893501,-75.2601457
bnhcow,Brown-headed Cowbird,Molothrus ater,L504403,John Heinz NWR--impoundment (Philadelphia Co.),2026-06-28 11:03:00,1,39.8893501,-75.2601457
comyel,Common Yellowthroat,Geothlypis trichas,L504403,John Heinz NWR--impoundment (Philadelphia Co.),2026-06-28 11:03:00,5,39.8893501,-75.2601457
yelwar1,Northern Yellow Warbler,Setophaga aestiva,L504403,John Heinz NWR--impoundment (Philadelphia Co.),2026-06-28 11:03:00,1,39.8893501,-75.2601457
norcar,Northern Cardinal,Cardinalis cardinalis,L504403,John Heinz NWR--impoundment (Philadelphia Co.),2026-06-28 11:03:00,2,39.8893501,-75.2601457
indbun,Indigo Bunting,Passerina cyanea,L504403,John Heinz NWR--impoundment (Philadelphia Co.),2026-06-28 11:03:00,2,39.8893501,-75.2601457
rthhum,Ruby-throated Hummingbird,Archilochus colubris,L504403,John Heinz NWR--impoundment (Philadelphia Co.),2026-06-28 10:32:00,1,39.8893501,-75.2601457
turvul,Turkey Vulture,Cathartes aura,L504403,John Heinz NWR--impoundment (Philadelphia Co.),2026-06-28 10:32:00,1,39.8893501,-75.2601457
rebwoo,Red-bellied Woodpecker,Melanerpes carolinus,L504403,John Heinz NWR--impoundment (Philadelphia Co.),2026-06-28 10:32:00,2,39.8893501,-75.2601457
dowwoo,Downy Woodpecker,Dryobates pubescens,L504403,John Heinz NWR--impoundment (Philadelphia Co.),2026-06-28 10:32:00,1,39.8893501,-75.2601457
haiwoo,Hairy Woodpecker,Leuconotopicus villosus,L504403,John Heinz NWR--impoundment (Philadelphia Co.),2026-06-28 10:32:00,2,39.8893501,-75.2601457
acafly,Acadian Flycatcher,Empidonax virescens,L504403,John Heinz NWR--impoundment (Philadelphia Co.),2026-06-28 10:32:00,1,39.8893501,-75.2601457
balori,Baltimore Oriole,Icterus galbula,L504403,John Heinz NWR--impoundment (Philadelphia Co.),2026-06-28 10:32:00,2,39.8893501,-75.2601457
moudov,Mourning Dove,Zenaida macroura,L504403,John Heinz NWR--impoundment (Philadelphia Co.),2026-06-28 08:02:00,2,39.8893501,-75.2601457
fiscro,Fish Crow,Corvus ossifragus,L504403,John Heinz NWR--impoundment (Philadelphia Co.),2026-06-28 08:02:00,1,39.8893501,-75.2601457
treswa,Tree Swallow,Tachycineta bicolor,L504403,John Heinz NWR--impoundment (Philadelphia Co.),2026-06-28 08:02:00,12,39.8893501,-75.2601457
sonspa,Song Sparrow,Melospiza melodia,L504403,John Heinz NWR--impoundment (Philadelphia Co.),2026-06-28 08:02:00,1,39.8893501,-75.2601457
sposan,Spotted Sandpiper,Actitis macularius,L504403,John Heinz NWR--impoundment (Philadelphia Co.),2026-06-28 07:15:00,1,39.8893501,-75.2601457
grbher3,Great Blue Heron,Ardea herodias,L504403,John Heinz NWR--impoundment (Philadelphia Co.),2026-06-28 07:15:00,1,39.8893501,-75.2601457
easkin,Eastern Kingbird,Tyrannus tyrannus,L504403,John Heinz NWR--impoundment (Philadelphia Co.),2026-06-28 07:15:00,2,39.8893501,-75.2601457
carchi,Carolina Chickadee,Poecile carolinensis,L504403,John Heinz NWR--impoundment (Philadelphia Co.),2026-06-28 07:15:00,2,39.8893501,-75.2601457
cedwax,Cedar Waxwing,Bombycilla cedrorum,L504403,John Heinz NWR--impoundment (Philadelphia Co.),2026-06-28 07:15:00,1,39.8893501,-75.2601457
amegfi,American Goldfinch,Spinus tristis,L504403,John Heinz NWR--impoundment (Philadelphia Co.),2026-06-28 07:15:00,1,39.8893501,-75.2601457
rthhum,Ruby-throated Hummingbird,Archilochus colubris,L504403,John Heinz NWR--impoundment (Philadelphia Co.),2026-06-29 09:47:00,1,39.8893501,-75.2601457
turvul,Turkey Vulture,Cathartes aura,L504403,John Heinz NWR--impoundment (Philadelphia Co.),2026-06-29 09:47:00,2,39.8893501,-75.2601457
osprey,Osprey,Pandion haliaetus,L504403,John Heinz NWR--impoundment (Philadelphia Co.),2026-06-29 09:47:00,1,39.8893501,-75.2601457
buggna,Blue-gray Gnatcatcher,Polioptila caerulea,L504403,John Heinz NWR--impoundment (Philadelphia Co.),2026-06-29 09:47:00,1,39.8893501,-75.2601457
marwre,Marsh Wren,Cistothorus palustris,L504403,John Heinz NWR--impoundment (Philadelphia Co.),2026-06-29 09:47:00,1,39.8893501,-75.2601457
carwre,Carolina Wren,Thryothorus ludovicianus,L504403,John Heinz NWR--impoundment (Philadelphia Co.),2026-06-29 09:47:00,1,39.8893501,-75.2601457
cedwax,Cedar Waxwing,Bombycilla cedrorum,L504403,John Heinz NWR--impoundment (Philadelphia Co.),2026-06-29 09:47:00,3,39.8893501,-75.2601457
comyel,Common Yellowthroat,Geothlypis trichas,L504403,John Heinz NWR--impoundment (Philadelphia Co.),2026-06-29 09:47:00,1,39.8893501,-75.2601457
yelwar1,Northern Yellow Warbler,Setophaga aestiva,L504403,John Heinz NWR--impoundment (Philadelphia Co.),2026-06-29 09:47:00,2,39.8893501,-75.2601457
norcar,Northern Cardinal,Cardinalis cardinalis,L504403,John Heinz NWR--impoundment (Philadelphia Co.),2026-06-29 09:47:00,1,39.8893501,-75.2601457
grycat,Gray Catbird,Dumetella carolinensis,L504403,John Heinz NWR--impoundment (Philadelphia Co.),2026-06-29 06:23:00,2,39.8893501,-75.2601457
amered,American Redstart,Setophaga ruticilla,L504403,John Heinz NWR--impoundment (Philadelphia Co.),2026-06-29 06:23:00,1,39.8893501,-75.2601457
